LAT,LON,RODOVIA,KM,LOTE
-23.16997386732025,-46.92098354551892,SP300,62,L01
-23.1729266482309,-46.93411551591773,SP300,63,L01
-23.17186908022402,-46.94343555038416,SP300,64,L01
-23.51617851220089,-46.72590985668127,SP330,11,L01
-23.50987560549065,-46.72945587357876,SP330,12,L01
-23.50803983031062,-46.73939442755347,SP330,13,L01
-23.50719614386599,-46.74907977546318,SP330,14,L01
-23.49982483287219,-46.75466150516001,SP330,15,L01
-23.494161644444,-46.75853431033335,SP330,16,L01
-23.48990681388104,-46.76705294508976,SP330,17,L01
-23.48150557191025,-46.77070687826886,SP330,18,L01
-23.47420420126139,-46.77166968775087,SP330,19,L01
-23.46824360323374,-46.77872606053005,SP330,20,L01
-23.46092919581395,-46.78142632312165,SP330,21,L01
-23.45296623624495,-46.78660821493359,SP330,22,L01
-23.4436150945521,-46.78690749573682,SP330,23,L01
-23.43431409775913,-46.78645346782,SP330,24,L01
-23.4262873829678,-46.78768532257332,SP330,25,L01
-23.4209400453711,-46.79406005333598,SP330,26,L01
-23.41609163491917,-46.80294693599439,SP330,27,L01
-23.41108042333154,-46.81122082805296,SP330,28,L01
-23.4093842742714,-46.82052603117544,SP330,29,L01
-23.40521459624696,-46.82863400912045,SP330,30,L01
-23.40104684192237,-46.83695965850322,SP330,31,L01
-23.3921263927574,-46.83541918882794,SP330,32,L01
-23.38417276632048,-46.83847938240162,SP330,33,L01
-23.37551684198975,-46.84047040556879,SP330,34,L01
-23.36884364725618,-46.84537493184612,SP330,35,L01
-23.35992192715613,-46.84842593690718,SP330,36,L01
-23.35050277695168,-46.84640098266296,SP330,37,L01
-23.34459958539547,-46.84032826674516,SP330,38,L01
-23.33702275615038,-46.83653328543359,SP330,39,L01
-23.32815138659603,-46.83915189859096,SP330,40,L01
-23.32367817752736,-46.84673169141662,SP330,41,L01
-23.31718204969229,-46.85330940991797,SP330,42,L01
-23.31017338434672,-46.85716090974131,SP330,43,L01
-23.30237314378219,-46.85681464215733,SP330,44,L01
-23.2968435055036,-46.86389377822299,SP330,45,L01
-23.28814283030161,-46.8660431173382,SP330,46,L01
-23.28241358275429,-46.8727899723079,SP330,47,L01
-23.27355798340303,-46.86931011086748,SP330,48,L01
-23.26502220979808,-46.86721116949087,SP330,49,L01
-23.25624930123802,-46.86734165423107,SP330,50,L01
-23.24795929757116,-46.86612808420516,SP330,51,L01
-23.23913907743766,-46.86916072045532,SP330,52,L01
-23.23092654245864,-46.87299007438585,SP330,53,L01
-23.22340465017104,-46.8773524819273,SP330,54,L01
-23.21638414199812,-46.88376703596822,SP330,55,L01
-23.21103574802021,-46.89176655115282,SP330,56,L01
-23.2056845673778,-46.8995339507732,SP330,57,L01
-23.19731124632743,-46.90370751043172,SP330,58,L01
-23.18853542703142,-46.90686589150806,SP330,59,L01
-23.18112033015875,-46.91151087020652,SP330,60,L01
-23.17526570355186,-46.91861833688966,SP330,61,L01
-23.16907973024714,-46.92608732947755,SP330,62,L01
-23.16162175301497,-46.9312201148883,SP330,63,L01
-23.15362375030764,-46.93542671989291,SP330,64,L01
-23.1447551371247,-46.93914203032207,SP330,65,L01
-23.13684596205849,-46.94435756229002,SP330,66,L01
-23.13036440430943,-46.95055265866331,SP330,67,L01
-23.12160167290143,-46.95441559036244,SP330,68,L01
-23.11350514516041,-46.95757783544928,SP330,69,L01
-23.10588532118365,-46.96258205764935,SP330,70,L01
-23.09765188815163,-46.96797315093565,SP330,71,L01
-23.0903014718324,-46.97283078172034,SP330,72,L01
-23.08277511012158,-46.97777616910123,SP330,73,L01
-23.0750969541454,-46.98338832948667,SP330,74,L01
-23.06830432964517,-46.98847818316342,SP330,75,L01
-23.06038907479024,-46.99448060253381,SP330,76,L01
-23.05306145113595,-46.99963067313966,SP330,77,L01
-23.04498175321611,-47.00474695934468,SP330,78,L01
-23.03723737902034,-47.00936013979739,SP330,79,L01
-23.02954798496114,-47.01264653920726,SP330,80,L01
-23.02157769032194,-47.01772726999431,SP330,81,L01
-23.01357791407404,-47.022889140828,SP330,82,L01
-23.00553484667098,-47.02779547947304,SP330,83,L01
-22.99782172746012,-47.03303746449862,SP330,84,L01
-22.99027366796902,-47.03836394164325,SP330,85,L01
-22.9827011992511,-47.04369203314391,SP330,86,L01
-22.97444876715754,-47.04863775698335,SP330,87,L01
-22.96667002460066,-47.05303893385,SP330,88,L01
-22.95894897163507,-47.05746942542563,SP330,89,L01
-22.95085146135046,-47.06204091371981,SP330,90,L01
-22.94283813638731,-47.06661855251549,SP330,91,L01
-22.93509186245767,-47.07122466519274,SP330,92,L01
-22.92962269606523,-47.07915562480154,SP330,93,L01
-22.92480866447134,-47.08688236219892,SP330,94,L01
-22.91871914413048,-47.09493357494051,SP330,95,L01
-22.91194503119187,-47.10090830599485,SP330,96,L01
-22.90462571811807,-47.10735494495958,SP330,97,L01
-22.89635981828089,-47.11065428840329,SP330,98,L01
-22.88789012035065,-47.11305041617294,SP330,99,L01
-22.88056666694994,-47.11744989383348,SP330,100,L01
-22.87396222311457,-47.12467601044646,SP330,101,L01
-22.86767249304685,-47.1317057530723,SP330,102,L01
-22.86228607579381,-47.13934766095227,SP330,103,L01
-22.85744592535298,-47.14759402522896,SP330,104,L01
-22.85193207787436,-47.15653108811422,SP330,105,L01
-22.84720723362524,-47.16341595652037,SP330,106,L01
-22.84002698470453,-47.17038144048561,SP330,107,L01
-22.83286564464046,-47.17711274040268,SP330,108,L01
-22.82737230401036,-47.18401602082901,SP330,109,L01
-22.82287775664429,-47.19249823213468,SP330,110,L01
-22.81816606880988,-47.20122410338226,SP330,111,L01
-22.81383254652341,-47.20892041282156,SP330,112,L01
-22.80711435300854,-47.21635770045397,SP330,113,L01
-22.80035739736338,-47.22217159840397,SP330,114,L01
-22.79217079799553,-47.22629229846854,SP330,115,L01
-22.78352724615454,-47.23061332645403,SP330,116,L01
-22.77514108011828,-47.23483970569246,SP330,117,L01
-22.7688870948176,-47.24136797194377,SP330,118,L01
-22.76340545278977,-47.2477563867187,SP330,119,L01
-22.75686589861814,-47.2546362233312,SP330,120,L01
-22.74961955531656,-47.2621482034473,SP330,121,L01
-22.74362193712366,-47.26841560441297,SP330,122,L01
-22.73876702665691,-47.27610076456907,SP330,123,L01
-22.73464255412773,-47.28480438318891,SP330,124,L01
-22.72827267024347,-47.29202767867018,SP330,125,L01
-22.7195664670345,-47.29466461247052,SP330,126,L01
-22.71101416406857,-47.29788805980811,SP330,127,L01
-22.70405817334628,-47.30347235629528,SP330,128,L01
-22.69678982258751,-47.30946796832563,SP330,129,L01
-22.68773373515025,-47.31089250364162,SP330,130,L01
-22.67863498557798,-47.31086027618705,SP330,131,L01
-22.67068971948668,-47.31345031945299,SP330,132,L01
-22.66320449207502,-47.31861161146895,SP330,133,L01
-22.65486596215588,-47.32312058691978,SP330,134,L01
-22.64628788554216,-47.3265642450326,SP330,135,L01
-22.63823015198199,-47.33016063377629,SP330,136,L01
-22.63094895936671,-47.33654642014798,SP330,137,L01
-22.62440373524741,-47.342626810468,SP330,138,L01
-22.61755268473341,-47.34910039059953,SP330,139,L01
-22.61087741378827,-47.35648838475537,SP330,140,L01
-22.60483363116544,-47.36224305241587,SP330,141,L01
-22.59595531431584,-47.36562995620908,SP330,142,L01
-22.58722401860973,-47.36748734343597,SP330,143,L01
-22.5781614199548,-47.36672804084264,SP330,144,L01
-22.56908010600774,-47.36603126891941,SP330,145,L01
-22.56048414751293,-47.36644277822273,SP330,146,L01
-22.55262632862208,-47.37100234924887,SP330,147,L01
-22.54532363862577,-47.37613196477437,SP330,148,L01
-22.53795431702892,-47.38124220699961,SP330,149,L01
-22.52995683920841,-47.38668535399564,SP330,150,L01
-22.5222621510304,-47.39199401334249,SP330,151,L01
-22.5137027560109,-47.39551411561974,SP330,152,L01
-22.50551367230338,-47.39904071922258,SP330,153,L01
-22.4960539888595,-47.39938848598408,SP330,154,L01
-22.48710570720316,-47.39925584580126,SP330,155,L01
-22.47809905715036,-47.39905909531022,SP330,156,L01
-22.46921464588904,-47.39902636990216,SP330,157,L01
-22.46017952850557,-47.39885812490016,SP330,158,L01
-23.507449,-46.721192,SP348,13,L01
-23.5075109508407,-46.72119164388642,SP348,14,L01
-23.50427551068686,-46.72408532494096,SP348,15,L01
-23.4966661343028,-46.73016211034854,SP348,16,L01
-23.48955044851443,-46.7360268954328,SP348,17,L01
-23.48072628451968,-46.73821608585598,SP348,18,L01
-23.47524989972802,-46.74460061991942,SP348,19,L01
-23.46690230646055,-46.75045418066432,SP348,20,L01
-23.4579232780154,-46.75316655286692,SP348,21,L01
-23.44869282915202,-46.75511089607517,SP348,22,L01
-23.43985999195965,-46.75751160280471,SP348,23,L01
-23.4318767788503,-46.76032741365037,SP348,24,L01
-23.42290117100396,-46.76109538846396,SP348,25,L01
-23.41513130186359,-46.76550875034282,SP348,26,L01
-23.40695112518414,-46.7675918128611,SP348,27,L01
-23.3980516296608,-46.7681215407696,SP348,28,L01
-23.38745768247071,-46.76915530670741,SP348,29,L01
-23.37981914051218,-46.77081615852426,SP348,30,L01
-23.37334335159657,-46.77803063396831,SP348,31,L01
-23.36557518840576,-46.78279611335236,SP348,32,L01
-23.35767322905613,-46.78665821398099,SP348,33,L01
-23.35358468877653,-46.79478301552355,SP348,34,L01
-23.35081818925369,-46.80417910314569,SP348,35,L01
-23.34703994466653,-46.81296624645697,SP348,36,L01
-23.34087883997856,-46.81940163355403,SP348,37,L01
-23.33163130922958,-46.82313247590112,SP348,38,L01
-23.32294051940751,-46.82344832834973,SP348,39,L01
-23.31417833221445,-46.82453418733513,SP348,40,L01
-23.30985495643647,-46.83298680511599,SP348,41,L01
-23.30341252928077,-46.83977048260715,SP348,42,L01
-23.29463359590721,-46.84207210939683,SP348,43,L01
-23.28811150626131,-46.84742651146098,SP348,44,L01
-23.27938844629837,-46.84845919823428,SP348,45,L01
-23.27235905197631,-46.85477479505413,SP348,46,L01
-23.26587392973498,-46.86110293884775,SP348,47,L01
-23.25896792659847,-46.86839718724508,SP348,48,L01
-23.25280460799538,-46.87238730155309,SP348,49,L01
-23.24663944919841,-46.8796339576247,SP348,50,L01
-23.23935483054872,-46.88665257231699,SP348,51,L01
-23.23230741297044,-46.89520051821122,SP348,52,L01
-23.22757446823383,-46.90146059101171,SP348,53,L01
-23.22243162200822,-46.90836493410945,SP348,54,L01
-23.2169158913559,-46.9156590593877,SP348,55,L01
-23.20972922070374,-46.92364515021831,SP348,56,L01
-23.2014568517351,-46.9276723278015,SP348,57,L01
-23.19282973813771,-46.93049873052569,SP348,58,L01
-23.18430018032455,-46.93342407583056,SP348,59,L01
-23.17606875276568,-46.93637669380784,SP348,60,L01
-23.16840191537023,-46.94139633288966,SP348,61,L01
-23.16183128802465,-46.94846387985522,SP348,62,L01
-23.15545089013672,-46.95535770581069,SP348,63,L01
-23.14837294094507,-46.96185737123011,SP348,64,L01
-23.14326336847197,-46.97012811057257,SP348,65,L01
-23.13747343842683,-46.97777259010429,SP348,66,L01
-23.12926291746212,-46.9811912859608,SP348,67,L01
-23.12282634938123,-46.98800719361708,SP348,68,L01
-23.11694480955263,-46.99468284454022,SP348,69,L01
-23.11193687600752,-47.00266467094615,SP348,70,L01
-23.10481804374652,-47.00895537200663,SP348,71,L01
-23.09778025666557,-47.01485240126566,SP348,72,L01
-23.08933685094695,-47.01841366725058,SP348,73,L01
-23.08176205377576,-47.02414795539433,SP348,74,L01
-23.07340875966311,-47.0289803732244,SP348,75,L01
-23.06614233788252,-47.03532245624611,SP348,76,L01
-23.06074968974318,-47.0410337267966,SP348,77,L01
-23.05436032344635,-47.04789787790924,SP348,78,L01
-23.04836841133728,-47.05468399716267,SP348,79,L01
-23.04239504447311,-47.0622281823401,SP348,80,L01
-23.0359216737813,-47.07029161558911,SP348,81,L01
-23.02804204736613,-47.07405515901345,SP348,82,L01
-23.01964018194974,-47.07958294229692,SP348,83,L01
-23.01302033796265,-47.08677046471956,SP348,84,L01
-23.00847564341839,-47.09322034794657,SP348,85,L01
-23.00184091445729,-47.09953881796849,SP348,86,L01
-22.99534840106127,-47.10625423380574,SP348,87,L01
-22.98763547738489,-47.11144664319469,SP348,88,L01
-22.9783242504892,-47.112104021272,SP348,89,L01
-22.97030050770548,-47.11672673327459,SP348,90,L01
-22.9631022367123,-47.12235017927508,SP348,91,L01
-22.95498726039916,-47.12566956416043,SP348,92,L01
-22.94535848764806,-47.12585540885697,SP348,93,L01
-22.93651799698188,-47.12698854022958,SP348,94,L01
-22.92842450883006,-47.12913590021838,SP348,95,L01
-22.92154652794559,-47.1341816668855,SP348,96,L01
-22.921458170029,-47.143526766055,SP348,97,L01
-22.91783775135237,-47.15272903654918,SP348,98,L01
-22.91366106794288,-47.16054045269376,SP348,99,L01
-22.91082460241143,-47.16986233969259,SP348,100,L01
-22.9120429515657,-47.17972505433436,SP348,101,L01
-22.91222578017064,-47.18988991938172,SP348,102,L01
-22.90800467131759,-47.19782962017347,SP348,103,L01
-22.90316727449541,-47.20484736597896,SP348,104,L01
-22.89881998641114,-47.21411241677561,SP348,105,L01
-22.89631805988762,-47.22394191467446,SP348,106,L01
-22.88891206642924,-47.22885586315284,SP348,107,L01
-22.88305394471704,-47.23477095283825,SP348,108,L01
-22.88099808893506,-47.24475059399515,SP348,109,L01
-22.87586716553438,-47.25207186501609,SP348,110,L01
-22.87202341107992,-47.26000279990768,SP348,111,L01
-22.87172810378397,-47.26928635749334,SP348,112,L01
-22.86832563618755,-47.27835375069371,SP348,113,L01
-22.86247291310121,-47.28539096679524,SP348,114,L01
-22.85871258022716,-47.29519983128392,SP348,115,L01
-22.85667216743928,-47.30464680122599,SP348,116,L01
-22.85481050623322,-47.31345579443119,SP348,117,L01
-22.85273414106075,-47.32261333080412,SP348,118,L01
-22.84838777549189,-47.3307418826606,SP348,119,L01
-22.84345648703698,-47.33953884542209,SP348,120,L01
-22.83844319263122,-47.34850926944101,SP348,121,L01
-22.83403207740424,-47.35628583298092,SP348,122,L01
-22.82899446438546,-47.36534289168843,SP348,123,L01
-22.82429788198614,-47.37373526295223,SP348,124,L01
-22.8185545862009,-47.3814125494689,SP348,125,L01
-22.81220406316009,-47.38815846365727,SP348,126,L01
-22.80563480321321,-47.39516348842263,SP348,127,L01
-22.80030477246571,-47.40259355355549,SP348,128,L01
-22.79552674020806,-47.41083599187203,SP348,129,L01
-22.79095248585898,-47.4188259105849,SP348,130,L01
-22.78602793966424,-47.42734688116607,SP348,131,L01
-22.7807335680681,-47.43645110527419,SP348,132,L01
-22.77567556241869,-47.44382209101082,SP348,133,L01
-22.76665543845711,-47.44567014170588,SP348,134,L01
-22.75757505969014,-47.44533451265081,SP348,135,L01
-22.74905343838572,-47.44536128019215,SP348,136,L01
-22.74193092001179,-47.45041856299916,SP348,137,L01
-22.73540424395695,-47.45824269050037,SP348,138,L01
-22.72743485517003,-47.46372479935014,SP348,139,L01
-22.71847997316443,-47.46167485141603,SP348,140,L01
-22.71026586776065,-47.45857074449231,SP348,141,L01
-22.70212585505498,-47.45535753095911,SP348,142,L01
-22.69344972805387,-47.45177801465639,SP348,143,L01
-22.68772376007637,-47.44512308852936,SP348,144,L01
-22.6806240772925,-47.44139175432815,SP348,145,L01
-22.67190173118222,-47.4456562341644,SP348,146,L01
-22.66339367668135,-47.4490736042341,SP348,147,L01
-22.65423628346322,-47.44945389049067,SP348,148,L01
-22.64532540453544,-47.4502141038865,SP348,149,L01
-22.63719178198589,-47.45352957193757,SP348,150,L01
-22.62968323386271,-47.45663560448087,SP348,151,L01
-22.62152068221359,-47.46003297289716,SP348,152,L01
-22.61230287849109,-47.46081404001736,SP348,153,L01
-22.60351889719532,-47.45751621393476,SP348,154,L01
-22.59509638242327,-47.45458267639113,SP348,155,L01
-22.58599962261948,-47.45760246836684,SP348,156,L01
-22.57711856106985,-47.45930322419179,SP348,157,L01
-22.56884856197622,-47.45722639235539,SP348,158,L01
-22.56060369461212,-47.45917066800662,SP348,159,L01
-22.55096207354605,-47.4616945550137,SP348,160,L01
-22.54216847647108,-47.45986184998218,SP348,161,L01
-22.53751060911976,-47.45126501493682,SP348,162,L01
-22.53035609677913,-47.44551454550723,SP348,163,L01
-22.52637776977401,-47.43825629975289,SP348,164,L01
-22.51888512493611,-47.43157477429964,SP348,165,L01
-22.51043935912659,-47.430283046433,SP348,166,L01
-22.50171663342287,-47.42914243518968,SP348,167,L01
-22.49316256677679,-47.42670873605866,SP348,168,L01
-22.48830741215727,-47.41867346964605,SP348,169,L01
-22.48620606109209,-47.40941116338899,SP348,170,L01
-22.4830634009247,-47.40132240775765,SP348,171,L01
-22.47630117005964,-47.39913823317396,SP348,172,L01
-22.46744368855486,-47.39917989313818,SP348,173,L01
-22.86491656197902,-47.13461298874549,SPI102/330,0,L01
-22.8725389152154,-47.13150292431199,SPI102/330,1,L01
-22.881841,-47.130636,SPI102/330,2,L01
-22.88954668448381,-47.13291705112712,SPI102/330,3,L01
-22.89876324916791,-47.1367221726772,SPI102/330,4,L01
-22.90706570497892,-47.13693012839157,SPI102/330,5,L01
-22.91566305329822,-47.1353106206569,SPI102/330,6,L01
-22.91936237493054,-47.13388202437621,SPI102/330,7,L01
-21.39108,-48.459,SP323,0,L03
-21.38301,-48.46330999999999,SP323,1,L03
-21.37477,-48.46742,SP323,2,L03
-21.36678,-48.47171,SP323,3,L03
-21.35835,-48.47588,SP323,4,L03
-21.34999,-48.48034,SP323,5,L03
-21.34175,-48.48445,SP323,6,L03
-21.33367,-48.48876,SP323,7,L03
-21.32505864005017,-48.49306651467035,SP323,8,L03
-21.317342,-48.497214,SP323,9,L03
-21.3091,-48.50135999999999,SP323,10,L03
-21.30125,-48.50557,SP323,11,L03
-21.29275200088711,-48.50981347473408,SP323,12,L03
-21.28481,-48.51412,SP323,13,L03
-21.2768,-48.51816,SP323,14,L03
-21.26896,-48.5233,SP323,15,L03
-21.26416,-48.53120000000001,SP323,16,L03
-21.25976,-48.53991,SP323,17,L03
-21.25475,-48.5479,SP323,18,L03
-21.25003,-48.55613,SP323,19,L03
-21.24299,-48.5649,SP323,20,L03
-21.23711,-48.5722,SP323,21,L03
-21.23094,-48.5794,SP323,22,L03
-21.22498,-48.58689,SP323,23,L03
-21.21889,-48.59414999999999,SP323,24,L03
-21.21293,-48.60151,SP323,25,L03
-21.20681,-48.60879000000001,SP323,26,L03
-21.20068,-48.6164,SP323,27,L03
-21.19427,-48.62307,SP323,28,L03
-21.18631,-48.62751,SP323,29,L03
-21.17819,-48.63177000000001,SP323,30,L03
-21.17024,-48.63607,SP323,31,L03
-21.16179,-48.64047000000001,SP323,32,L03
-21.15366,-48.64486000000001,SP323,33,L03
-21.14529,-48.64915,SP323,34,L03
-21.13734,-48.65358999999999,SP323,35,L03
-21.1291,-48.65783,SP323,36,L03
-21.12076,-48.66244,SP323,37,L03
-21.11256,-48.6667,SP323,38,L03
-21.10451,-48.6711,SP323,39,L03
-21.09642,-48.67521000000001,SP323,40,L03
-21.08837,-48.67977,SP323,41,L03
-21.08015,-48.68404,SP323,42,L03
-21.07206,-48.68848,SP323,43,L03
-21.06426,-48.69298,SP323,44,L03
-20.92589,-48.45487,SP326,380,L03
-20.92578,-48.45457,SP326,380,L03
-20.91749,-48.45761,SP326,381,L03
-20.91733,-48.45729,SP326,381,L03
-20.9089,-48.46042000000001,SP326,382,L03
-20.90884,-48.46003,SP326,382,L03
-20.90021,-48.46325999999999,SP326,383,L03
-20.90013,-48.46305,SP326,383,L03
-20.89129,-48.46612,SP326,384,L03
-20.89116,-48.46582,SP326,384,L03
-20.88224,-48.4691,SP326,385,L03
-20.8821,-48.46876,SP326,385,L03
-20.87345,-48.47192,SP326,386,L03
-20.87317,-48.47167000000001,SP326,386,L03
-20.86481,-48.47474,SP326,387,L03
-20.86469,-48.47442000000001,SP326,387,L03
-20.85609,-48.47759,SP326,388,L03
-20.85602,-48.477232,SP326,388,L03
-20.84754,-48.48036,SP326,389,L03
-20.84749,-48.48001000000001,SP326,389,L03
-20.83893,-48.48314999999999,SP326,390,L03
-20.83871,-48.48286,SP326,390,L03
-20.830223,-48.48598,SP326,391,L03
-20.83012,-48.48564,SP326,391,L03
-20.82152,-48.4888,SP326,392,L03
-20.82143,-48.48848,SP326,392,L03
-20.81275,-48.49166,SP326,393,L03
-20.81262,-48.49133,SP326,393,L03
-20.80393,-48.49453,SP326,394,L03
-20.80384,-48.49423,SP326,394,L03
-20.79565,-48.49719,SP326,395,L03
-20.79559,-48.49693,SP326,395,L03
-20.78704,-48.5002,SP326,396,L03
-20.78693,-48.49988,SP326,396,L03
-20.77852,-48.50341,SP326,397,L03
-20.7784,-48.50308,SP326,397,L03
-20.769959,-48.506645,SP326,398,L03
-20.76989,-48.50636,SP326,398,L03
-20.761708,-48.509729,SP326,399,L03
-20.76158,-48.50942,SP326,399,L03
-20.75318,-48.51288999999999,SP326,400,L03
-20.75303,-48.51261,SP326,400,L03
-20.744534,-48.51617900000001,SP326,401,L03
-20.74448,-48.51581,SP326,401,L03
-20.735986,-48.519363,SP326,402,L03
-20.73592,-48.51901,SP326,402,L03
-20.7274,-48.522566,SP326,403,L03
-20.72724,-48.52229,SP326,403,L03
-20.719157,-48.52568,SP326,404,L03
-20.71904,-48.52533999999999,SP326,404,L03
-20.710526,-48.528791,SP326,405,L03
-20.71046,-48.5285,SP326,405,L03
-20.70203,-48.53199,SP326,406,L03
-20.70187,-48.53170000000001,SP326,406,L03
-20.69357,-48.53527,SP326,407,L03
-20.69304,-48.53505,SP326,407,L03
-20.68444,-48.53864,SP326,408,L03
-20.68434,-48.53831999999999,SP326,408,L03
-20.67649,-48.54161,SP326,409,L03
-20.6764,-48.54131000000001,SP326,409,L03
-20.66822,-48.54473999999999,SP326,410,L03
-20.66814,-48.54441,SP326,410,L03
-20.65953,-48.54798000000001,SP326,411,L03
-20.65949,-48.54762999999999,SP326,411,L03
-20.65129,-48.55108,SP326,412,L03
-20.65117,-48.55072,SP326,412,L03
-20.6419,-48.55454000000001,SP326,413,L03
-20.64179,-48.55427,SP326,413,L03
-20.63541754739294,-48.56037434144236,SP326,414,L03
-20.63533,-48.55991,SP326,414,L03
-20.62703,-48.56355000000001,SP326,415,L03
-20.62692,-48.56323,SP326,415,L03
-20.6185,-48.56680000000001,SP326,416,L03
-20.61838,-48.56647,SP326,416,L03
-20.61004,-48.56999999999999,SP326,417,L03
-20.60998,-48.56966,SP326,417,L03
-20.6012,-48.57333000000001,SP326,418,L03
-20.60108,-48.57299999999999,SP326,418,L03
-20.59267,-48.57657,SP326,419,L03
-20.59255,-48.57623,SP326,419,L03
-20.58442,-48.57966999999999,SP326,420,L03
-20.5843,-48.57939,SP326,420,L03
-20.57579,-48.58291,SP326,421,L03
-20.57563,-48.58261000000001,SP326,421,L03
-20.56749,-48.58607,SP326,422,L03
-20.56741,-48.58572000000001,SP326,422,L03
-20.559,-48.58928000000001,SP326,423,L03
-20.55867,-48.58903999999999,SP326,423,L03
-20.54934,-48.5925,SP326,424,L03
-20.54925,-48.59216,SP326,424,L03
-20.54188,-48.59472,SP326,425,L03
-20.5418,-48.59439,SP326,425,L03
-20.53356,-48.59713,SP326,426,L03
-20.53348,-48.59686,SP326,426,L03
-20.524733,-48.599632,SP326,427,L03
-20.93561,-48.49297,SP351,156,L03
-20.94427,-48.49622,SP351,157,L03
-20.9442,-48.49653,SP351,157,L03
-20.95272,-48.49977000000001,SP351,158,L03
-20.96162,-48.50319,SP351,159,L03
-20.96944,-48.50674999999999,SP351,160,L03
-20.97738,-48.51137,SP351,161,L03
-20.9847,-48.51705,SP351,162,L03
-20.99161,-48.52211,SP351,163,L03
-20.99944,-48.52819,SP351,164,L03
-21.00701,-48.53373000000001,SP351,165,L03
-21.01111,-48.542,SP351,166,L03
-21.01442,-48.55144,SP351,167,L03
-21.01758,-48.56112,SP351,168,L03
-21.02086,-48.5704,SP351,169,L03
-21.02381,-48.57956,SP351,170,L03
-21.02695,-48.58849,SP351,171,L03
-21.02988,-48.59763,SP351,172,L03
-21.03305,-48.60648,SP351,173,L03
-21.03604,-48.61560000000001,SP351,174,L03
-21.03918,-48.62449999999999,SP351,175,L03
-21.04202,-48.63333000000001,SP351,176,L03
-21.04507,-48.64194,SP351,177,L03
-21.04807,-48.65121,SP351,178,L03
-21.05128,-48.66033,SP351,179,L03
-21.05424,-48.66939,SP351,180,L03
-21.05748,-48.67861,SP351,181,L03
-21.06044,-48.68769,SP351,182,L03
-21.06365,-48.69716,SP351,183,L03
-21.06495,-48.7062,SP351,184,L03
-21.06661,-48.71525,SP351,185,L03
-21.06813,-48.72516,SP351,186,L03
-21.06975,-48.73422,SP351,187,L03
-21.07141,-48.74493999999999,SP351,188,L03
-21.0727,-48.75202999999999,SP351,189,L03
-21.07436,-48.76277999999999,SP351,190,L03
-21.07615,-48.77283,SP351,191,L03
-21.07759,-48.78231000000001,SP351,192,L03
-21.07954,-48.79197,SP351,193,L03
-21.08052,-48.80028,SP351,194,L03
-21.08228,-48.80989,SP351,195,L03
-21.08395,-48.82073,SP351,196,L03
-21.08555,-48.8299,SP351,197,L03
-21.08694,-48.83915,SP351,198,L03
-21.08867,-48.84869,SP351,199,L03
-21.09003,-48.85787999999999,SP351,200,L03
-21.09178,-48.86771999999999,SP351,201,L03
-21.09313,-48.87689,SP351,202,L03
-21.09486,-48.88647000000001,SP351,203,L03
-21.09628,-48.89597999999999,SP351,204,L03
-21.09799,-48.90549,SP351,205,L03
-21.09934,-48.91508,SP351,206,L03
-21.10107,-48.92426999999999,SP351,207,L03
-21.10254,-48.93409,SP351,208,L03
-21.10417,-48.94328,SP351,209,L03
-21.10583600613047,-48.95346337360766,SP351,210,L03
-21.10873,-48.9621,SP351,211,L03
-21.10854,-48.96229,SP351,211,L03
-21.11244,-48.97071,SP351,212,L03
-21.11226,-48.97095999999999,SP351,212,L03
-21.11624,-48.97946,SP351,213,L03
-21.1161,-48.97962999999999,SP351,213,L03
-21.11941,-48.98686,SP351,214,L03
-21.11926,-48.98703,SP351,214,L03
-21.12319,-48.99564,SP351,215,L03
-21.12302,-48.99575,SP351,215,L03
-21.12684,-49.00423,SP351,216,L03
-21.12671,-49.00438999999999,SP351,216,L03
-21.13062,-49.01303000000001,SP351,217,L03
-21.13047,-49.01312,SP351,217,L03
-20.9311,-48.45717,SP351,392,L03
-20.93081,-48.45724999999999,SP351,392,L03
-20.931867,-48.46693299999999,SP351,393,L03
-20.93164,-48.46699,SP351,393,L03
-20.93345,-48.47663,SP351,394,L03
-20.93326,-48.47668,SP351,394,L03
-20.9343,-48.48623,SP351,395,L03
-20.93406,-48.4862,SP351,395,L03
-22.4592,-46.80800000000001,SP147,41,L06
-22.4556,-46.81739999999999,SP147,42,L06
-22.4517,-46.82520000000001,SP147,43,L06
-22.4468,-46.8323,SP147,44,L06
-22.4514,-46.8407,SP147,45,L06
-22.4508,-46.85049999999999,SP147,46,L06
-22.4531,-46.85880000000001,SP147,47,L06
-22.4529,-46.86869999999999,SP147,48,L06
-22.4503,-46.8778,SP147,49,L06
-22.4485,-46.8868,SP147,50,L06
-22.4542,-46.8943,SP147,51,L06
-22.4566,-46.9034,SP147,52,L06
-22.456,-46.91299999999999,SP147,53,L06
-22.4549,-46.9226,SP147,54,L06
-22.454,-46.9324,SP147,55,L06
-22.4529,-46.942,SP147,56,L06
-22.4518,-46.9516,SP147,57,L06
-22.4483,-46.96029999999999,SP147,58,L06
-22.4486,-46.9699,SP147,59,L06
-22.4481,-46.9798,SP147,60,L06
-22.441526,-46.98542,SP147,61,L06
-22.43763198969256,-46.98282417799273,SP147,62,L06
-22.439,-46.9909,SP147,63,L06
-22.442599,-46.999889,SP147,64,L06
-22.4453,-47.0089,SP147,65,L06
-22.445372,-47.008893,SP147,65,L06
-22.445,-47.01859999999999,SP147,66,L06
-22.4446,-47.0283,SP147,67,L06
-22.4432,-47.0379,SP147,68,L06
-22.4417,-47.04750000000001,SP147,69,L06
-22.4461,-47.0556,SP147,70,L06
-22.4501,-47.0638,SP147,71,L06
-22.4504,-47.0735,SP147,72,L06
-22.4507,-47.0833,SP147,73,L06
-22.455,-47.0919,SP147,74,L06
-22.4602,-47.09979999999999,SP147,75,L06
-22.4657,-47.1076,SP147,76,L06
-22.4699,-47.1161,SP147,77,L06
-22.4734,-47.125,SP147,78,L06
-22.4745,-47.13440000000001,SP147,79,L06
-22.4735,-47.14409999999999,SP147,80,L06
-22.4725,-47.1537,SP147,81,L06
-22.4744,-47.1631,SP147,82,L06
-22.4778,-47.1721,SP147,83,L06
-22.4813,-47.1811,SP147,84,L06
-22.482,-47.1904,SP147,85,L06
-22.4818,-47.20009999999999,SP147,86,L06
-22.483,-47.21,SP147,87,L06
-22.4872,-47.21830000000001,SP147,88,L06
-22.4886,-47.2273,SP147,89,L06
-22.4876,-47.2374,SP147,90,L06
-22.48887197013233,-47.24727849287292,SP147,91,L06
-22.4899,-47.25659999999999,SP147,92,L06
-22.4917,-47.2662,SP147,93,L06
-22.49644867434015,-47.27437743221802,SP147,94,L06
-22.501,-47.2827,SP147,95,L06
-22.5056,-47.2911,SP147,96,L06
-22.5102,-47.29950000000001,SP147,97,L06
-22.5159,-47.3077,SP147,98,L06
-22.52318001131936,-47.31359258862415,SP147,99,L06
-22.53,-47.31909999999999,SP147,100,L06
-22.5371,-47.3249,SP147,101,L06
-22.5431,-47.3312,SP147,102,L06
-22.5453,-47.3405,SP147,103,L06
-22.5468,-47.3506,SP147,104,L06
-22.5468,-47.3601,SP147,105,L06
-22.5435,-47.3691,SP147,106,L06
-22.549187,-47.378824,SP147,107,L06
-22.562015,-47.378824,SP147,111,L06
-22.5616,-47.4169,SP147,112,L06
-22.564,-47.42750000000001,SP147,113,L06
-22.5667,-47.4368,SP147,114,L06
-22.57095235912261,-47.44429617728444,SP147,115,L06
-22.5781,-47.4515,SP147,116,L06
-22.5842,-47.4564,SP147,117,L06
-22.5922,-47.4639,SP147,118,L06
-22.5982,-47.471,SP147,119,L06
-22.6062,-47.4755,SP147,120,L06
-22.6142,-47.4799,SP147,121,L06
-22.6196,-47.4876,SP147,122,L06
-22.6248,-47.4956,SP147,123,L06
-22.63,-47.50340000000001,SP147,124,L06
-22.6376,-47.5087,SP147,125,L06
-22.6463,-47.5117,SP147,126,L06
-22.6525,-47.51729999999999,SP147,127,L06
-22.659,-47.52480000000001,SP147,128,L06
-22.6639,-47.53299999999999,SP147,129,L06
-22.669,-47.5409,SP147,130,L06
-22.6691,-47.5505,SP147,131,L06
-22.6737,-47.5588,SP147,132,L06
-22.6792,-47.5665,SP147,133,L06
-22.6823,-47.57529999999999,SP147,134,L06
-22.6871,-47.5832,SP147,135,L06
-22.6934,-47.5902,SP147,136,L06
-22.6999,-47.5962,SP147,137,L06
-22.6991,-47.60569999999999,SP147,138,L06
-22.6973,-47.61520000000001,SP147,139,L06
-22.6954,-47.62409999999999,SP147,140,L06
-22.692,-47.6333,SP147,141,L06
-22.6987,-47.63960000000001,SP147,142,L06
-22.70191529077367,-47.64491076997356,SP147,143,L06
-22.444784,-47.004361,SP191,0,L06
-22.4374,-47.0101,SP191,1,L06
-22.437391,-47.010071,SP191,1,L06
-22.4324,-47.0175,SP191,2,L06
-22.4316,-47.0271,SP191,3,L06
-22.4252,-47.03349999999999,SP191,4,L06
-22.4227,-47.0426,SP191,5,L06
-22.4205,-47.0516,SP191,6,L06
-22.418,-47.06089999999999,SP191,7,L06
-22.4178,-47.0706,SP191,8,L06
-22.4121,-47.07790000000001,SP191,9,L06
-22.4055,-47.08459999999999,SP191,10,L06
-22.3995,-47.09179999999999,SP191,11,L06
-22.392,-47.09679999999999,SP191,12,L06
-22.3831,-47.0985,SP191,13,L06
-22.376,-47.10399999999999,SP191,14,L06
-22.3698,-47.1111,SP191,15,L06
-22.3629,-47.1173,SP191,16,L06
-22.3566,-47.1243,SP191,17,L06
-22.3519,-47.1325,SP191,18,L06
-22.3477,-47.141,SP191,19,L06
-22.3454,-47.1504,SP191,20,L06
-22.3468,-47.1599,SP191,21,L06
-22.3488,-47.16950000000001,SP191,22,L06
-22.3526,-47.1781,SP191,23,L06
-22.3569,-47.18669999999999,SP191,24,L06
-22.3626,-47.19420000000001,SP191,25,L06
-22.3675,-47.2022,SP191,26,L06
-22.3681,-47.2118,SP191,27,L06
-22.36870000000182,-47.22150000005031,SP191,28,L06
-22.36923331560011,-47.23072704259547,SP191,29,L06
-22.3717,-47.2405,SP191,30,L06
-22.3752,-47.2494,SP191,31,L06
-22.3787,-47.258,SP191,32,L06
-22.3848,-47.26559999999999,SP191,33,L06
-22.3892,-47.2739,SP191,34,L06
-22.3906,-47.2836,SP191,35,L06
-22.3921,-47.29300000000001,SP191,36,L06
-22.3916,-47.30269999999999,SP191,37,L06
-22.3901,-47.3124,SP191,38,L06
-22.3887,-47.3218,SP191,39,L06
-22.3874,-47.3312,SP191,40,L06
-22.3859,-47.3411,SP191,41,L06
-22.3845,-47.34980000000001,SP191,42,L06
-22.382,-47.36019999999999,SP191,43,L06
-22.3793,-47.36920000000001,SP191,44,L06
-22.3775,-47.3785,SP191,45,L06
-22.3828,-47.38509999999999,SP191,46,L06
-22.391,-47.38640000000001,SP191,47,L06
-22.394136,-47.387735,SP191,48,L06
-22.39561,-47.389148,SP191,49,L06
-22.3765,-47.3973,SP191,50,L06
-22.3777,-47.4066,SP191,51,L06
-22.3801,-47.4157,SP191,52,L06
-22.3826,-47.4253,SP191,53,L06
-22.3844,-47.4344,SP191,54,L06
-22.3827,-47.4442,SP191,55,L06
-22.3803,-47.45359999999999,SP191,56,L06
-22.3779,-47.463,SP191,57,L06
-22.3754,-47.4723,SP191,58,L06
-22.3731,-47.48100000000001,SP191,59,L06
-22.3706,-47.491,SP191,60,L06
-22.3681,-47.50040000000001,SP191,61,L06
-22.3657,-47.5097,SP191,62,L06
-22.3632,-47.519,SP191,63,L06
-22.3607,-47.5287,SP191,64,L06
-22.3583,-47.5378,SP191,65,L06
-22.3557,-47.54770000000001,SP191,66,L06
-22.3534,-47.5565,SP191,67,L06
-22.3492,-47.5648,SP191,68,L06
-22.3477,-47.5735,SP191,69,L06
-22.3535,-47.5807,SP191,70,L06
-22.3603,-47.5866,SP191,71,L06
-22.3684,-47.5937,SP191,72,L06
-22.375,-47.59950000000001,SP191,73,L06
-22.3798,-47.6073,SP191,74,L06
-21.7877,-47.0669,SP215,52,L06
-21.7945,-47.0732,SP215,53,L06
-21.7983,-47.0812,SP215,54,L06
-21.7991,-47.0909,SP215,55,L06
-21.7999,-47.10049999999999,SP215,56,L06
-21.8008,-47.11019999999999,SP215,57,L06
-21.8016,-47.1198,SP215,58,L06
-21.8024,-47.1295,SP215,59,L06
-21.8033,-47.13909999999999,SP215,60,L06
-21.8041,-47.14859999999999,SP215,61,L06
-21.8048,-47.15730000000001,SP215,62,L06
-21.8058,-47.16799999999999,SP215,63,L06
-21.8066,-47.1776,SP215,64,L06
-21.8074,-47.1875,SP215,65,L06
-21.8082,-47.1964,SP215,66,L06
-21.8091,-47.2065,SP215,67,L06
-21.8099,-47.2161,SP215,68,L06
-21.8107,-47.2257,SP215,69,L06
-21.8115,-47.23549999999999,SP215,70,L06
-21.8123,-47.2446,SP215,71,L06
-21.8132,-47.2546,SP215,72,L06
-21.814,-47.2643,SP215,73,L06
-21.815,-47.2739,SP215,74,L06
-21.8199,-47.2819,SP215,75,L06
-21.8226,-47.2914,SP215,76,L06
-21.8247,-47.3008,SP215,77,L06
-21.8267,-47.3101,SP215,78,L06
-21.8288,-47.3195,SP215,79,L06
-21.8307,-47.32859999999999,SP215,80,L06
-21.8328,-47.3382,SP215,81,L06
-21.8349,-47.3477,SP215,82,L06
-21.83678053627308,-47.35683737648553,SP215,83,L06
-21.8388,-47.36650000000001,SP215,84,L06
-21.8395,-47.3761,SP215,85,L06
-21.84,-47.3858,SP215,86,L06
-21.8405,-47.3955,SP215,87,L06
-21.841,-47.4051,SP215,88,L06
-21.8415,-47.4147,SP215,89,L06
-21.8421,-47.4244,SP215,90,L06
-21.8426,-47.4341,SP215,91,L06
-21.8431,-47.4437,SP215,92,L06
-21.8436,-47.4534,SP215,93,L06
-21.8442,-47.4633,SP215,94,L06
-21.8416,-47.4717,SP215,95,L06
-21.8379,-47.4814,SP215,96,L06
-21.8356,-47.4904,SP215,97,L06
-21.84551,-47.495439,SP215,99,L06
-21.8504,-47.49789999999999,SP215,100,L06
-21.85238860279663,-47.50783769505386,SP215,101,L06
-21.8576,-47.5163,SP215,102,L06
-21.8626,-47.5244,SP215,103,L06
-21.8675,-47.5326,SP215,104,L06
-21.8725,-47.5407,SP215,105,L06
-21.8774,-47.5488,SP215,106,L06
-21.8823,-47.55689999999999,SP215,107,L06
-21.8872,-47.56489999999999,SP215,108,L06
-21.8925,-47.5734,SP215,109,L06
-21.899347222822,-47.57788366390848,SP215,110,L06
-21.9081,-47.5817,SP215,111,L06
-21.9166,-47.5852,SP215,112,L06
-21.92367878539087,-47.58930365737562,SP215,113,L06
-21.93,-47.5976,SP215,114,L06
-21.9357,-47.605,SP215,115,L06
-21.9414,-47.6126,SP215,116,L06
-21.9472,-47.6201,SP215,117,L06
-21.9531,-47.6278,SP215,118,L06
-21.9586,-47.635,SP215,119,L06
-21.9644,-47.64260000000001,SP215,120,L06
-21.9701,-47.64999999999999,SP215,121,L06
-21.9759,-47.6577,SP215,122,L06
-21.9815,-47.66500000000001,SP215,123,L06
-21.9884,-47.6709,SP215,124,L06
-21.9968,-47.6741,SP215,125,L06
-21.9998,-47.683,SP215,126,L06
-22.002,-47.6923,SP215,127,L06
-22.0055,-47.7013,SP215,128,L06
-22.0089,-47.7102,SP215,129,L06
-22.0117,-47.7195,SP215,130,L06
-22.0133,-47.7287,SP215,131,L06
-22.0158,-47.73839999999999,SP215,132,L06
-22.0201,-47.7468,SP215,133,L06
-22.0245,-47.7553,SP215,134,L06
-22.0288,-47.7637,SP215,135,L06
-22.0332,-47.7722,SP215,136,L06
-22.0375,-47.7807,SP215,137,L06
-22.0425,-47.7903,SP215,138,L06
-22.0462,-47.7976,SP215,139,L06
-22.0499,-47.80589999999999,SP215,140,L06
-22.0496,-47.8156,SP215,141,L06
-22.045,-47.8234,SP215,142,L06
-22.0387,-47.83130000000001,SP215,143,L06
-22.0375,-47.8407,SP215,144,L06
-22.0372,-47.8503,SP215,145,L06
-22.0414,-47.8586,SP215,146,L06
-22.042901,-47.859686,SP215,147,L06
-22.4513,-47.3985,SP330,159,L06
-22.4425,-47.3975,SP330,160,L06
-22.4338,-47.39510000000001,SP330,161,L06
-22.425,-47.3927,SP330,162,L06
-22.4163,-47.3902,SP330,163,L06
-22.4073,-47.38959999999999,SP330,164,L06
-22.3982,-47.3898,SP330,165,L06
-22.3899,-47.3934,SP330,166,L06
-22.381,-47.39409999999999,SP330,167,L06
-22.3716,-47.3945,SP330,168,L06
-22.3629,-47.3945,SP330,169,L06
-22.35391207010565,-47.39471352412754,SP330,170,L06
-22.345,-47.3934,SP330,171,L06
-22.3366,-47.39,SP330,172,L06
-22.3276,-47.3892,SP330,173,L06
-22.3187,-47.3902,SP330,174,L06
-22.3097,-47.39109999999999,SP330,175,L06
-22.3007,-47.392,SP330,176,L06
-22.2917,-47.3929,SP330,177,L06
-22.2827,-47.3931,SP330,178,L06
-22.2737,-47.3919,SP330,179,L06
-22.2648,-47.3908,SP330,180,L06
-22.2558,-47.38959999999999,SP330,181,L06
-22.2468,-47.3901,SP330,182,L06
-22.2378,-47.3907,SP330,183,L06
-22.2288,-47.3913,SP330,184,L06
-22.2197,-47.3922,SP330,185,L06
-22.2109,-47.39379999999999,SP330,186,L06
-22.202,-47.3955,SP330,187,L06
-22.1931,-47.3972,SP330,188,L06
-22.1841,-47.3982,SP330,189,L06
-22.1751,-47.3987,SP330,190,L06
-22.1661,-47.3993,SP330,191,L06
-22.157,-47.3999,SP330,192,L06
-22.1484,-47.4023,SP330,193,L06
-22.1402,-47.4064,SP330,194,L06
-22.1317,-47.40930000000001,SP330,195,L06
-22.1228,-47.41049999999999,SP330,196,L06
-22.1138,-47.4117,SP330,197,L06
-22.1049,-47.41350000000001,SP330,198,L06
-22.0963,-47.4164,SP330,199,L06
-22.0878,-47.4194,SP330,200,L06
-22.079,-47.4219,SP330,201,L06
-22.0694,-47.4243,SP330,202,L06
-22.0614,-47.4263,SP330,203,L06
-22.0526,-47.4285,SP330,204,L06
-22.0439,-47.43069999999999,SP330,205,L06
-22.0351,-47.433,SP330,206,L06
-22.0265,-47.436,SP330,207,L06
-22.0177,-47.4389,SP330,208,L06
-22.0093,-47.4418,SP330,209,L06
-22.0007,-47.4448,SP330,210,L06
-21.9921,-47.4477,SP330,211,L06
-21.9834,-47.4507,SP330,212,L06
-21.9749,-47.45359999999999,SP330,213,L06
-21.9662,-47.4565,SP330,214,L06
-21.9583,-47.4589,SP330,215,L06
-21.949,-47.4624,SP330,216,L06
-21.9404,-47.46530000000001,SP330,217,L06
-21.9318,-47.46830000000001,SP330,218,L06
-21.9232,-47.4712,SP330,219,L06
-21.9145,-47.4741,SP330,220,L06
-21.906,-47.4771,SP330,221,L06
-21.8973,-47.48,SP330,222,L06
-21.8888,-47.4829,SP330,223,L06
-21.8801,-47.4858,SP330,224,L06
-21.8715,-47.4888,SP330,225,L06
-21.863,-47.49169999999999,SP330,226,L06
-21.8544,-47.4946,SP330,227,L06
-21.8454,-47.495,SP330,228,L06
-21.8362,-47.4951,SP330,229,L06
-21.8273,-47.4951,SP330,230,L06
-21.8184,-47.49639999999999,SP330,231,L06
-21.8099,-47.4999,SP330,232,L06
-21.8024,-47.5052,SP330,233,L06
-21.7962,-47.5122,SP330,234,L06
-21.7904,-47.5197,SP330,235,L06
-21.7846,-47.527,SP330,236,L06
-21.7788,-47.53449999999999,SP330,237,L06
-21.773,-47.5419,SP330,238,L06
-21.7672,-47.5493,SP330,239,L06
-21.7614,-47.55670000000001,SP330,240,L06
-22.4771,-46.81319999999999,SP352,162,L06
-22.4698,-46.8087,SP352,163,L06
-22.4613,-46.81119999999999,SP352,164,L06
-22.4529,-46.8078,SP352,165,L06
-22.4447,-46.8037,SP352,166,L06
-22.4365,-46.7997,SP352,167,L06
-22.4277,-46.7989,SP352,168,L06
-22.4218,-46.7923,SP352,169,L06
-22.4134,-46.7896,SP352,170,L06
-22.4067,-46.7831,SP352,171,L06
-22.4025,-46.7747,SP352,172,L06
-22.3999,-46.76539999999999,SP352,173,L06
-22.3972,-46.7561,SP352,174,L06
-22.3945,-46.7468,SP352,175,L06
-22.387,-46.7418,SP352,176,L06
-22.3787,-46.7382,SP352,177,L06
-22.3699,-46.7357,SP352,178,L06
-22.3609,-46.736,SP352,179,L06
-22.352,-46.7357,SP352,180,L06
-22.3471,-46.72779999999999,SP352,181,L06
-22.3413,-46.7205,SP352,182,L06
-22.3382,-46.712,SP352,183,L06
-22.335,-46.70289999999999,SP352,184,L06
-22.3273,-46.6988,SP352,185,L06
-22.458679,-46.932115,SPI054/147,0,L06
-22.4590027533136,-46.93284092338067,SPI054/147,1,L06
-22.460063,-46.933047,SPI054/147,1,L06
-22.46644375905949,-46.93819190546631,SPI054/147,2,L06
-22.47022153909889,-46.94593775910454,SPI054/147,3,L06
-22.46946138696927,-46.9555960976008,SPI054/147,4,L06
-22.46905945472975,-46.96550040065032,SPI054/147,5,L06
-22.47449304641748,-46.97297551846912,SPI054/147,6,L06
-22.47505014430384,-46.98244682885304,SPI054/147,7,L06
-22.46990475224384,-46.98974240994552,SPI054/147,8,L06
-22.46450480779264,-46.9975835716609,SPI054/147,9,L06
-22.45760585663501,-47.00312510267138,SPI054/147,10,L06
-22.44860633556157,-47.00229902324359,SPI054/147,11,L06
-22.44643,-47.003373,SPI054/147,12,L06
-22.396379,-47.387154,SPI165/330,0,L06
-22.3966,-47.3808,SPI165/330,1,L06
-22.39652,-47.38084,SPI165/330,1,L06
-22.3969,-47.37120000000001,SPI165/330,2,L06
-22.3942,-47.3638,SPI165/330,3,L06
-22.386,-47.36019999999999,SPI165/330,4,L06
-22.386079,-47.360274,SPI165/330,5,L06
-23.10598360672444,-46.60292163593514,ATB050,0,L07
-23.09756719172292,-46.46822611491987,ATB080,0,L07
-23.07853363784653,-46.64168552016637,ATB229,0,L07
-22.55092294403327,-47.21134623134307,ATN080,0,L07
-22.89414361413682,-46.99719522743632,CAM053,0,L07
-22.90034124403348,-46.95115509821193,CAM127,0,L07
-22.78409629300848,-47.08480908504542,CAM155,0,L07
-22.65920965477861,-47.20738682325132,CMS030,0,L07
-22.50235037169759,-47.17320903586144,EGC329,0,L07
-23.16148997774866,-46.2236649715524,IGR180,0,L07
-23.29230697167727,-46.0367737561946,JCR07,0,L07
-22.55344136008374,-47.30144957210213,LIM249,0,L07
-22.76092121693463,-47.1201789470303,PLN212,0,L07
-22.74019669774061,-47.14266713840185,PLN234,0,L07
-23.09592,-46.96785,SP063,0,L07
-23.09247,-46.96003,SP063,1,L07
-23.09014407972191,-46.95025983999309,SP063,2,L07
-23.08773,-46.94142000000001,SP063,3,L07
-23.08815,-46.93162,SP063,4,L07
-23.08523,-46.92424999999999,SP063,5,L07
-23.08138,-46.91647,SP063,6,L07
-23.07852,-46.90825,SP063,7,L07
-23.07092,-46.9036,SP063,8,L07
-23.06277,-46.90235000000001,SP063,9,L07
-23.05598,-46.89722,SP063,10,L07
-23.05288,-46.8885,SP063,11,L07
-23.05133,-46.87918,SP063,12,L07
-23.04918,-46.86982,SP063,13,L07
-23.04568,-46.86102999999999,SP063,14,L07
-23.0413,-46.85162,SP063,15,L07
-23.03983,-46.84593000000001,SP063,16,L07
-23.34558162487598,-46.02126152982717,SP065,0,L07
-23.33589987993809,-46.02452730129067,SP065,1,L07
-23.32671597790446,-46.02744525398504,SP065,2,L07
-23.32018255006843,-46.03620893849779,SP065,3,L07
-23.31630214774018,-46.0448001488228,SP065,4,L07
-23.30752976797552,-46.0447199952005,SP065,5,L07
-23.29890464584974,-46.04637769777625,SP065,6,L07
-23.28994436884006,-46.04771522595023,SP065,7,L07
-23.2811272364619,-46.04945100489644,SP065,8,L07
-23.27409688461747,-46.05538053179129,SP065,9,L07
-23.26713039410513,-46.06153861937515,SP065,10,L07
-23.25975075798342,-46.06741618140447,SP065,11,L07
-23.25288321782677,-46.07318674115568,SP065,12,L07
-23.24738447075632,-46.08088545301283,SP065,13,L07
-23.25323198558557,-46.08699506237465,SP065,14,L07
-23.25893661032419,-46.09413561483237,SP065,15,L07
-23.25485796837583,-46.10198917105517,SP065,16,L07
-23.248358303015,-46.10866687807982,SP065,17,L07
-23.24406579077588,-46.11729531826727,SP065,18,L07
-23.23778419967909,-46.12423736532458,SP065,19,L07
-23.23090837857417,-46.13041742472448,SP065,20,L07
-23.2240222894248,-46.13657373756746,SP065,21,L07
-23.21891572715475,-46.14463928909038,SP065,22,L07
-23.21326603473877,-46.15219134487502,SP065,23,L07
-23.2069470138474,-46.15867704892931,SP065,24,L07
-23.20190189223358,-46.16681339094872,SP065,25,L07
-23.19954746529369,-46.1766710999123,SP065,26,L07
-23.19639400104789,-46.18460824378155,SP065,27,L07
-23.18884445365183,-46.19084509586023,SP065,28,L07
-23.18561573735868,-46.199855788033,SP065,29,L07
-23.17999205437041,-46.20754067728494,SP065,30,L07
-23.17382937690006,-46.21465456743781,SP065,31,L07
-23.16782984484362,-46.22202014184843,SP065,32,L07
-23.16444206063184,-46.23016659153319,SP065,33,L07
-23.16756391882821,-46.23928375809434,SP065,34,L07
-23.17231417294593,-46.24734475510358,SP065,35,L07
-23.17545939340162,-46.25552655405085,SP065,36,L07
-23.17249344498569,-46.26501809226232,SP065,37,L07
-23.17285578645671,-46.27484489668602,SP065,38,L07
-23.17621479596164,-46.28372991566914,SP065,39,L07
-23.18153093673743,-46.2916203229156,SP065,40,L07
-23.18169830865217,-46.30116001921481,SP065,41,L07
-23.18104999187631,-46.31065632214798,SP065,42,L07
-23.17883757373375,-46.31928367373598,SP065,43,L07
-23.18430010657955,-46.32690332830865,SP065,44,L07
-23.18890117503783,-46.33540065993122,SP065,45,L07
-23.19331795821088,-46.34256676901069,SP065,46,L07
-23.19183963804961,-46.35291848602684,SP065,47,L07
-23.18651174781591,-46.36033683171849,SP065,48,L07
-23.18546123880113,-46.36964760163207,SP065,49,L07
-23.17949454327097,-46.37683166427616,SP065,50,L07
-23.1740931181256,-46.38446138329878,SP065,51,L07
-23.16935486378594,-46.39263181997405,SP065,52,L07
-23.16623209217686,-46.40168230384505,SP065,53,L07
-23.16715080783425,-46.41095856399453,SP065,54,L07
-23.17022441596833,-46.42037599092424,SP065,55,L07
-23.17080824104783,-46.43010358642124,SP065,56,L07
-23.16999551631096,-46.43969231230608,SP065,57,L07
-23.1638200526183,-46.44627964301458,SP065,58,L07
-23.15599369484239,-46.45124732813552,SP065,59,L07
-23.14776659575386,-46.45508455774059,SP065,60,L07
-23.13929933493665,-46.45853285231216,SP065,61,L07
-23.13099297409444,-46.46238924533247,SP065,62,L07
-23.12481116060536,-46.4694992341817,SP065,63,L07
-23.118917421186,-46.47693627889983,SP065,64,L07
-23.11535135880857,-46.4857799838372,SP065,65,L07
-23.11081691475555,-46.49433148923524,SP065,66,L07
-23.10800301054807,-46.50345826849362,SP065,67,L07
-23.10749800164252,-46.51315905513998,SP065,68,L07
-23.1057365841185,-46.52261816623898,SP065,69,L07
-23.1023367817406,-46.53173111757637,SP065,70,L07
-23.09915456850108,-46.54084915908302,SP065,71,L07
-23.09868255566967,-46.55048190091028,SP065,72,L07
-23.09955506458988,-46.56022938132534,SP065,73,L07
-23.10035865741287,-46.57009191923445,SP065,74,L07
-23.10100589050515,-46.57970410807523,SP065,75,L07
-23.10128571924387,-46.58948259180378,SP065,76,L07
-23.10133151604694,-46.59927029253772,SP065,77,L07
-23.10005068202138,-46.60892638677734,SP065,78,L07
-23.09769371382048,-46.61817555199093,SP065,79,L07
-23.09373229570866,-46.62690400238552,SP065,80,L07
-23.0860169065243,-46.63203595032748,SP065,81,L07
-23.07816680135002,-46.6368222103051,SP065,82,L07
-23.07025928585356,-46.64163775625657,SP065,83,L07
-23.06378634005165,-46.64819604406816,SP065,84,L07
-23.0584501094622,-46.6560701728118,SP065,85,L07
-23.05269946038877,-46.66365052519564,SP065,86,L07
-23.04691393179086,-46.67126990493262,SP065,87,L07
-23.04125557794248,-46.67871436589442,SP065,88,L07
-23.03751728968157,-46.68854619338323,SP065,89,L07
-23.03732150646161,-46.70124852421486,SP065,90,L07
-23.03670168430133,-46.70699504323366,SP065,91,L07
-23.03575909151786,-46.71668392891883,SP065,92,L07
-23.03538208813705,-46.72646771754629,SP065,93,L07
-23.03126385958216,-46.7350995743997,SP065,94,L07
-23.02938162984417,-46.74470218741751,SP065,95,L07
-23.0244,-46.75213,SP065,96,L07
-23.01748,-46.75795000000001,SP065,97,L07
-23.0111,-46.76492,SP065,98,L07
-23.00462,-46.77062000000001,SP065,99,L07
-23.0016,-46.77982999999999,SP065,100,L07
-22.99667,-46.78797,SP065,101,L07
-22.99177,-46.7962,SP065,102,L07
-22.98813,-46.80497,SP065,103,L07
-22.9862,-46.81452,SP065,104,L07
-22.98178,-46.82302,SP065,105,L07
-22.97712,-46.83138,SP065,106,L07
-22.9713,-46.83875,SP065,107,L07
-22.96415,-46.84475,SP065,108,L07
-22.95872,-46.85235,SP065,109,L07
-22.95378,-46.86068,SP065,110,L07
-22.94857,-46.86862,SP065,111,L07
-22.94255,-46.87585,SP065,112,L07
-22.93623,-46.88287,SP065,113,L07
-22.93555,-46.89225,SP065,114,L07
-22.93205,-46.90075,SP065,115,L07
-22.92867,-46.90955,SP065,116,L07
-22.93083,-46.91867,SP065,117,L07
-22.93278,-46.92816999999999,SP065,118,L07
-22.93087,-46.9375,SP065,119,L07
-22.92375,-46.94242,SP065,120,L07
-22.91647,-46.94739999999999,SP065,121,L07
-22.91208748192293,-46.95495907764906,SP065,122,L07
-22.91302652201411,-46.96447647630643,SP065,123,L07
-22.90823748019421,-46.97275108434379,SP065,124,L07
-22.90326052014187,-46.98085666820573,SP065,125,L07
-22.90077932603395,-46.99008967113463,SP065,126,L07
-22.89927762669896,-46.99965829931098,SP065,127,L07
-22.89504042898278,-47.00771471298827,SP065,128,L07
-22.88688,-47.01242999999999,SP065,129,L07
-22.87857,-47.01567,SP065,130,L07
-22.87013,-47.01905,SP065,131,L07
-22.8616,-47.02235,SP065,132,L07
-22.85318,-47.02582,SP065,133,L07
-22.84708,-47.03282999999999,SP065,134,L07
-22.84423,-47.04167,SP065,135,L07
-22.84262,-47.05122000000001,SP065,136,L07
-22.84302,-47.06087,SP065,137,L07
-22.84423,-47.0706,SP065,138,L07
-22.84557,-47.08008,SP065,139,L07
-22.84687,-47.08973,SP065,140,L07
-22.84878,-47.09924999999999,SP065,141,L07
-22.85077,-47.10887,SP065,142,L07
-22.85255822151894,-47.11825613585239,SP065,143,L07
-22.8547,-47.12773000000001,SP065,144,L07
-22.85668,-47.13738,SP065,145,L07
-22.85757019756165,-47.14230185968701,SP065,146,L07
-22.89195,-47.00943,SP083,0,L07
-22.89338,-47.0087,SP083,1,L07
-22.90213,-47.00727,SP083,2,L07
-22.91033,-47.01052,SP083,3,L07
-22.91933342488228,-47.01225589124283,SP083,4,L07
-22.92815813187667,-47.01119845904868,SP083,5,L07
-22.93698749738788,-47.01038984030297,SP083,6,L07
-22.94511323493768,-47.01473548687349,SP083,7,L07
-22.95282450757485,-47.01957312400527,SP083,8,L07
-22.96065,-47.02401999999999,SP083,9,L07
-22.96887,-47.02802000000001,SP083,10,L07
-22.97490000000001,-47.0352,SP083,11,L07
-22.98003105130391,-47.04339298281656,SP083,12,L07
-22.98492862682622,-47.05143820248966,SP083,13,L07
-22.98896131868719,-47.0600815722098,SP083,14,L07
-22.99192134773295,-47.06940066971291,SP083,15,L07
-22.99792762188257,-47.07644811656714,SP083,16,L07
-23.00475497925017,-47.0829338325496,SP083,17,L07
-23.01344900001527,-47.08440902912612,SP083,18,L07
-23.02203931207293,-47.08705736541054,SP083,19,L07
-23.03035111201579,-47.09019688235637,SP083,20,L07
-23.03824192918677,-47.09557406169246,SP083,21,L07
-23.04529988857223,-47.10041662855264,SP083,22,L07
-22.87282084316151,-47.06880687548317,SP332,110,L07
-22.8668507084104,-47.07101597853008,SP332,111,L07
-22.85827841206443,-47.07265928723007,SP332,112,L07
-22.84973270675328,-47.07710870762275,SP332,113,L07
-22.83912062164113,-47.08006488147541,SP332,114,L07
-22.83460396974045,-47.08573393200501,SP332,115,L07
-22.82827926431931,-47.09224191881285,SP332,116,L07
-22.81898525092119,-47.09999924370086,SP332,117,L07
-22.81376966849094,-47.10658134923131,SP332,118,L07
-22.81021619805114,-47.11309119977233,SP332,119,L07
-22.80550492943068,-47.12312787149284,SP332,120,L07
-22.80063788322841,-47.13059033688405,SP332,121,L07
-22.79283457904413,-47.13546476563058,SP332,122,L07
-22.78403935993941,-47.13416898946063,SP332,123,L07
-22.77521398875443,-47.13445036056262,SP332,124,L07
-22.76724458935024,-47.13891226395994,SP332,125,L07
-22.75957706056283,-47.14374835665242,SP332,126,L07
-22.75353077457176,-47.15021564534357,SP332,127,L07
-22.74780341800083,-47.1577874284541,SP332,128,L07
-22.74030558258847,-47.1587209961594,SP332,129,L07
-22.73358093285308,-47.15254137215361,SP332,130,L07
-22.72681673654415,-47.14592373899815,SP332,131,L07
-22.71839002810072,-47.14273611751093,SP332,132,L07
-22.70951570743267,-47.14329865328214,SP332,133,L07
-22.70115042009374,-47.14697351521961,SP332,134,L07
-22.69389583254631,-47.15265047437668,SP332,135,L07
-22.68589929080157,-47.15776058755488,SP332,136,L07
-22.67739047359725,-47.15933984644886,SP332,137,L07
-22.66912786808729,-47.16341353781631,SP332,138,L07
-22.66155180774244,-47.16879149792803,SP332,139,L07
-22.65650646875494,-47.17663114482183,SP332,140,L07
-22.65365840047413,-47.18553617306802,SP332,141,L07
-22.65160648919898,-47.19494958775859,SP332,142,L07
-22.64985207503073,-47.20435770617058,SP332,143,L07
-22.64200306317432,-47.20914465100901,SP332,144,L07
-22.6335099411175,-47.20628533555139,SP332,145,L07
-22.62539611857592,-47.20209998696487,SP332,146,L07
-22.6172186831827,-47.19793360632648,SP332,147,L07
-22.60905105050517,-47.19369983642241,SP332,148,L07
-22.60096397360627,-47.18950677607991,SP332,149,L07
-22.59280505167456,-47.18527421216128,SP332,150,L07
-22.5849858407794,-47.1812808955011,SP332,151,L07
-22.57668204025632,-47.17705682267642,SP332,152,L07
-22.56879290265047,-47.17353979901904,SP332,153,L07
-22.55905736024708,-47.17234693661153,SP332,154,L07
-22.54988946355274,-47.17124095643476,SP332,155,L07
-22.54159856835836,-47.17205408383119,SP332,156,L07
-22.53357905279016,-47.17683707843786,SP332,157,L07
-22.5256313170171,-47.18097921169811,SP332,158,L07
-22.51955369924558,-47.18769663061962,SP332,159,L07
-22.5128187017457,-47.19426702734581,SP332,160,L07
-22.50570792008827,-47.19990766344407,SP332,161,L07
-22.49751375100513,-47.20354826514809,SP332,162,L07
-22.48870470061342,-47.20197067534193,SP332,163,L07
-22.47929103268391,-47.19970366783225,SP332,164,L07
-22.46992309691344,-47.19738916985184,SP332,165,L07
-22.46082411597641,-47.19388438164319,SP332,166,L07
-22.45213328478879,-47.19090135804679,SP332,167,L07
-22.44299138212792,-47.18788253555893,SP332,168,L07
-22.43527326712108,-47.18640166571975,SP332,169,L07
-22.42945092677804,-47.1816095951763,SP332,170,L07
-22.42100060374153,-47.17482486171949,SP332,171,L07
-22.41192877305445,-47.17260535055826,SP332,172,L07
-22.40314223685915,-47.17468273131496,SP332,173,L07
-22.3945217228105,-47.17784030077925,SP332,174,L07
-22.38655606952238,-47.17460917853205,SP332,175,L07
-22.37965497453148,-47.16807448950649,SP332,176,L07
-22.37088070594272,-47.16452115198926,SP332,177,L07
-22.361905,-47.16237,SP332,178,L07
-22.353152,-47.160183,SP332,179,L07
-22.34513018696116,-47.15829914522864,SP332,180,L07
-22.33567947873176,-47.15601828524272,SP332,181,L07
-22.32893468236291,-47.14987768629207,SP332,182,L07
-22.3224860965453,-47.14180117578653,SP332,183,L07
-22.31651471597176,-47.13447993411786,SP332,184,L07
-22.30758276044776,-47.13253912124065,SP332,185,L07
-22.29995019315444,-47.13272402030289,SP332,186,L07
-22.29623562412222,-47.13297812751589,SP332,187,L07
-23.16928227654639,-46.91987878600547,SP360,62,L07
-23.16913086053634,-46.91950426672222,SP360,62,L07
-23.16633308233884,-46.91397053389757,SP360,63,L07
-23.16232000000001,-46.90617,SP360,64,L07
-23.15892516558994,-46.89760064009478,SP360,65,L07
-23.1556,-46.88770000000001,SP360,66,L07
-23.15324431695914,-46.87864139212139,SP360,67,L07
-23.14525,-46.87422999999999,SP360,68,L07
-23.13355407327193,-46.87382673868373,SP360,69,L07
-23.12507,-46.87313,SP360,70,L07
-23.12094306887897,-46.86621012350609,SP360,71,L07
-23.11731250867112,-46.85735405190745,SP360,72,L07
-23.11035,-46.84982,SP360,73,L07
-23.10203,-46.84652000000001,SP360,74,L07
-23.09395,-46.84810000000001,SP360,75,L07
-23.0851,-46.84668,SP360,76,L07
-23.07712853254103,-46.84163036297585,SP360,77,L07
-23.06868418545056,-46.8394840185695,SP360,78,L07
-23.06012000000001,-46.84193,SP360,79,L07
-23.051523280895,-46.84499745722565,SP360,80,L07
-23.04224546930135,-46.84423097321141,SP360,81,L07
-23.03652612231636,-46.84354025603955,SP360,82,L07
-23.1546770389755,-46.87757307197074,SPA067/360,0,L07
-23.16351072213846,-46.87753748711873,SPA067/360,1,L07
-23.17025417327809,-46.88122305189099,SPA067/360,2,L07
-23.17132972491958,-46.8845105230735,SPA067/360,2,L07
-22.84010869777515,-47.07956456106541,SPA114/332,0,L07
-22.83486217602027,-47.07920281669848,SPA114/332,1,L07
-22.91258104600418,-46.95621911898288,SPA122/065,0,L07
-22.91971537442753,-46.96152985218448,SPA122/065,1,L07
-22.92546137955647,-46.96744005788712,SPA122/065,2,L07
-22.93254809499652,-46.97228925164558,SPA122/065,3,L07
-22.94076982282549,-46.9770478047607,SPA122/065,4,L07
-22.94262841407459,-46.97867782479217,SPA122/065,4,L07
-23.04070279979469,-46.84212305427813,SPI081/360,0,L07
-23.04157258429627,-46.83845595453731,SPI081/360,0,L07
-23.352838,-46.01228,SPI084/066,0,L07
-23.348949,-46.018264,SPI084/066,1,L07
-23.34862299220054,-46.01860026641837,SPI084/066,1,L07
-23.34666113097317,-46.02055546683656,SPI084/066,1,L07
-23.35283987316357,-46.01228168033861,SPI084066,0,L07
-22.91402290511259,-46.96057227376666,VLH053,0,L07
-22.91284620896977,-46.95600100120708,VLH335,0,L07
-21.84923199502048,-46.88493354107016,SP215,30,L11
-21.8459244345252,-46.89378996992986,SP215,31,L11
-21.84249913908749,-46.90341827955446,SP215,32,L11
-21.83933978898499,-46.91168572689046,SP215,33,L11
-21.83602979556771,-46.92159515484205,SP215,34,L11
-21.83289127548383,-46.93013527428808,SP215,35,L11
-21.82961444529292,-46.93962591742639,SP215,36,L11
-21.82634222592302,-46.94854966897669,SP215,37,L11
-21.82315916862278,-46.95781883209686,SP215,38,L11
-21.81963277798518,-46.96712596289002,SP215,39,L11
-21.81654757616117,-46.97608521694937,SP215,40,L11
-21.81295028251607,-46.98506884136115,SP215,41,L11
-21.81021714344677,-46.99409258219845,SP215,42,L11
-21.80684981340784,-47.0029712453171,SP215,43,L11
-21.8037311290779,-47.0121154084123,SP215,44,L11
-21.79951626445811,-47.02046910037964,SP215,45,L11
-21.79518997843647,-47.02893749008822,SP215,46,L11
-21.79067237385817,-47.03702847281982,SP215,47,L11
-21.78565545026011,-47.04490218726718,SP215,48,L11
-21.78008714942488,-47.0523763437571,SP215,49,L11
-21.78015215168992,-47.05248166062918,SP215,50,L11
-22.84357356378752,-47.03807539059159,SP340,114,L11
-22.83859461513721,-47.03553646673908,SP340,115,L11
-22.83059187668082,-47.03290409995827,SP340,116,L11
-22.82549829434179,-47.03579944905433,SP340,117,L11
-22.81788483580904,-47.03662130464055,SP340,118,L11
-22.80926742555931,-47.03403868786769,SP340,119,L11
-22.80010214714049,-47.03263650568076,SP340,120,L11
-22.79188548686279,-47.03190110961843,SP340,121,L11
-22.78375026216553,-47.02760290526526,SP340,122,L11
-22.77642380497548,-47.0228887181836,SP340,123,L11
-22.76674867368804,-47.02180160645838,SP340,124,L11
-22.75728889791959,-47.02070473379115,SP340,125,L11
-22.74924169405872,-47.02023925557818,SP340,126,L11
-22.73937248571784,-47.01797646670754,SP340,127,L11
-22.73158325692194,-47.01564785425564,SP340,128,L11
-22.72195833333333,-47.01417325093471,SP340,129,L11
-22.71284398133613,-47.01368943356122,SP340,130,L11
-22.70544524558321,-47.01301401378774,SP340,131,L11
-22.69566277995263,-47.01276663743472,SP340,132,L11
-22.68626120172928,-47.01001181712441,SP340,133,L11
-22.67833529322995,-47.00550742465489,SP340,134,L11
-22.66994663079699,-47.00261231797879,SP340,135,L11
-22.66084322894822,-47.00343364330553,SP340,136,L11
-22.65192376102589,-47.00470929670931,SP340,137,L11
-22.64188890668518,-47.00563922560322,SP340,138,L11
-22.63329186327974,-47.00407763348723,SP340,139,L11
-22.62607869764025,-47.00698548130163,SP340,140,L11
-22.6165071579692,-47.00684086457134,SP340,141,L11
-22.60760691854134,-47.00742734563456,SP340,142,L11
-22.5988352133221,-47.00784157147609,SP340,143,L11
-22.59037580902818,-47.0061368806563,SP340,144,L11
-22.58147554454473,-47.00517913971618,SP340,145,L11
-22.57291208831042,-47.00321976133888,SP340,146,L11
-22.56432673401616,-47.00039874453871,SP340,147,L11
-22.55561706522707,-46.99907128687403,SP340,148,L11
-22.54667230721418,-46.99874795238538,SP340,149,L11
-22.53866596140284,-46.99629961683563,SP340,150,L11
-22.52987885446193,-46.99340425551394,SP340,151,L11
-22.52273264714235,-46.99154111869785,SP340,152,L11
-22.5126641634515,-46.98953525729035,SP340,153,L11
-22.5046831281504,-46.9862871233269,SP340,154,L11
-22.49615547829273,-46.98298274264422,SP340,155,L11
-22.48730058152586,-46.98111219590868,SP340,156,L11
-22.47867435251175,-46.98112879444326,SP340,157,L11
-22.47007108329479,-46.98183863544152,SP340,158,L11
-22.4603501522244,-46.98198446882878,SP340,159,L11
-22.45310303238651,-46.98259793708211,SP340,160,L11
-22.44359559110231,-46.9843654666761,SP340,161,L11
-22.43453142739313,-46.98524802685976,SP340,162,L11
-22.4256143775993,-46.98182736637877,SP340,163,L11
-22.41748472746187,-46.97916835568539,SP340,164,L11
-22.40887007227454,-46.97576833402731,SP340,165,L11
-22.40076709752962,-46.97347372005457,SP340,166,L11
-22.3878184930147,-46.97163421314185,SP340,167,L11
-22.37865357330198,-46.97111286078986,SP340,168,L11
-22.37001072619936,-46.97023503782911,SP340,169,L11
-22.36098248640435,-46.96952422413266,SP340,170,L11
-22.35479621474828,-46.96264793599474,SP340,171,L11
-22.3474665311767,-46.95665590288421,SP340,172,L11
-22.33853113161616,-46.95804946230027,SP340,173,L11
-22.32971029967758,-46.96059158474633,SP340,174,L11
-22.32229679279193,-46.96222283727053,SP340,175,L11
-22.31218040927047,-46.96521869154842,SP340,176,L11
-22.30356926094454,-46.9671654267457,SP340,177,L11
-22.29539586802875,-46.96943799039064,SP340,178,L11
-22.28545316101758,-46.9720805471288,SP340,179,L11
-22.27616904092773,-46.97472827185408,SP340,180,L11
-22.26713469060251,-46.97398977303592,SP340,181,L11
-22.25919906484107,-46.97636247517467,SP340,182,L11
-22.25186011981731,-46.97740268157597,SP340,183,L11
-22.24352863765602,-46.97806320768897,SP340,184,L11
-22.23384913725686,-46.97827604164801,SP340,185,L11
-22.22534821768253,-46.9789816175272,SP340,186,L11
-22.21568914889125,-46.98057775587533,SP340,187,L11
-22.20665476780679,-46.98272458076858,SP340,188,L11
-22.1980392946947,-46.98426336512861,SP340,189,L11
-22.18873798660666,-46.98645828564948,SP340,190,L11
-22.17984773346251,-46.9882266842575,SP340,191,L11
-22.17093604177518,-46.99039644994514,SP340,192,L11
-22.16238518281566,-46.99190518369399,SP340,193,L11
-22.15322409043836,-46.99435446250341,SP340,194,L11
-22.14462448312528,-46.99607989308732,SP340,195,L11
-22.13601591792027,-46.99846416971342,SP340,196,L11
-22.12713392657424,-47.00042998740819,SP340,197,L11
-22.11808466113657,-47.0018844099373,SP340,198,L11
-22.10885901326501,-47.00248983479887,SP340,199,L11
-22.10058260554901,-47.00343976751034,SP340,200,L11
-22.09192380965682,-47.0064766865234,SP340,201,L11
-22.08463560540633,-47.0114603568805,SP340,202,L11
-22.07632208244713,-47.01649241527191,SP340,203,L11
-22.06863466205588,-47.02162930031723,SP340,204,L11
-22.06049837857718,-47.02660882263733,SP340,205,L11
-22.05175847443452,-47.02951677682513,SP340,206,L11
-22.04296474319305,-47.03055821718952,SP340,207,L11
-22.03463894287843,-47.03225582914659,SP340,208,L11
-22.02430879042014,-47.03369553566019,SP340,209,L11
-22.01496651864477,-47.03550026639804,SP340,210,L11
-22.00681006583939,-47.03666738128614,SP340,211,L11
-21.99688709998121,-47.03844726648743,SP340,212,L11
-21.99034575474174,-47.03938148350533,SP340,213,L11
-21.98491703191361,-47.0402925253925,SP340,214,L11
-21.97578455110636,-47.04195075598342,SP340,215,L11
-21.9665453923289,-47.04348379923628,SP340,216,L11
-21.95855521721731,-47.04479255592787,SP340,217,L11
-21.94771468272541,-47.04656376028467,SP340,218,L11
-21.93954153472014,-47.04779272523767,SP340,219,L11
-21.93167638204831,-47.0494798728959,SP340,220,L11
-21.92305616574656,-47.0508759239364,SP340,221,L11
-21.91627151858868,-47.05228843358638,SP340,222,L11
-21.90777824063707,-47.0535998516953,SP340,223,L11
-21.8943408812684,-47.05628022340655,SP340,224,L11
-21.88468543928849,-47.05793060907991,SP340,225,L11
-21.87625676019621,-47.05958133935626,SP340,226,L11
-21.86733687140126,-47.06105387205175,SP340,227,L11
-21.85867039767033,-47.06279223372022,SP340,228,L11
-21.84943579095605,-47.06431083201828,SP340,229,L11
-21.84034193763547,-47.06612727791017,SP340,230,L11
-21.83126539321172,-47.06762477204643,SP340,231,L11
-21.82217747727981,-47.06718159485299,SP340,232,L11
-21.8140403641163,-47.06340875608598,SP340,233,L11
-21.80540469675319,-47.06021019820266,SP340,234,L11
-21.79626821105146,-47.05982251775137,SP340,235,L11
-21.78799031471188,-47.06410917689105,SP340,236,L11
-21.78009226913492,-47.06217509901964,SP340,237,L11
-21.77371999287625,-47.06138147996657,SP340,238,L11
-21.7671963038334,-47.06852084272916,SP340,239,L11
-21.75857016691465,-47.07050342987649,SP340,240,L11
-21.74957367890521,-47.07164004804275,SP340,241,L11
-21.74051361224075,-47.07302828280686,SP340,242,L11
-21.73167868832376,-47.07478180576944,SP340,243,L11
-21.7232813839911,-47.07894717547018,SP340,244,L11
-21.71500019371093,-47.0827261709082,SP340,245,L11
-21.70677686632557,-47.08587065472831,SP340,246,L11
-21.69913180533102,-47.08186445426109,SP340,247,L11
-21.69261116754941,-47.07626482340103,SP340,248,L11
-21.68572280612296,-47.07002886137628,SP340,249,L11
-21.67867765743655,-47.06391067274517,SP340,250,L11
-21.6719019542009,-47.05776617997275,SP340,251,L11
-21.66460065365,-47.05211725352733,SP340,252,L11
-21.65562476465584,-47.05021326044026,SP340,253,L11
-21.64665172729008,-47.04885922841315,SP340,254,L11
-21.63762965632539,-47.04711065833343,SP340,255,L11
-21.62912308592421,-47.04592685523618,SP340,256,L11
-21.6201510338367,-47.04423024035538,SP340,257,L11
-21.61106288338526,-47.04288167871442,SP340,258,L11
-21.6026001782225,-47.04126567360394,SP340,259,L11
-21.593606542307,-47.03992317085202,SP340,260,L11
-21.58481729801891,-47.03836121314096,SP340,261,L11
-21.57612308875653,-47.03695552447589,SP340,262,L11
-21.56703968839312,-47.03523881740453,SP340,263,L11
-21.55813443867141,-47.03393345981515,SP340,264,L11
-21.54914047938705,-47.03226725054568,SP340,265,L11
-21.54070440137892,-47.03100698607365,SP340,266,L11
-21.53162647298479,-47.02925954641223,SP340,267,L11
-21.52313983841408,-47.02799266407663,SP340,268,L11
-21.5148976925189,-47.02399651820657,SP340,269,L11
-21.50709600116939,-47.02020400534079,SP340,270,L11
-21.50012625956055,-47.01642711337809,SP340,271,L11
-21.4919362982209,-47.01244864982201,SP340,272,L11
-21.48395183473023,-47.01576861119642,SP340,273,L11
-21.47638497324009,-47.02142022699022,SP340,274,L11
-21.46982720708309,-47.02566261369644,SP340,275,L11
-21.4616696814829,-47.02471920974855,SP340,276,L11
-21.45396418670344,-47.02289453389985,SP340,277,L11
-21.44621690123691,-47.01805226098786,SP340,278,L11
-21.43999268435638,-47.01203720606534,SP340,279,L11
-21.43331177862673,-47.00601051479708,SP340,280,L11
-21.42778,-47.000874,SP340,281,L11
-21.42292291129154,-46.99644530632732,SP340,282,L11
-22.349008,-46.955561,SP342,172,L11
-22.3435388332108,-46.94762162869517,SP342,173,L11
-22.343539,-46.947634,SP342,173,L11
-22.33798542097077,-46.94006996449366,SP342,174,L11
-22.33202217785787,-46.93277532859374,SP342,175,L11
-22.32476062637995,-46.92679325471443,SP342,176,L11
-22.31761263971599,-46.92061591822314,SP342,177,L11
-22.30998796791401,-46.91601166004427,SP342,178,L11
-22.30194389512213,-46.91117848386222,SP342,179,L11
-22.29355959886488,-46.90695672318832,SP342,180,L11
-22.29050439217795,-46.89813541321917,SP342,181,L11
-22.28584737190826,-46.88997730328558,SP342,182,L11
-22.27736266223602,-46.88656184787587,SP342,183,L11
-22.26962833417032,-46.88296746130601,SP342,184,L11
-22.26869920962013,-46.87333310132552,SP342,185,L11
-22.27036228211275,-46.86396960147585,SP342,186,L11
-22.27196706243217,-46.85462576206868,SP342,187,L11
-22.27017641143065,-46.84545417707899,SP342,188,L11
-22.26745187973729,-46.83598492678232,SP342,189,L11
-22.26320267753264,-46.82724832315522,SP342,190,L11
-22.25815905766198,-46.81943732497288,SP342,191,L11
-22.2515531023125,-46.81269983703235,SP342,192,L11
-22.24506901699569,-46.80600298698552,SP342,193,L11
-22.23819597289981,-46.79971319249133,SP342,194,L11
-22.23018728530464,-46.79544978166339,SP342,195,L11
-22.22203165750389,-46.79140754738094,SP342,196,L11
-22.21534413768501,-46.78542462070801,SP342,197,L11
-22.20852579492277,-46.78027635843873,SP342,198,L11
-22.20143781568385,-46.7777218337725,SP342,199,L11
-22.19358069726351,-46.7718544185721,SP342,200,L11
-22.18714911335018,-46.76948514266821,SP342,201,L11
-22.17873065974028,-46.77292875160369,SP342,202,L11
-22.17053995449448,-46.77670796010939,SP342,203,L11
-22.16799830181352,-46.78563173374003,SP342,204,L11
-22.16118556018372,-46.78912252977098,SP342,205,L11
-22.15222332225183,-46.79033824289101,SP342,206,L11
-22.14381978237333,-46.7941439159468,SP342,207,L11
-22.13628516009275,-46.79755245972149,SP342,208,L11
-22.12800312046351,-46.80319919963407,SP342,209,L11
-22.12016646224216,-46.80800022500042,SP342,210,L11
-22.11199389421975,-46.81276768153494,SP342,211,L11
-22.10354759220756,-46.81789657402631,SP342,212,L11
-22.09575100315675,-46.81961939400844,SP342,213,L11
-22.08715736560837,-46.81777382785503,SP342,214,L11
-22.0785016798023,-46.82055057696001,SP342,215,L11
-22.06951511959672,-46.81978623697946,SP342,216,L11
-22.06118969943172,-46.81560073211493,SP342,217,L11
-22.05292541046112,-46.81159091325295,SP342,218,L11
-22.04477118745623,-46.80774280111149,SP342,219,L11
-22.0369944635723,-46.80257289309967,SP342,220,L11
-22.03081944068632,-46.79527193451504,SP342,221,L11
-22.02328251982219,-46.79209328290889,SP342,222,L11
-22.01463802336798,-46.79527070353276,SP342,223,L11
-22.00605676955418,-46.79484022676974,SP342,224,L11
-21.99714145640798,-46.79331408506484,SP342,225,L11
-21.98717255561489,-46.78984789566117,SP342,226,L11
-21.97995319689597,-46.78434444693917,SP342,227,L11
-21.97722463805943,-46.77611849427721,SP342,228,L11
-21.97818243674554,-46.76687334001852,SP342,229,L11
-21.97630295731774,-46.75770929088635,SP342,230,L11
-21.97365333358695,-46.74953580185943,SP342,231,L11
-21.96935241329711,-46.74126011415771,SP342,232,L11
-21.96141452804987,-46.73608165998298,SP342,233,L11
-21.9543520147847,-46.73004989911634,SP342,234,L11
-21.95049965951459,-46.72191928438214,SP342,235,L11
-21.94303475800021,-46.71633060798382,SP342,236,L11
-21.93302689586208,-46.7146713614046,SP342,237,L11
-21.93566397709911,-46.70600990391673,SP342,238,L11
-21.93657580487829,-46.69919958765789,SP342,239,L11
-21.93272113770816,-46.69626546381504,SP342,240,L11
-21.92405452165351,-46.69739663860077,SP342,241,L11
-21.91553009231078,-46.69923651509558,SP342,242,L11
-21.90695017427885,-46.69649125650575,SP342,243,L11
-21.89769755561792,-46.69610227816146,SP342,244,L11
-21.89003322979519,-46.69945413134105,SP342,245,L11
-21.8818856442593,-46.698460270776,SP342,246,L11
-21.87395488125177,-46.69528385613928,SP342,247,L11
-21.86782374124538,-46.68961451362981,SP342,248,L11
-21.85951424263481,-46.68963283431162,SP342,249,L11
-21.8530329446611,-46.68575432804731,SP342,250,L11
-21.8478551615007,-46.6842327072508,SP342,251,L11
-22.094512,-47.001629,SP344,200,L11
-22.09269592996952,-47.00000473599893,SP344,201,L11
-22.092705,-47.000005,SP344,201,L11
-22.08565009325202,-46.99352004576402,SP344,202,L11
-22.07898662280767,-46.98717255538242,SP344,203,L11
-22.07195018947969,-46.9809359543459,SP344,204,L11
-22.06837507283198,-46.97217589591585,SP344,205,L11
-22.06394100646137,-46.96438348055614,SP344,206,L11
-22.05964536050327,-46.95644815851626,SP344,207,L11
-22.05483331114624,-46.94816650130647,SP344,208,L11
-22.05031845367383,-46.93980186953128,SP344,209,L11
-22.04552074387775,-46.93156127355508,SP344,210,L11
-22.04099718500565,-46.9232352548745,SP344,211,L11
-22.03620632393367,-46.91495813188065,SP344,212,L11
-22.03316910241033,-46.90591240196117,SP344,213,L11
-22.02990626839364,-46.89680876346064,SP344,214,L11
-22.02694085678167,-46.88758140288441,SP344,215,L11
-22.02369526681732,-46.87858457722207,SP344,216,L11
-22.02072811799104,-46.86938328643429,SP344,217,L11
-22.01737651179747,-46.86011832398801,SP344,218,L11
-22.01463405170668,-46.85166956466617,SP344,219,L11
-22.01102052079001,-46.84236012429243,SP344,220,L11
-22.00687528219991,-46.83305522584194,SP344,221,L11
-22.00301397176613,-46.82503745664945,SP344,222,L11
-21.99900157121103,-46.81631859903028,SP344,223,L11
-21.9950494268232,-46.80782371003259,SP344,224,L11
-21.98642430882121,-46.81438636517701,SP344,225,L11
-21.97918647343743,-46.82043338197289,SP344,226,L11
-21.97199243796579,-46.82629997939618,SP344,227,L11
-21.96500909511711,-46.83245198732705,SP344,228,L11
-21.95625705987107,-46.83797732478534,SP344,229,L11
-21.9497693978727,-46.84088228767797,SP344,230,L11
-21.94240783907624,-46.84398774378559,SP344,231,L11
-21.9345681082148,-46.84747220973222,SP344,232,L11
-21.92756865418212,-46.85044871803942,SP344,233,L11
-21.92131743707686,-46.85325371438847,SP344,234,L11
-21.91168378829683,-46.85740722905517,SP344,235,L11
-21.90402632730769,-46.86092703121871,SP344,236,L11
-21.89595552503613,-46.86455852531374,SP344,237,L11
-21.8888783004271,-46.86754277521405,SP344,238,L11
-21.88057284380265,-46.87113573670371,SP344,239,L11
-21.87353880182549,-46.87429986527916,SP344,240,L11
-21.86601086501822,-46.8775415059085,SP344,241,L11
-21.85707215988936,-46.88009275853371,SP344,242,L11
-21.851587,-46.882564,SP344,243,L11
-21.77310761257142,-47.05834661332013,SP350,238,L11
-21.7707234638635,-47.05050411488619,SP350,239,L11
-21.76749468390324,-47.03980108440884,SP350,240,L11
-21.76484451236109,-47.03100049911553,SP350,241,L11
-21.76206933732566,-47.02198455628422,SP350,242,L11
-21.75898554100184,-47.01160828195163,SP350,243,L11
-21.75579353231238,-47.00263969016195,SP350,244,L11
-21.75070690536322,-46.99405290869828,SP350,245,L11
-21.74569746400282,-46.98612454035997,SP350,246,L11
-21.74106867965235,-46.97855595877185,SP350,247,L11
-21.73476838475908,-46.97115650132896,SP350,248,L11
-21.72815726936833,-46.96451602717648,SP350,249,L11
-21.72117829328203,-46.95885125287341,SP350,250,L11
-21.71412522817322,-46.95306329969623,SP350,251,L11
-21.70863208789844,-46.94907511383491,SP350,252,L11
-21.69947687264782,-46.94195533952389,SP350,253,L11
-21.69225534129368,-46.93626349429668,SP350,254,L11
-21.68509553753172,-46.93067934718754,SP350,255,L11
-21.67758586333414,-46.92565153390582,SP350,256,L11
-21.66857652739525,-46.92114810141481,SP350,257,L11
-21.66176169031224,-46.91798290007249,SP350,258,L11
-21.65186465233067,-46.9118141863119,SP350,259,L11
-21.64491574365331,-46.9080228185227,SP350,260,L11
-21.63523175491504,-46.90359697304717,SP350,261,L11
-21.62955131364327,-46.89954306516351,SP350,262,L11
-21.62343306308792,-46.89510021231889,SP350,263,L11
-21.62059216410312,-46.88686010888734,SP350,264,L11
-21.6200380089811,-46.87734685537801,SP350,265,L11
-21.61449158927553,-46.86885519184596,SP350,266,L11
-21.60942644184718,-46.86109356260568,SP350,267,L11
-21.60402785067142,-46.85480408852866,SP350,268,L11
-21.59650110918417,-46.84990549261493,SP350,269,L11
-21.5899922662114,-46.84266049145124,SP350,270,L11
-21.57285866809155,-46.8369979451823,SP350,271,L11
-21.566651,-46.836134,SP350,272,L11
-21.995025,-46.807709,SPI225/342,224,L11
-21.992377,-46.800029,SPI225/342,225,L11
-21.991381,-46.7925,SPI225/342,226,L11
-23.47785189735702,-47.43917961682867,SP075,0,L12
-23.47322353424477,-47.43092295766446,SP075,1,L12
-23.46841094006845,-47.42229162610363,SP075,2,L12
-23.46367972987034,-47.4142005928341,SP075,3,L12
-23.45837721473988,-47.40624654198462,SP075,4,L12
-23.45296277879062,-47.39849657833268,SP075,5,L12
-23.44762642842093,-47.39092476795873,SP075,6,L12
-23.4421652484213,-47.38322412473565,SP075,7,L12
-23.43627346047894,-47.37472391936071,SP075,8,L12
-23.43078517948595,-47.36696540263154,SP075,9,L12
-23.42555390241906,-47.35949579160657,SP075,10,L12
-23.4200656392559,-47.35167982002255,SP075,11,L12
-23.41414224272727,-47.34395464079343,SP075,12,L12
-23.40637151116722,-47.33838882642025,SP075,13,L12
-23.39775568866515,-47.3343836474691,SP075,14,L12
-23.38988343364234,-47.33075392967132,SP075,15,L12
-23.38153357310133,-47.32766401551824,SP075,16,L12
-23.6026068176623,-46.9299908247628,SP270,34,L12
-23.60196237205301,-46.93950697626288,SP270,35,L12
-23.60661065999401,-46.94826203663047,SP270,36,L12
-23.61108835145052,-46.95580786715051,SP270,37,L12
-23.61550147258106,-46.96374958704049,SP270,38,L12
-23.61504582905418,-46.97291935161485,SP270,39,L12
-23.61325230651559,-46.98239031540452,SP270,40,L12
-23.61216779231996,-46.99174554630923,SP270,41,L12
-23.61354238947085,-47.00059807878763,SP270,42,L12
-23.60878793686843,-47.00915881634353,SP270,43,L12
-23.60536218521404,-47.02023900461408,SP270,44,L12
-23.60600815209948,-47.02880404755947,SP270,45,L12
-23.60102829368918,-47.03642913042649,SP270,46,L12
-23.598031,-47.04494800000001,SP270,47,L12
-23.59673391993333,-47.05419529570201,SP270,48,L12
-23.59088760103616,-47.05924456753672,SP270,49,L12
-23.58378500552552,-47.06120964468427,SP270,50,L12
-23.57620310511027,-47.0639159577556,SP270,51,L12
-23.56966175098556,-47.07061584614447,SP270,52,L12
-23.56224585983355,-47.07574541403968,SP270,53,L12
-23.55660442276627,-47.08285306602601,SP270,54,L12
-23.5531054106103,-47.09165935370725,SP270,55,L12
-23.55260339138248,-47.101769214733,SP270,56,L12
-23.55574956771413,-47.11057685921862,SP270,57,L12
-23.55187911828054,-47.11868378706191,SP270,58,L12
-23.54938671474977,-47.12995513448703,SP270,59,L12
-23.54494278560556,-47.13470165905743,SP270,60,L12
-23.54118164826235,-47.13968414810359,SP270,61,L12
-23.53248641076797,-47.14367567195578,SP270,62,L12
-23.53078576926277,-47.14849508111481,SP270,63,L12
-23.53367805027128,-47.15674780822765,SP270,64,L12
-23.53392302493627,-47.16640674626652,SP270,65,L12
-23.53547758924019,-47.17534303067053,SP270,66,L12
-23.53856952084598,-47.18406008270203,SP270,67,L12
-23.533184611477,-47.19076669063382,SP270,68,L12
-23.53005999891261,-47.19978194848554,SP270,69,L12
-23.53173635979804,-47.208906299754,SP270,70,L12
-23.53387151791968,-47.21810708410639,SP270,71,L12
-23.53192799122298,-47.22649527098992,SP270,72,L12
-23.53046456130048,-47.23599772622983,SP270,73,L12
-23.53122739253977,-47.24634062692417,SP270,74,L12
-23.52508921206601,-47.25252219450282,SP270,75,L12
-23.51714848854277,-47.25723324752603,SP270,76,L12
-23.51439165107857,-47.26553721153381,SP270,77,L12
-23.51384513950274,-47.27453470353592,SP270,78,L12
-23.50939580939556,-47.27875592752354,SP270,79,L12
-23.5095783685554,-47.2896941291053,SP270,80,L12
-23.51206458819644,-47.29925282241024,SP270,81,L12
-23.51508082965416,-47.3095553288669,SP270,82,L12
-23.51586317038171,-47.31886947442572,SP270,83,L12
-23.51344557350838,-47.32660998707147,SP270,84,L12
-23.51052695484824,-47.33582935983913,SP270,85,L12
-23.51097722273508,-47.34550933552994,SP270,86,L12
-23.51056623163828,-47.3553893747501,SP270,87,L12
-23.50819327719814,-47.36185698094337,SP270,88,L12
-23.50238120016941,-47.37124839021106,SP270,89,L12
-23.49849623410702,-47.37914660118895,SP270,90,L12
-23.4956900266803,-47.38790554674392,SP270,91,L12
-23.49477464996914,-47.39812734704731,SP270,92,L12
-23.49856117767959,-47.40664319070228,SP270,93,L12
-23.50488636653715,-47.41383538299259,SP270,94,L12
-23.51120305007083,-47.42096937701577,SP270,95,L12
-23.51530830783176,-47.42864105603456,SP270,96,L12
-23.52066467579878,-47.43594464208363,SP270,97,L12
-23.52539564569503,-47.44338411435336,SP270,98,L12
-23.52748293846342,-47.45415273071478,SP270,99,L12
-23.52938487405499,-47.46403705331338,SP270,100,L12
-23.53126982023151,-47.47381360160741,SP270,101,L12
-23.53311275658858,-47.48335462291904,SP270,102,L12
-23.53487237146822,-47.49242434993921,SP270,103,L12
-23.53608609788586,-47.50228677605759,SP270,104,L12
-23.53013646447932,-47.50906641941449,SP270,105,L12
-23.52513063251851,-47.5166367898,SP270,106,L12
-23.52560515610181,-47.52578938993467,SP270,107,L12
-23.52015162840789,-47.53364392052373,SP270,108,L12
-23.5136890785883,-47.53969686996954,SP270,109,L12
-23.51062013806121,-47.54907405664598,SP270,110,L12
-23.50944343316993,-47.55917252060112,SP270,111,L12
-23.5120493165469,-47.56865898413653,SP270,112,L12
-23.5145962850121,-47.57785097409937,SP270,113,L12
-23.51703350492326,-47.586551697022,SP270,114,L12
-23.51904439572986,-47.59642878881557,SP270,115,L12
-23.52533376495909,-46.75029934015459,SP280,13,L12
-23.52332502265869,-46.75813877392015,SP280,14,L12
-23.52049182671748,-46.76751185820369,SP280,15,L12
-23.5203851118511,-46.77767514474946,SP280,16,L12
-23.51806348572919,-46.78722091553045,SP280,17,L12
-23.51457765710737,-46.79587902345735,SP280,18,L12
-23.51137943443458,-46.80539246040302,SP280,19,L12
-23.51025135987606,-46.81698024450223,SP280,20,L12
-23.50843295542538,-46.82499413868657,SP280,21,L12
-23.50703719399419,-46.83542231855189,SP280,22,L12
-23.50619102252922,-46.84513334364235,SP280,23,L12
-23.50527417516138,-46.85542089751245,SP280,24,L12
-23.50469338899897,-46.86397997974821,SP280,25,L12
-23.50488501481487,-46.87284361143244,SP280,26,L12
-23.50507392136394,-46.88263734909286,SP280,27,L12
-23.50600629136468,-46.89287250827968,SP280,28,L12
-23.50761573012433,-46.90232441754429,SP280,29,L12
-23.51032741476409,-46.91167494205902,SP280,30,L12
-23.51368026473579,-46.92094751309222,SP280,31,L12
-23.51674473334846,-46.93005988517769,SP280,32,L12
-23.51776135518271,-46.94033857489988,SP280,33,L12
-23.51905435254097,-46.94947181390561,SP280,34,L12
-23.51716863881798,-46.95891298856369,SP280,35,L12
-23.51258873537383,-46.96785359284074,SP280,36,L12
-23.50792284887153,-46.97540467446714,SP280,37,L12
-23.50116357888523,-46.98189446435691,SP280,38,L12
-23.49315998420383,-46.98615131305607,SP280,39,L12
-23.48599841811301,-46.99168718003899,SP280,40,L12
-23.47864803237785,-46.99759965129368,SP280,41,L12
-23.47322303502238,-47.00539233404332,SP280,42,L12
-23.46991071014043,-47.01501041476165,SP280,43,L12
-23.4667597679743,-47.0241180373799,SP280,44,L12
-23.46289016444236,-47.03280158031713,SP280,45,L12
-23.4605044381193,-47.04200578371378,SP280,46,L12
-23.45650868300979,-47.05077929527787,SP280,47,L12
-23.44987879147526,-47.05698520614489,SP280,48,L12
-23.44199685846232,-47.06277018763099,SP280,49,L12
-23.43705558031609,-47.07134226402316,SP280,50,L12
-23.43609945086473,-47.08086904251778,SP280,51,L12
-23.43598662085531,-47.09083979192958,SP280,52,L12
-23.43741208571913,-47.10036266897848,SP280,53,L12
-23.4392795436124,-47.1086904769971,SP280,54,L12
-23.43704035350152,-47.11763837671341,SP280,55,L12
-23.43189121037958,-47.12576740543641,SP280,56,L12
-23.42865939886168,-47.13493275309229,SP280,57,L12
-23.4261934892711,-47.14439328745804,SP280,58,L12
-23.42282451320897,-47.15312775116257,SP280,59,L12
-23.42198051436477,-47.16291300426511,SP280,60,L12
-23.42120317148233,-47.172869178242,SP280,61,L12
-23.42050225369594,-47.1826842817245,SP280,62,L12
-23.41980175143088,-47.19245398348428,SP280,63,L12
-23.41913878339795,-47.20190892213268,SP280,64,L12
-23.41844511112137,-47.21197626262164,SP280,65,L12
-23.41897840010854,-47.22199612846327,SP280,66,L12
-23.42138193893907,-47.23127992858546,SP280,67,L12
-23.42311890037821,-47.23978911587602,SP280,68,L12
-23.42070160950273,-47.24884235309651,SP280,69,L12
-23.41543201024273,-47.2571900322742,SP280,70,L12
-23.41439214813782,-47.26659325730742,SP280,71,L12
-23.4115425531374,-47.27535703872206,SP280,72,L12
-23.40861828570155,-47.2849783658779,SP280,73,L12
-23.40704369076676,-47.29444444470056,SP280,74,L12
-23.40562761242179,-47.30405369581792,SP280,75,L12
-23.40417403662353,-47.31453827001483,SP280,76,L12
-23.40277577795986,-47.32433358749378,SP280,77,L12
-23.40110908936933,-47.33374537254322,SP280,78,L12
-23.39825653074229,-47.34361407294681,SP280,79,L12
-23.55155311838943,-47.11903954436012,SPI060/270,0,L12
-23.549289,-47.129534,SPI060/270,1,L12
-23.543237,-47.136102,SPI060/270,2,L12
-23.536805,-47.142077,SPI060/270,3,L12
-23.5323985,-47.14398,SPI060/270,4,L12
-23.51069214005014,-47.35542098331423,SPI087/270,0,L12
-23.50912877460581,-47.36207924533592,SPI087/270,1,L12
-23.50403138298994,-47.37196315885758,SPI087/270,2,L12
-23.49490855397012,-47.39118025395904,SPI091/270,0,L12
-23.48631414787314,-47.38884255939275,SPI091/270,1,L12
-23.47927477628344,-47.38340139031077,SPI091/270,2,L12
-23.47082208951396,-47.38182065800541,SPI091/270,3,L12
-23.46275415437028,-47.38046236689334,SPI091/270,4,L12
-23.4543780714047,-47.38272904406214,SPI091/270,5,L12
-23.44664319300328,-47.38674864549277,SPI091/270,6,L12
-23.39006448663982,-47.33108090986611,SP075,15,L13
-23.38273266890777,-47.32770684404002,SP075,16,L13
-23.37342021577525,-47.32683167510769,SP075,17,L13
-23.36438579311629,-47.32614595198521,SP075,18,L13
-23.35540499162685,-47.32545608551961,SP075,19,L13
-23.34643213607638,-47.32478350115819,SP075,20,L13
-23.33736790717279,-47.32412388638207,SP075,21,L13
-23.3284450964788,-47.32544603852762,SP075,22,L13
-23.31980829875689,-47.32814684971337,SP075,23,L13
-23.31113938987003,-47.33067839727549,SP075,24,L13
-23.3021760154333,-47.3319140436857,SP075,25,L13
-23.29326229662565,-47.33048342037075,SP075,26,L13
-23.28439841238816,-47.32864773927528,SP075,27,L13
-23.27515812362858,-47.32667701005025,SP075,28,L13
-23.26679489699263,-47.32490709181862,SP075,29,L13
-23.25808168828812,-47.322123218262,SP075,30,L13
-23.24969117717069,-47.3185696299804,SP075,31,L13
-23.24102473470541,-47.31566891493213,SP075,32,L13
-23.23212012974397,-47.31677364907132,SP075,33,L13
-23.22322270077875,-47.31867954420677,SP075,34,L13
-23.21436890511945,-47.32058432804035,SP075,35,L13
-23.20551714687454,-47.32249978682434,SP075,36,L13
-23.1967146750637,-47.32430647035123,SP075,37,L13
-23.19045294475932,-47.31760680293321,SP075,38,L13
-23.18522666921064,-47.30955270066719,SP075,39,L13
-23.18021730142971,-47.30066535709893,SP075,40,L13
-23.17948606111494,-47.2912232055469,SP075,41,L13
-23.17974628341519,-47.28286671946204,SP075,42,L13
-23.17773710691689,-47.27343494564515,SP075,43,L13
-23.16972758515081,-47.26817807102857,SP075,44,L13
-23.16032255189811,-47.26274265764217,SP075,45,L13
-23.15454969049664,-47.2580522358716,SP075,46,L13
-23.14815828076318,-47.25288800941699,SP075,47,L13
-23.14103990841603,-47.24672342705592,SP075,48,L13
-23.13501404479149,-47.23911552777282,SP075,49,L13
-23.12923526557977,-47.23191417246997,SP075,50,L13
-23.12326784058371,-47.22446611451613,SP075,51,L13
-23.11771118064812,-47.21691962607346,SP075,52,L13
-23.11080951040461,-47.20902487384765,SP075,53,L13
-23.10570155426422,-47.20253535971254,SP075,54,L13
-23.09990144039794,-47.1951242835028,SP075,55,L13
-23.09363971023073,-47.18724216426768,SP075,56,L13
-23.08755400248883,-47.18004011212967,SP075,57,L13
-23.08148407946304,-47.1733512038557,SP075,58,L13
-23.07514977945162,-47.16692793371189,SP075,59,L13
-23.06822252723479,-47.15974406524259,SP075,60,L13
-23.06161267193276,-47.15301774569058,SP075,61,L13
-23.05553800854425,-47.14672148890743,SP075,62,L13
-23.04893988790902,-47.13994048456938,SP075,63,L13
-23.04060950254747,-47.13529860173917,SP075,64,L13
-23.03233346888083,-47.13210936372384,SP075,65,L13
-23.02554712994274,-47.12640727909363,SP075,66,L13
-23.01822405022734,-47.12026814019291,SP075,67,L13
-23.01049654435599,-47.11555581663404,SP075,68,L13
-23.00246248087553,-47.11190593969052,SP075,69,L13
-22.9930798172635,-47.1106332075358,SP075,70,L13
-22.99265215079898,-47.10830633963992,SP075,70,L13
-22.98425377453986,-47.10568145368944,SP075,71,L13
-22.97628493012637,-47.10357715986081,SP075,72,L13
-22.96807277048918,-47.10070004356675,SP075,73,L13
-22.95910922388205,-47.09587531421646,SP075,74,L13
-22.95184549261735,-47.09210045123754,SP075,75,L13
-22.94354740724569,-47.08818231813509,SP075,76,L13
-22.93565626961335,-47.08343251833473,SP075,77,L13
-22.93383801956526,-47.07806272555108,SP075,78,L13
-22.43207734448137,-47.5674479845227,SP127,0,L13
-22.44109938557779,-47.57191730641173,SP127,1,L13
-22.45073388804197,-47.57386000739423,SP127,2,L13
-22.45887714025738,-47.57569866516848,SP127,3,L13
-22.46741427169675,-47.57982090866167,SP127,4,L13
-22.47653461147294,-47.57958339759252,SP127,5,L13
-22.48515949193834,-47.57968319412525,SP127,6,L13
-22.49400398535022,-47.5812146530405,SP127,7,L13
-22.50290328878219,-47.58276188303649,SP127,8,L13
-22.51187664566155,-47.5843473183998,SP127,9,L13
-22.52102582249772,-47.58471563899364,SP127,10,L13
-22.5298998226639,-47.58387736899668,SP127,11,L13
-22.53871281064914,-47.58305032087574,SP127,12,L13
-22.54771869431452,-47.58220246428318,SP127,13,L13
-22.55638697532831,-47.58371555010712,SP127,14,L13
-22.56543694284619,-47.58597530085325,SP127,15,L13
-22.57453775563635,-47.58826463710754,SP127,16,L13
-22.58289279203851,-47.59034933815612,SP127,17,L13
-22.59143975967733,-47.5924989953371,SP127,18,L13
-22.59997524876191,-47.59465363202237,SP127,19,L13
-22.607577380671,-47.59657590177415,SP127,20,L13
-22.61704494918362,-47.59887375670699,SP127,21,L13
-22.62541195318486,-47.60103110663578,SP127,22,L13
-22.63481664766995,-47.60311179753058,SP127,23,L13
-22.64344599192768,-47.60529512752106,SP127,24,L13
-22.65153388910564,-47.60956473283588,SP127,25,L13
-22.65825843911211,-47.61357707333823,SP127,26,L13
-22.66518202647296,-47.61978386246219,SP127,27,L13
-22.67054805499642,-47.62670573239717,SP127,28,L13
-22.67716053334259,-47.63382827812011,SP127,29,L13
-22.68463470270388,-47.63869935550914,SP127,30,L13
-22.69195320482664,-47.64627220728936,SP127,31,L13
-22.69757855176929,-47.65308785190306,SP127,32,L13
-22.753521,-47.648146,SP127,39,L13
-22.7554867634993,-47.64695182376681,SP127,40,L13
-22.76462444433946,-47.64530600085909,SP127,41,L13
-22.77311823539365,-47.64875662800757,SP127,42,L13
-22.78227188027636,-47.65272810536572,SP127,43,L13
-22.79162442907556,-47.65683098120414,SP127,44,L13
-22.79911140103271,-47.66006880878698,SP127,45,L13
-22.80665072981094,-47.66333558920463,SP127,46,L13
-22.81421758430628,-47.66663766691441,SP127,47,L13
-22.82337084319836,-47.67060398731445,SP127,48,L13
-22.83157917730683,-47.67441872649365,SP127,49,L13
-22.84017653507718,-47.67782783198066,SP127,50,L13
-22.84841641416483,-47.68158875146423,SP127,51,L13
-22.85690254999565,-47.68511291357136,SP127,52,L13
-22.86517635920329,-47.68892459421958,SP127,53,L13
-22.87425228965901,-47.68945409905313,SP127,54,L13
-22.88166097265231,-47.69301404787317,SP127,55,L13
-22.88891802687405,-47.69712123035472,SP127,56,L13
-22.89735871018456,-47.69951707773701,SP127,57,L13
-22.90497479729207,-47.70484014124946,SP127,58,L13
-22.91246100255942,-47.71027381687048,SP127,59,L13
-22.91998100866851,-47.71543977412838,SP127,60,L13
-22.92892871951862,-47.71735131771044,SP127,61,L13
-22.93790173252751,-47.71834375327553,SP127,62,L13
-22.94689749211863,-47.71910588777154,SP127,63,L13
-22.95584330892957,-47.71771353377258,SP127,64,L13
-22.96479164092804,-47.7165963303767,SP127,65,L13
-22.97382041790878,-47.71589930543973,SP127,66,L13
-22.98279248140793,-47.71518453804417,SP127,67,L13
-22.99172678578299,-47.71575661314033,SP127,68,L13
-22.99964348290647,-47.71749447031319,SP127,69,L13
-23.00975600289542,-47.71718054766947,SP127,70,L13
-23.01860780567042,-47.7166757055294,SP127,71,L13
-23.02761093573977,-47.71617451621599,SP127,72,L13
-23.03667091672731,-47.71564779669359,SP127,73,L13
-23.04488989442444,-47.71567331456744,SP127,74,L13
-23.05192481889028,-47.7208542987607,SP127,75,L13
-23.06059842225632,-47.72367970335929,SP127,76,L13
-23.06835956183969,-47.72938922304746,SP127,77,L13
-23.07621907448947,-47.72518487817688,SP127,78,L13
-23.08424570564769,-47.71972362636462,SP127,79,L13
-23.09186484298512,-47.72212581480597,SP127,80,L13
-23.10054179517871,-47.72447828779279,SP127,81,L13
-23.10963944478522,-47.72446142218508,SP127,82,L13
-23.11639887033851,-47.71810303773351,SP127,83,L13
-23.12522718278711,-47.71770769667459,SP127,84,L13
-23.13319600345136,-47.72096935960329,SP127,85,L13
-23.13872462592623,-47.72734943969833,SP127,86,L13
-23.14272929680841,-47.73400952321867,SP127,87,L13
-23.15070542720045,-47.73897518066331,SP127,88,L13
-23.15601083803011,-47.74650013550458,SP127,89,L13
-23.16258743285277,-47.75254977159118,SP127,90,L13
-23.17030509866827,-47.75184030268621,SP127,91,L13
-23.17926853196634,-47.75694003942687,SP127,92,L13
-23.18611003120643,-47.76333283430773,SP127,93,L13
-23.19217614597887,-47.76913018073551,SP127,94,L13
-23.19905485993799,-47.77549998853964,SP127,95,L13
-23.20769588000472,-47.77722636871496,SP127,96,L13
-23.2146272659885,-47.78530575285953,SP127,97,L13
-23.22321412260715,-47.78888040206996,SP127,98,L13
-23.23148134069329,-47.79125433565631,SP127,99,L13
-23.24008577936231,-47.79427128265276,SP127,100,L13
-23.24868051961628,-47.79723777523946,SP127,101,L13
-23.25743398405799,-47.79843102321541,SP127,102,L13
-23.26631878315835,-47.79750854893414,SP127,103,L13
-23.2746232895129,-47.80210199502264,SP127,104,L13
-23.28380099513819,-47.80731860231491,SP127,105,L13
-23.28932011520756,-47.81048842894699,SP127,106,L13
-23.39734903306706,-47.34652485951818,SP280,79,L13
-23.39527114794314,-47.35119683874851,SP280,80,L13
-23.3916310395649,-47.360464183066,SP280,81,L13
-23.38840253776587,-47.36936013551898,SP280,82,L13
-23.3857573090186,-47.37889045247493,SP280,83,L13
-23.38321099375865,-47.38790839168832,SP280,84,L13
-23.38045911351303,-47.39725341717666,SP280,85,L13
-23.3785666429403,-47.40678482736965,SP280,86,L13
-23.37688731512025,-47.41650152409336,SP280,87,L13
-23.37524071461541,-47.42595898677775,SP280,88,L13
-23.3735576382854,-47.43553935414905,SP280,89,L13
-23.37190222196512,-47.44512254746515,SP280,90,L13
-23.37020710877544,-47.45476020805152,SP280,91,L13
-23.36813375214529,-47.46420229766871,SP280,92,L13
-23.36541156224204,-47.47348691109856,SP280,93,L13
-23.36216604781027,-47.48266620198937,SP280,94,L13
-23.36002726815025,-47.4920788855603,SP280,95,L13
-23.35683683390595,-47.5009662610245,SP280,96,L13
-23.35298913624633,-47.51009149720425,SP280,97,L13
-23.348850226249,-47.51888414142209,SP280,98,L13
-23.34476924905891,-47.5275508390715,SP280,99,L13
-23.34066330919523,-47.53626964861297,SP280,100,L13
-23.33656280520773,-47.54494743816119,SP280,101,L13
-23.3324455075754,-47.5536660682504,SP280,102,L13
-23.32833148318878,-47.56234333560848,SP280,103,L13
-23.32420024188338,-47.57099909428669,SP280,104,L13
-23.32036527558202,-47.57984695387772,SP280,105,L13
-23.31936849701214,-47.59016891895977,SP280,106,L13
-23.31898983170615,-47.59935071055329,SP280,107,L13
-23.31857680917861,-47.60909604391497,SP280,108,L13
-23.31812432951789,-47.61910721412909,SP280,109,L13
-23.31769208302322,-47.62859726284032,SP280,110,L13
-23.31668144737073,-47.6381696541232,SP280,111,L13
-23.31164424232117,-47.64620305119831,SP280,112,L13
-23.30631969132409,-47.65432011121328,SP280,113,L13
-23.30177658199247,-47.66277064927597,SP280,114,L13
-23.29913556117462,-47.67208944783172,SP280,115,L13
-23.29663229671073,-47.6814341212487,SP280,116,L13
-23.29416292539823,-47.69082372499593,SP280,117,L13
-23.29453234757191,-47.70088256834381,SP280,118,L13
-23.29533755970311,-47.71023634465628,SP280,119,L13
-23.29433721175971,-47.71992885768898,SP280,120,L13
-23.29284560364301,-47.72986411949379,SP280,121,L13
-23.29113016124032,-47.73915897105819,SP280,122,L13
-23.28939056627753,-47.74864264235575,SP280,123,L13
-23.28765929152206,-47.75829068235915,SP280,124,L13
-23.28587565887041,-47.76815254023777,SP280,125,L13
-23.28408295914614,-47.77799195566158,SP280,126,L13
-23.28329574990248,-47.787226232856,SP280,127,L13
-23.28306501046154,-47.79731612653818,SP280,128,L13
-23.2826798427147,-47.80697211596237,SP280,129,L13
-23.28079912517819,-47.8125296663198,SP280,130,L13
-23.17262214460547,-46.94846803736536,SP300,65,L13
-23.17424148320988,-46.95198455999783,SP300,65,L13
-23.17924183770814,-46.95951458825725,SP300,66,L13
-23.1827359962403,-46.96833962379371,SP300,67,L13
-23.18622986474483,-46.9780628112797,SP300,68,L13
-23.18926342361199,-46.98682800859391,SP300,69,L13
-23.19561763164379,-46.99479715756147,SP300,70,L13
-23.20033805424639,-47.0024825114962,SP300,71,L13
-23.20497463545379,-47.0104164516832,SP300,72,L13
-23.21207990489627,-47.01639405075158,SP300,73,L13
-23.21867875626062,-47.02295520088348,SP300,74,L13
-23.22528702059324,-47.02996673949588,SP300,75,L13
-23.23094943247433,-47.03737467284796,SP300,76,L13
-23.23671929578432,-47.04468518703276,SP300,77,L13
-23.24186645181404,-47.0529288137815,SP300,78,L13
-23.24462203064859,-47.0624306015749,SP300,79,L13
-23.24718225253857,-47.07173576317016,SP300,80,L13
-23.2496883637738,-47.08090891479231,SP300,81,L13
-23.25239233786561,-47.09048316109142,SP300,82,L13
-23.25500096074759,-47.09979350663065,SP300,83,L13
-23.25927662531183,-47.1083528377732,SP300,84,L13
-23.26343211634167,-47.11685877947197,SP300,85,L13
-23.26146151330773,-47.12595419954343,SP300,86,L13
-23.25674755685879,-47.13455439282424,SP300,87,L13
-23.25531198092608,-47.14421252298885,SP300,88,L13
-23.25623277655269,-47.15361753909032,SP300,89,L13
-23.25724197671045,-47.16352929482511,SP300,90,L13
-23.2574497120053,-47.17241798516934,SP300,91,L13
-23.25929308625299,-47.18233474864937,SP300,92,L13
-23.26142536517381,-47.19026530243518,SP300,93,L13
-23.2588512892984,-47.19960462702603,SP300,94,L13
-23.25581073819532,-47.20832056455567,SP300,95,L13
-23.25201730923895,-47.21677724010758,SP300,96,L13
-23.24990883803924,-47.22532226113476,SP300,97,L13
-23.25317394366928,-47.23447586020186,SP300,98,L13
-23.25681698686292,-47.24353109148717,SP300,99,L13
-23.25878452950672,-47.25014782842901,SP300,100,L13
-23.26024856369592,-47.25805180665667,SP300,101,L13
-23.26416515157459,-47.2643519435285,SP300,102,L13
-23.26401343361815,-47.26500200689976,SP300,102,L13
-23.26679303753866,-47.27371790304579,SP300,103,L13
-23.254177,-47.320538,SP300,108,L13
-23.25427114830794,-47.32008967346929,SP300,109,L13
-23.25376382185252,-47.32150042345597,SP300,109,L13
-23.25268252838562,-47.33126880181787,SP300,110,L13
-23.2534847510452,-47.34086717217629,SP300,111,L13
-23.25459167011296,-47.35032522597805,SP300,112,L13
-23.25414605206666,-47.35993490019762,SP300,113,L13
-23.24887778906311,-47.36718562816018,SP300,114,L13
-23.24202965504157,-47.37365255188587,SP300,115,L13
-23.24014406792736,-47.3831012970827,SP300,116,L13
-23.23913128976809,-47.39273693334023,SP300,117,L13
-23.2347910932818,-47.40119509663834,SP300,118,L13
-23.23064941960688,-47.40938845128109,SP300,119,L13
-23.23000122410476,-47.41945841065884,SP300,120,L13
-23.23028095863995,-47.42927008923875,SP300,121,L13
-23.23039047260743,-47.43899581049407,SP300,122,L13
-23.23159059403618,-47.44874517063261,SP300,123,L13
-23.22914997160166,-47.45761952862277,SP300,124,L13
-23.22818738514998,-47.46745629365106,SP300,125,L13
-23.22219170072291,-47.4746642346586,SP300,126,L13
-23.21771594294644,-47.48302835511632,SP300,127,L13
-23.21276089712409,-47.49124555143226,SP300,128,L13
-23.2127504820201,-47.50104227721867,SP300,129,L13
-23.21785512440402,-47.50864638323654,SP300,130,L13
-23.22648371517763,-47.50928396895255,SP300,131,L13
-23.23361851773268,-47.5150379343307,SP300,132,L13
-23.23268464093344,-47.52470699071127,SP300,133,L13
-23.23057521820524,-47.53357792692691,SP300,134,L13
-23.22788031396493,-47.54280989675297,SP300,135,L13
-23.22662366225486,-47.55240886816372,SP300,136,L13
-23.22709202955241,-47.56150932643837,SP300,137,L13
-23.22478876346942,-47.57028557512478,SP300,138,L13
-23.21675546904486,-47.57130562910753,SP300,139,L13
-23.21147174639819,-47.57891609187254,SP300,140,L13
-23.20982696929971,-47.5880832847233,SP300,141,L13
-23.20746044504227,-47.59679363578226,SP300,142,L13
-23.20179143928812,-47.60425004274839,SP300,143,L13
-23.19829978643338,-47.61283336495951,SP300,144,L13
-23.19579697386489,-47.62194205774034,SP300,145,L13
-23.19156612763613,-47.63085448167471,SP300,146,L13
-23.18397187809265,-47.63620254640749,SP300,147,L13
-23.17618491249769,-47.64092466648467,SP300,148,L13
-23.16784025269249,-47.64460221254647,SP300,149,L13
-23.15980000305656,-47.64942600290934,SP300,150,L13
-23.1563158387345,-47.65737952769947,SP300,151,L13
-23.14990524199686,-47.66494370513616,SP300,152,L13
-23.14370378604414,-47.67204814231415,SP300,153,L13
-23.13921693233386,-47.68013325482664,SP300,154,L13
-23.1335950979146,-47.68668342178471,SP300,155,L13
-23.12988157945964,-47.6952051704845,SP300,156,L13
-23.12225337398711,-47.7004011752968,SP300,157,L13
-23.11882369489307,-47.70827410343699,SP300,158,L13
-23.1182626883612,-47.71471472088969,SP300,159,L13
-23.26409341763551,-47.26464220152073,SPI102/300,0,L13
-23.25884464002436,-47.27144521128241,SPI102/300,1,L13
-23.25388660991635,-47.27866542140765,SPI102/300,2,L13
-23.2467516418314,-47.28252762469055,SPI102/300,3,L13
-23.23792837883645,-47.28458936873697,SPI102/300,4,L13
-23.23128415170665,-47.29030502619322,SPI102/300,5,L13
-23.23096710035179,-47.30010053271212,SPI102/300,6,L13
-23.23258558174238,-47.30955183158133,SPI102/300,7,L13
-23.235885,-47.316177,SPI102/300,8,L13
-21.782631,-52.10795,PSE050,2,L16
-21.885505,-51.881545,PTN075,1,L16
-22.501787,-50.917803,RHR154,2,L16
-21.990786,-51.662355,SAS055,1,L16
-22.022537,-51.717487,SAS393,7,L16
-22.3617648147047,-49.04067378491169,SP225,235,L16
-22.3677037283778,-49.0481243748218,SP225,236,L16
-22.3735814541579,-49.0557431057096,SP225,237,L16
-22.3791073914618,-49.0629533864558,SP225,238,L16
-22.3848983645439,-49.0705372486264,SP225,239,L16
-22.3905519582331,-49.0780030936003,SP225,240,L16
-22.3962911311537,-49.0854199882597,SP225,241,L16
-22.4023884627968,-49.0926378127188,SP225,242,L16
-22.4084875546396,-49.0996916033328,SP225,243,L16
-22.4150177277625,-49.1072980966419,SP225,244,L16
-22.4194335658103,-49.1151823662222,SP225,245,L16
-22.4237313866616,-49.1236543748528,SP225,246,L16
-22.4285621289164,-49.1317579988391,SP225,247,L16
-22.4359963741154,-49.1363372001797,SP225,248,L16
-22.4397792946547,-49.14503711275761,SP225,249,L16
-22.4436006043107,-49.1537346784026,SP225,250,L16
-22.4474380910397,-49.1626208368689,SP225,251,L16
-22.4512897431851,-49.1714446339757,SP225,252,L16
-22.4551230389625,-49.18023590929811,SP225,253,L16
-22.4589860904962,-49.1891243308783,SP225,254,L16
-22.4627156183124,-49.19768828898669,SP225,255,L16
-22.46685413720507,-49.20638823763312,SP225,256,L16
-22.472260594368,-49.2138637695462,SP225,257,L16
-22.4786131549627,-49.2207326553762,SP225,258,L16
-22.479742616415,-49.23007663339381,SP225,259,L16
-22.4820087477565,-49.2394277360291,SP225,260,L16
-22.4886881187558,-49.2454834096134,SP225,261,L16
-22.4920896627009,-49.25404728390281,SP225,262,L16
-22.4957877583802,-49.2633577343077,SP225,263,L16
-22.4991851113737,-49.2718989774585,SP225,264,L16
-22.5029498431832,-49.28135577589279,SP225,265,L16
-22.5062988325954,-49.2898044828326,SP225,266,L16
-22.509876228869,-49.2987809143961,SP225,267,L16
-22.5134469196201,-49.30761870928109,SP225,268,L16
-22.5187212321908,-49.3157094251365,SP225,269,L16
-22.5240707304329,-49.32359922677279,SP225,270,L16
-22.5303234625608,-49.33280356228361,SP225,271,L16
-22.5357590727508,-49.3408052753658,SP225,272,L16
-22.5404529087246,-49.3477491661907,SP225,273,L16
-22.5454312562943,-49.3550735246391,SP225,274,L16
-22.55075259134181,-49.3629405274988,SP225,275,L16
-22.5582560710609,-49.3676253408194,SP225,276,L16
-22.566906362772,-49.3709428980947,SP225,277,L16
-22.57551239803441,-49.374271016568,SP225,278,L16
-22.5843451637775,-49.3776158150286,SP225,279,L16
-22.59227511473,-49.38065869733701,SP225,280,L16
-22.6016220264137,-49.38285576179629,SP225,281,L16
-22.61013954877861,-49.38300118781631,SP225,282,L16
-22.6194339059293,-49.3831992521882,SP225,283,L16
-22.628246890381,-49.3838864006103,SP225,284,L16
-22.6349513232708,-49.3904103711248,SP225,285,L16
-22.641442772001,-49.39708957448611,SP225,286,L16
-22.6480150222779,-49.4038700312376,SP225,287,L16
-22.6550194434822,-49.4098858069629,SP225,288,L16
-22.6632774807513,-49.41128754615791,SP225,289,L16
-22.6716405898333,-49.41267723217611,SP225,290,L16
-22.681722259149,-49.4146185647697,SP225,291,L16
-22.688635904342,-49.4206385314465,SP225,292,L16
-22.6954826619476,-49.4272365979851,SP225,293,L16
-22.7019932214171,-49.4333981350065,SP225,294,L16
-22.70884722222222,-49.43996111111111,SP225,295,L16
-22.7154075354338,-49.4462468381972,SP225,296,L16
-22.7221612539143,-49.4527099560947,SP225,297,L16
-22.7292136196047,-49.4595111999661,SP225,298,L16
-22.7358816750348,-49.4658480025828,SP225,299,L16
-22.7426810748875,-49.47235495783389,SP225,300,L16
-22.7494361344725,-49.47882302105431,SP225,301,L16
-22.7562116459012,-49.4853127095849,SP225,302,L16
-22.76282094419,-49.49158203788111,SP225,303,L16
-22.7696687076241,-49.49819510802631,SP225,304,L16
-22.776368027553,-49.50461715459829,SP225,305,L16
-22.783139012754,-49.5110838767142,SP225,306,L16
-22.7899136021734,-49.5175798516721,SP225,307,L16
-22.7966797258705,-49.5240710489452,SP225,308,L16
-22.8029138501734,-49.5300791971386,SP225,309,L16
-22.8103327564895,-49.5371448062361,SP225,310,L16
-22.8170025721193,-49.5436026435346,SP225,311,L16
-22.8236926719547,-49.5500210858882,SP225,312,L16
-22.8303903155029,-49.5563808549196,SP225,313,L16
-22.83708703704181,-49.562817318365,SP225,314,L16
-22.8439095709473,-49.5694061648101,SP225,315,L16
-22.8507507126779,-49.5759365055711,SP225,316,L16
-22.8573728352785,-49.5823093503714,SP225,317,L16
-22.8628087434918,-49.589461799711,SP225,318,L16
-22.41508102262607,-49.1280905193402,SP247/225,1,L16
-22.92532274878547,-49.89774809046133,SP270,382,L16
-22.9196936264634,-49.9056388344616,SP270,383,L16
-22.9146112594754,-49.9132059328258,SP270,384,L16
-22.9092043451965,-49.9211887735874,SP270,385,L16
-22.9039668291807,-49.9289279524237,SP270,386,L16
-22.898615738377,-49.9368217773736,SP270,387,L16
-22.8933879453689,-49.9445699248463,SP270,388,L16
-22.8880954440683,-49.9523780867458,SP270,389,L16
-22.882787687704,-49.96020879596481,SP270,390,L16
-22.8775135427714,-49.9679895490408,SP270,391,L16
-22.8708068467677,-49.9741917382926,SP270,392,L16
-22.8631809912622,-49.9793482851237,SP270,393,L16
-22.8556278906763,-49.9844182468951,SP270,394,L16
-22.8508222941309,-49.99230092391381,SP270,395,L16
-22.8490541316569,-50.0008179433644,SP270,396,L16
-22.8456095047295,-50.00941098667691,SP270,397,L16
-22.8399123251438,-50.0162838958204,SP270,398,L16
-22.8339621797204,-50.02346408553431,SP270,399,L16
-22.8282122779638,-50.03089648671449,SP270,400,L16
-22.8231190145016,-50.0391022022814,SP270,401,L16
-22.8189357742667,-50.04738100804389,SP270,402,L16
-22.8145198523998,-50.05599123425791,SP270,403,L16
-22.8102848958224,-50.0644471496344,SP270,404,L16
-22.8060164116323,-50.0729251094163,SP270,405,L16
-22.8017327561975,-50.0814333278686,SP270,406,L16
-22.7974356058985,-50.0899588968605,SP270,407,L16
-22.7932236157358,-50.0983002316207,SP270,408,L16
-22.7888811193407,-50.1068952027709,SP270,409,L16
-22.7845811191946,-50.1154252979905,SP270,410,L16
-22.7802860643715,-50.1239483524114,SP270,411,L16
-22.7760532870889,-50.13233008794491,SP270,412,L16
-22.7716824598611,-50.1409150008113,SP270,413,L16
-22.7674929331988,-50.14927854761491,SP270,414,L16
-22.76323107071221,-50.157738570124,SP270,415,L16
-22.7589185815305,-50.16626296564941,SP270,416,L16
-22.7546288073063,-50.17477135173981,SP270,417,L16
-22.7502653561533,-50.1834102440626,SP270,418,L16
-22.7460605744273,-50.19172048196201,SP270,419,L16
-22.7416205964983,-50.2004111744464,SP270,420,L16
-22.7373578958214,-50.2089644875378,SP270,421,L16
-22.7334959339351,-50.21659411489969,SP270,422,L16
-22.72935468703511,-50.2247893530876,SP270,423,L16
-22.7250760607422,-50.23326454684139,SP270,424,L16
-22.7206460572779,-50.24201198481029,SP270,425,L16
-22.7163973543793,-50.25041341781621,SP270,426,L16
-22.7124312054366,-50.25825745426119,SP270,427,L16
-22.7077929954976,-50.2674429304898,SP270,428,L16
-22.70348411053419,-50.2759702596814,SP270,429,L16
-22.6993112638593,-50.284212268889,SP270,430,L16
-22.6951322983951,-50.29248462058609,SP270,431,L16
-22.6907835993916,-50.3009835351259,SP270,432,L16
-22.6863615587354,-50.30967929959301,SP270,433,L16
-22.6819544378668,-50.3184864576906,SP270,434,L16
-22.6774582173676,-50.327325006947,SP270,435,L16
-22.6732435449958,-50.3356296289713,SP270,436,L16
-22.668455215171,-50.3450611140579,SP270,437,L16
-22.6641202624887,-50.3535326197744,SP270,438,L16
-22.65983358956881,-50.36205500364309,SP270,439,L16
-22.6555353496224,-50.37050136365001,SP270,440,L16
-22.6514222659171,-50.37862812168901,SP270,441,L16
-22.64743776060641,-50.3864448331297,SP270,442,L16
-22.6427583955229,-50.3956156410277,SP270,443,L16
-22.6384215150029,-50.4048654902727,SP270,444,L16
-22.6379176788032,-50.4131205752492,SP270,445,L16
-22.6372979208827,-50.42298221960669,SP270,446,L16
-22.6366979442537,-50.4324836097658,SP270,447,L16
-22.63613970950251,-50.4419881850481,SP270,448,L16
-22.6353664789349,-50.4536461550743,SP270,449,L16
-22.634741846472,-50.4631488975138,SP270,450,L16
-22.6342240255326,-50.4721836559475,SP270,451,L16
-22.633598651737,-50.4821110144258,SP270,452,L16
-22.6330214738846,-50.4915238916874,SP270,453,L16
-22.6324352435768,-50.5010862182826,SP270,454,L16
-22.63182687822134,-50.51133643244585,SP270,455,L16
-22.6311628706753,-50.5211981758476,SP270,456,L16
-22.6306114252657,-50.5299581028521,SP270,457,L16
-22.6299860514701,-50.53959963843231,SP270,458,L16
-22.6293476857245,-50.54930537939081,SP270,459,L16
-22.6287307776511,-50.5587934423238,SP270,460,L16
-22.628080258146,-50.56857386603961,SP270,461,L16
-22.6273359451443,-50.5795218888671,SP270,462,L16
-22.6267922949046,-50.5877214018256,SP270,463,L16
-22.6260982621461,-50.5990657545627,SP270,464,L16
-22.6259069982916,-50.6094209756703,SP270,465,L16
-22.6260459702462,-50.6200217362494,SP270,466,L16
-22.6262082438916,-50.62918776646261,SP270,467,L16
-22.6262276060879,-50.6390127819032,SP270,468,L16
-22.6264437809587,-50.6484741773457,SP270,469,L16
-22.6265486329794,-50.6574489455671,SP270,470,L16
-22.6264358963818,-50.6672301236541,SP270,471,L16
-22.6242687553168,-50.67573272623131,SP270,472,L16
-22.62140952050691,-50.6848600320518,SP270,473,L16
-22.618005713448,-50.69366974756131,SP270,474,L16
-22.614316418767,-50.700064804405,SP270,475,L16
-22.6085889805109,-50.7099790032953,SP270,476,L16
-22.6037293206901,-50.7183657679707,SP270,477,L16
-22.5990502908826,-50.7264372892678,SP270,478,L16
-22.59417336434131,-50.7348536420614,SP270,479,L16
-22.5894522573799,-50.7429916318506,SP270,480,L16
-22.58454629903661,-50.75180483874462,SP270,481,L16
-22.5798154156655,-50.7596059888602,SP270,482,L16
-22.5750285107643,-50.767880352214,SP270,483,L16
-22.5700674299151,-50.7763474155218,SP270,484,L16
-22.5653726421297,-50.7844767719508,SP270,485,L16
-22.5604535546154,-50.7928854133934,SP270,486,L16
-22.5555416755378,-50.8013485372067,SP270,487,L16
-22.55106388888889,-50.80903888888889,SP270,488,L16
-22.5462715420872,-50.8172753266991,SP270,489,L16
-22.54128611111111,-50.82586944444445,SP270,490,L16
-22.5365155935288,-50.8340666256845,SP270,491,L16
-22.53151111111111,-50.84268611111112,SP270,492,L16
-22.5270012114197,-50.8504630532116,SP270,493,L16
-22.5224579684437,-50.858300216496,SP270,494,L16
-22.5173341110349,-50.86710406467319,SP270,495,L16
-22.5125743634999,-50.875306930393,SP270,496,L16
-22.5079177133739,-50.8833320159466,SP270,497,L16
-22.5031379330904,-50.8915834967047,SP270,498,L16
-22.4982586596161,-50.8999807387591,SP270,499,L16
-22.4936409015209,-50.90799450874329,SP270,500,L16
-22.48892929773501,-50.91611842141943,SP270,501,L16
-22.48418368836798,-50.92427876914261,SP270,502,L16
-22.4795035645366,-50.9322798997164,SP270,503,L16
-22.474356489256,-50.9411500487477,SP270,504,L16
-22.4695296864957,-50.94947663135831,SP270,505,L16
-22.46480555555555,-50.95743333333332,SP270,506,L16
-22.4601304717362,-50.9656337555498,SP270,507,L16
-22.4553604982794,-50.97384785301989,SP270,508,L16
-22.4505983199924,-50.9820267464966,SP270,509,L16
-22.4457385763526,-50.9903207235039,SP270,510,L16
-22.44120536981199,-50.99842697919479,SP270,511,L16
-22.4361665267498,-51.0068856272847,SP270,512,L16
-22.4314279016108,-51.01510441862051,SP270,513,L16
-22.4265402462334,-51.023531081155,SP270,513,L16
-22.426486,-51.02366,SP270,514,L16
-22.4217400979251,-51.03175666183239,SP270,515,L16
-22.417170368135,-51.03960455395291,SP270,516,L16
-22.4120601732284,-51.04836883954709,SP270,517,L16
-22.4073828198016,-51.0564519278706,SP270,518,L16
-22.402513101697,-51.0648103617132,SP270,519,L16
-22.3976632487029,-51.07317038811749,SP270,520,L16
-22.3928141500801,-51.0815530456603,SP270,521,L16
-22.3886941093952,-51.0885629151017,SP270,522,L16
-22.3832214809954,-51.0979454498738,SP270,523,L16
-22.3783847037703,-51.1061939131469,SP270,524,L16
-22.373618921265,-51.1143935099245,SP270,525,L16
-22.3688703272492,-51.1226116083563,SP270,526,L16
-22.363998759538,-51.13090828992431,SP270,527,L16
-22.3591999523342,-51.1391808930785,SP270,528,L16
-22.3544136341661,-51.1473647318781,SP270,529,L16
-22.3495031800121,-51.15585375577221,SP270,530,L16
-22.3448927979917,-51.1637748219073,SP270,531,L16
-22.34007043764,-51.171906022355,SP270,532,L16
-22.3353955149651,-51.1799755319953,SP270,533,L16
-22.3309121187777,-51.18769534863541,SP270,534,L16
-22.3262532893568,-51.19561121799061,SP270,535,L16
-22.3213876783848,-51.2039696518332,SP270,536,L16
-22.3165213130415,-51.2124581728131,SP270,537,L16
-22.3125052917749,-51.2193154077977,SP270,538,L16
-22.30972266756,-51.2301213573665,SP270,539,L16
-22.3085218761116,-51.2391087692231,SP270,540,L16
-22.3067033383996,-51.2492662947625,SP270,541,L16
-22.301352834329,-51.2568143662066,SP270,542,L16
-22.2954430896789,-51.2644461728633,SP270,543,L16
-22.2898346744478,-51.2721233256162,SP270,544,L16
-22.2840518318117,-51.27915096469229,SP270,545,L16
-22.2782731801272,-51.2866375967861,SP270,546,L16
-22.2725088614971,-51.2940817326308,SP270,547,L16
-22.2669895458967,-51.3012115471065,SP270,548,L16
-22.2611891012639,-51.3086638972164,SP270,549,L16
-22.2553801909089,-51.3162309955806,SP270,550,L16
-22.2496841847897,-51.3236244209111,SP270,551,L16
-22.2440014220774,-51.3309813849628,SP270,552,L16
-22.2373281698674,-51.33772890083501,SP270,553,L16
-22.2289721667767,-51.34156160987919,SP270,554,L16
-22.2208237834275,-51.345316534862,SP270,555,L16
-22.2132181283087,-51.3487724773586,SP270,556,L16
-22.2041258588433,-51.3532660156489,SP270,557,L16
-22.1953064203263,-51.3547377102077,SP270,558,L16
-22.1878647152335,-51.35956166312099,SP270,559,L16
-22.1816012542695,-51.3663202431053,SP270,560,L16
-22.17522753813563,-51.37317588884432,SP270,561,L16
-22.170428680256,-51.3814252708108,SP270,562,L16
-22.16258333333333,-51.38185833333333,SP270,563,L16
-22.15481877387503,-51.38521408766723,SP270,564,L16
-22.14859166920172,-51.39199722182459,SP270,565,L16
-22.1453746687621,-51.40063340775669,SP270,566,L16
-22.1405003406108,-51.4092415384949,SP270,567,L16
-22.1355253458023,-51.416834788397,SP270,568,L16
-22.1301300823689,-51.42492298968141,SP270,569,L16
-22.1250845957548,-51.4325747452677,SP270,570,L16
-22.1193594206125,-51.4412703830749,SP270,571,L16
-22.114246794954,-51.4490138366819,SP270,572,L16
-22.10903611111111,-51.45685,SP270,573,L16
-22.1043661236763,-51.463959440589,SP270,574,L16
-22.09903368743354,-51.47203058033755,SP270,575,L16
-22.0939328335226,-51.4797581546009,SP270,576,L16
-22.0884852670133,-51.4879341982306,SP270,577,L16
-22.0832491759211,-51.49586264044051,SP270,578,L16
-22.0778822433204,-51.5039739757777,SP270,579,L16
-22.0728430431336,-51.5116136614234,SP270,580,L16
-22.0677094627172,-51.51937295682729,SP270,581,L16
-22.0623517502099,-51.52751010842631,SP270,582,L16
-22.0572033338249,-51.5353183541447,SP270,583,L16
-22.0518688391894,-51.5434916317463,SP270,584,L16
-22.0473737083376,-51.551717799157,SP270,585,L16
-22.0425011403859,-51.560362558812,SP270,586,L16
-22.0380039978773,-51.56854094937449,SP270,587,L16
-22.0336123835296,-51.57646930776541,SP270,588,L16
-22.0287584234029,-51.5852322522551,SP270,589,L16
-22.0240638032556,-51.5936974715442,SP270,590,L16
-22.0194720290601,-51.6019661352039,SP270,591,L16
-22.01509722222222,-51.60965833333334,SP270,592,L16
-22.0103686954826,-51.6183967608959,SP270,593,L16
-22.0056052599102,-51.6269975993783,SP270,594,L16
-22.0010749250651,-51.63516542874281,SP270,595,L16
-21.9964253157377,-51.64355521090329,SP270,596,L16
-21.9916707649827,-51.6520894132555,SP270,597,L16
-21.987054347992,-51.6604027524591,SP270,598,L16
-21.9823662657291,-51.6688600927592,SP270,599,L16
-21.9778419658542,-51.6771528963,SP270,600,L16
-21.9732760079205,-51.6853922232986,SP270,601,L16
-21.9685376342386,-51.6937973443419,SP270,602,L16
-21.9639329519123,-51.7021387629211,SP270,603,L16
-21.9596218038351,-51.70987165533011,SP270,604,L16
-21.9550049677491,-51.718190945685,SP270,605,L16
-21.9504307955504,-51.7265455238522,SP270,606,L16
-21.9458013866097,-51.7348077334464,SP270,607,L16
-21.9411364383996,-51.7431840207428,SP270,608,L16
-21.93649650214262,-51.75147311846763,SP270,609,L16
-21.9319441728294,-51.7597713880241,SP270,610,L16
-21.92745564447049,-51.76775787526578,SP270,611,L16
-21.9227497279644,-51.7763261497021,SP270,612,L16
-21.9180784095079,-51.7847275827081,SP270,613,L16
-21.9133604038507,-51.7931695003063,SP270,614,L16
-21.9088862277568,-51.8012722022832,SP270,615,L16
-21.9048791751266,-51.8099143635482,SP270,616,L16
-21.9016912020743,-51.8190364725888,SP270,617,L16
-21.8985727149993,-51.8281262274832,SP270,618,L16
-21.8954272381962,-51.8371528666467,SP270,619,L16
-21.8923298735172,-51.8461075052619,SP270,620,L16
-21.8891655374319,-51.8552640639246,SP270,621,L16
-21.8860774766654,-51.8642973247916,SP270,622,L16
-21.8829968757928,-51.8733190186322,SP270,623,L16
-21.8798118364066,-51.8824895750732,SP270,624,L16
-21.8767107836902,-51.8915244285018,SP270,625,L16
-21.8736159335822,-51.9005115050823,SP270,626,L16
-21.8704054970294,-51.9098350312561,SP270,627,L16
-21.8674164265394,-51.9187434017659,SP270,628,L16
-21.8644334748388,-51.92796533927331,SP270,629,L16
-21.8630603514612,-51.9377319328487,SP270,630,L16
-21.8619319796562,-51.9460147619248,SP270,631,L16
-21.8604931421578,-51.9568110723049,SP270,632,L16
-21.8591559771449,-51.9664701260627,SP270,633,L16
-21.8578774854541,-51.9759161118418,SP270,634,L16
-21.856804098934,-51.9842711091042,SP270,635,L16
-21.8552807718516,-51.9951276853681,SP270,636,L16
-21.854071430862,-52.0042830705643,SP270,637,L16
-21.8522836547345,-52.0139080099762,SP270,638,L16
-21.8480337783694,-52.022705404088,SP270,639,L16
-21.8436545692384,-52.03120490536099,SP270,640,L16
-21.839348115027,-52.03959661535919,SP270,641,L16
-21.8350181076676,-52.0480597391725,SP270,642,L16
-21.8306814786047,-52.05652764067059,SP270,643,L16
-21.8263244815171,-52.0650246273727,SP270,644,L16
-21.821950385347,-52.0735509507359,SP270,645,L16
-21.8176572583616,-52.08191717974851,SP270,646,L16
-21.8133666459471,-52.0903486199677,SP270,647,L16
-21.8090385664255,-52.0986855123193,SP270,648,L16
-21.804578807205,-52.1074383985252,SP270,649,L16
-21.8002389930189,-52.1159197110683,SP270,650,L16
-21.7959663178772,-52.1242566034198,SP270,651,L16
-21.7917051259428,-52.13256784714759,SP270,652,L16
-21.7872354760766,-52.14127572253351,SP270,653,L16
-21.7821640893817,-52.1493068430573,SP270,654,L16
-22.862905,-49.5896,SP327,0,L16
-22.864322019741,-49.5974577963353,SP327,1,L16
-22.864368,-49.597437,SP327,1,L16
-22.8660211153329,-49.60657152347271,SP327,2,L16
-22.8674172051251,-49.6160507015884,SP327,3,L16
-22.8683828003705,-49.6256888005883,SP327,4,L16
-22.8694445360452,-49.6352188568563,SP327,5,L16
-22.8704610932619,-49.6449610590935,SP327,6,L16
-22.8714474756271,-49.654849357903,SP327,7,L16
-22.8725000750274,-49.66428595595071,SP327,8,L16
-22.8740892838687,-49.6738187782467,SP327,9,L16
-22.8776278719306,-49.68286729417751,SP327,10,L16
-22.8811766020954,-49.69182687811559,SP327,11,L16
-22.8847736120224,-49.700900875032,SP327,12,L16
-22.888321839273,-49.7098716907204,SP327,13,L16
-22.8918249718845,-49.7187046241016,SP327,14,L16
-22.8953978419304,-49.7277248930186,SP327,15,L16
-22.898922348395,-49.7366172540933,SP327,16,L16
-22.9024761077017,-49.7455675341189,SP327,17,L16
-22.90575502440341,-49.7546060755849,SP327,18,L16
-22.90771513246,-49.7639695834369,SP327,19,L16
-22.9096290562302,-49.7735245339573,SP327,20,L16
-22.9115559719503,-49.7830887045712,SP327,21,L16
-22.9138610791415,-49.7924211993814,SP327,22,L16
-22.9173946380615,-49.8011963814497,SP327,23,L16
-22.9210956674069,-49.8102713841945,SP327,24,L16
-22.9247643426061,-49.8192268610001,SP327,25,L16
-22.927277572453,-49.8284293524921,SP327,26,L16
-22.9287619236857,-49.83788237907,SP327,27,L16
-22.9302979912609,-49.84763606451461,SP327,28,L16
-22.9315070807934,-49.8570895101875,SP327,29,L16
-22.9310138896108,-49.8669034615159,SP327,30,L16
-22.930306289345,-49.8768103681505,SP327,31,L16
-22.9296076577157,-49.88668575882921,SP327,32,L16
-22.87188074220225,-49.65694495398709,SPA007/327,0,L16
-22.87580103720265,-49.65505646249737,SPA007/327,0,L16
-22.87887460266711,-49.6514910291791,SPA007/327,1,L16
-22.88220833333334,-49.64819754867829,SPA007/327,2,L16
-22.88575176665582,-49.64518449788046,SPA007/327,2,L16
-22.88959339524891,-49.64262451994422,SPA007/327,2,L16
-22.89127917261962,-49.639734175663,SPA007/327,3,L16
-22.92666020807056,-49.8247602853072,SPA026/327,0,L16
-22.93013833205746,-49.82691634027133,SPA026/327,0,L16
-22.93286203534117,-49.8308109802728,SPA026/327,1,L16
-22.93558288979186,-49.83470925610791,SPA026/327,2,L16
-22.93827608957034,-49.8386282957108,SPA026/327,2,L16
-22.94133634901924,-49.84205820708422,SPA026/327,2,L16
-22.94572304756612,-49.84317686227058,SPA026/327,3,L16
-22.95016560605851,-49.84407775492542,SPA026/327,4,L16
-22.95461124003654,-49.84495765881427,SPA026/327,4,L16
-22.95905729147067,-49.84584116013677,SPA026/327,4,L16
-22.96349915013379,-49.84674306947351,SPA026/327,5,L16
-22.96629900159513,-49.84725562123088,SPA026/327,5,L16
-22.42434309226646,-49.12512425035641,SPA247/225,0,L16
-22.41945504213613,-49.12668952739389,SPA247/225,0,L16
-22.41164798401745,-49.12918988516488,SPA247/225,1,L16
-22.57287603216985,-49.37323968751905,SPA277/225,0,L16
-22.57373980071851,-49.37801174492354,SPA277/225,0,L16
-22.574591,-49.382782,SPA277/225,1,L16
-22.57315983541406,-49.38739444444445,SPA277/225,2,L16
-22.57244844864306,-49.39209753241234,SPA277/225,2,L16
-22.57346515386545,-49.39657575919682,SPA277/225,2,L16
-22.57513162099949,-49.39966386624368,SPA277/225,3,L16
-22.57454800080676,-49.38279884656297,SPA277/255,1,L16
-22.8709170305047,-49.97428350163824,SPA392/270,0,L16
-22.87494394389135,-49.97620644931668,SPA392/270,0,L16
-22.87891730288081,-49.97853199455051,SPA392/270,1,L16
-22.88123985799385,-49.9798915263108,SPA392/270,1,L16
-22.72506379740931,-50.23327696529189,SPA424/270,0,L16
-22.7204686851899,-50.23345977331863,SPA424/270,0,L16
-22.71595018817862,-50.23343564460666,SPA424/270,1,L16
-22.71142979935597,-50.23341772554564,SPA424/270,2,L16
-22.70690991310411,-50.23344973186837,SPA424/270,2,L16
-22.70236406865678,-50.23339963211527,SPA424/270,2,L16
-22.69794995842752,-50.23252560250049,SPA424/270,3,L16
-22.6935145684706,-50.23157765449543,SPA424/270,4,L16
-22.6890885979411,-50.23060751230054,SPA424/270,4,L16
-22.68478605735524,-50.22920782321638,SPA424/270,4,L16
-22.68124314468106,-50.2262080903249,SPA424/270,5,L16
-22.67787454787607,-50.22295286625867,SPA424/270,6,L16
-22.6744282782033,-50.21981708432348,SPA424/270,6,L16
-22.67101946935951,-50.21669440365414,SPA424/270,6,L16
-22.66757201584227,-50.21346487440241,SPA424/270,7,L16
-22.66369791747629,-50.21068302570256,SPA424/270,8,L16
-22.65976688093041,-50.20885524469535,SPA424/270,8,L16
-22.65554397946465,-50.20686659317317,SPA424/270,8,L16
-22.65137571461009,-50.20493876189169,SPA424/270,9,L16
-22.64724321184557,-50.20298675749278,SPA424/270,10,L16
-22.64308870463604,-50.20101349022577,SPA424/270,10,L16
-22.63893208809892,-50.19924386633158,SPA424/270,10,L16
-22.63611263197724,-50.20180988887206,SPA424/270,11,L16
-22.65369787211112,-50.37586313049106,SPA440/270,0,L16
-22.65506386894032,-50.37966842128681,SPA440/270,0,L16
-22.65666828166973,-50.38422159262465,SPA440/270,1,L16
-22.65830429166028,-50.38876135669801,SPA440/270,2,L16
-22.66006411680622,-50.39372468337273,SPA440/270,2,L16
-22.64793023882585,-50.38597680225021,SPA441/270,0,L16
-22.65146437632696,-50.39069736293426,SPA441/270,0,L16
-22.65189360608697,-50.39127091928078,SPA441/270,1,L16
-22.62614962858837,-50.66917203357271,SPA471/270,0,L16
-22.62303106190492,-50.66958517381527,SPA471/270,0,L16
-22.61923184121012,-50.66942411779594,SPA471/270,1,L16
-22.24169248463476,-51.33336410551129,SPA552/270,0,L16
-22.23804199436583,-51.33050040661477,SPA552/270,0,L16
-22.23437962252218,-51.32765415232396,SPA552/270,1,L16
-22.23099213348214,-51.324565450842,SPA552/270,2,L16
-22.23097895539533,-51.31973959063457,SPA552/270,2,L16
-22.2285160223211,-51.3157976689638,SPA552/270,2,L16
-22.22568660074623,-51.31295748600377,SPA552/270,3,L16
-22.24190779692381,-51.3335113659158,SPA553/270,0,L16
-22.24558276650362,-51.33634062943203,SPA553/270,0,L16
-22.24922804366944,-51.33921280602395,SPA553/270,1,L16
-22.25288989991359,-51.34206827830987,SPA553/270,2,L16
-22.25657736684807,-51.34487009365438,SPA553/270,2,L16
-22.26020416692597,-51.34778028312926,SPA553/270,2,L16
-22.26386878776467,-51.35062208494178,SPA553/270,3,L16
-22.26753829435697,-51.35346222425284,SPA553/270,4,L16
-22.27119955162169,-51.35630788455664,SPA553/270,4,L16
-22.27485685400781,-51.35916372504111,SPA553/270,4,L16
-22.27851333390386,-51.36201888195569,SPA553/270,5,L16
-22.28216974900544,-51.36487423856374,SPA553/270,6,L16
-22.28583230706816,-51.36773433391172,SPA553/270,6,L16
-22.28937884129974,-51.37073663155719,SPA553/270,6,L16
-22.29215462935897,-51.37455612931943,SPA553/270,7,L16
-22.29418189542939,-51.37889716910986,SPA553/270,8,L16
-22.29506574139131,-51.38098620302155,SPA553/270,8,L16
-22.09246615055587,-51.48098693596256,SPA576/270,0,L16
-22.08925145510119,-51.47758031014234,SPA576/270,0,L16
-22.08416612037605,-51.47365754823949,SPA576/270,1,L16
-22.04262526403207,-51.55985015562615,SPA586/270,0,L16
-22.03826252353722,-51.55892640565691,SPA586/270,0,L16
-22.03376739118487,-51.55841885060587,SPA586/270,1,L16
-22.02971566812726,-51.55639063692832,SPA586/270,2,L16
-22.02587065547865,-51.55386730091184,SPA586/270,2,L16
-22.02181758900655,-51.55173586106422,SPA586/270,2,L16
-22.0165910430955,-51.55239301385364,SPA586/270,3,L16
-21.98999499973673,-51.6547366767611,SPA597/270,0,L16
-21.98819817926855,-51.65451883375912,SPA597/270,0,L16
-21.98591246349598,-51.65421393071958,SPA597/270,0,L16
-21.93736203491642,-51.74885816672753,SPA608/270,0,L16
-21.89172402568273,-51.83994664224191,SPA608/270,0,L16
-21.93352125243174,-51.7462807425761,SPA608/270,0,L16
-21.93172932065115,-51.74187481631256,SPA608/270,1,L16
-21.93023581937729,-51.7385665358935,SPA608/270,2,L16
-21.92687384416412,-51.73547186746646,SPA608/270,2,L16
-21.9224251473176,-51.73499444061567,SPA608/270,2,L16
-21.91799508832286,-51.73599604492162,SPA608/270,3,L16
-21.91359181608511,-51.73706946479589,SPA608/270,4,L16
-21.90918147369119,-51.73741347522711,SPA608/270,4,L16
-21.90505209613639,-51.73556101994839,SPA608/270,4,L16
-21.90081080823736,-51.73381247198476,SPA608/270,5,L16
-21.89659373738294,-51.73196757022991,SPA608/270,6,L16
-21.89209116761111,-51.73203337979375,SPA608/270,6,L16
-21.89055857180866,-51.73198319734513,SPA608/270,6,L16
-21.89401298656201,-51.84051014762779,SPA619/270,0,L16
-21.85753774961507,-51.97583435546669,SPA634/270,0,L16
-21.85322907196957,-51.97729741363784,SPA634/270,0,L16
-21.8488799126084,-51.97866019349195,SPA634/270,1,L16
-21.84454265921807,-51.98001942593523,SPA634/270,2,L16
-21.84019903117015,-51.9813596131619,SPA634/270,2,L16
-21.8358706630385,-51.98275700028499,SPA634/270,2,L16
-21.83278086059511,-51.98483370400627,SPA634/270,3,L16
-21.85281009699401,-52.01028317458457,SPA637/270,0,L16
-21.84962836845859,-52.00683499800641,SPA637/270,0,L16
-21.84642263199411,-52.00342390236828,SPA637/270,1,L16
-21.84320718466269,-52.00001974823532,SPA637/270,2,L16
-21.84000516100232,-51.99666591463382,SPA637/270,2,L16
-21.83694550469511,-51.99344078388606,SPA637/270,2,L16
-21.83589374224907,-51.99225670814,SPA637/270,3,L16
-21.7895591728071,-52.13649396497574,SPA652/270,0,L16
-21.78766112592099,-52.13550181712791,SPA652/270,0,L16
-22.678677,-50.629546,TRM308,5,L16
-20.87601490000001,-51.36269457000001,ADD147,1,L19
-20.86666191,-51.36215949000002,ADD147,2,L19
-20.85764746,-51.36170610999999,ADD147,3,L19
-20.84902858999998,-51.36117995000001,ADD147,4,L19
-20.84166706,-51.36147258,ADD147,5,L19
-20.82227213999999,-51.36306739,ADD147,7,L19
-20.81334627999999,-51.36384146000001,ADD147,8,L19
-20.80473957999998,-51.36471240000001,ADD147,9,L19
-20.7956091,-51.36548091,ADD147,10,L19
-20.78634590999999,-51.36644484999999,ADD147,11,L19
-20.77776466,-51.36718862999999,ADD147,12,L19
-20.76891416999998,-51.36803105000002,ADD147,13,L19
-20.76015654999999,-51.36853729000001,ADD147,14,L19
-20.86873153813489,-51.38047733498673,ADD159,1,L19
-20.85985041999998,-51.38112524999999,ADD159,2,L19
-20.85145788000001,-51.38461496,ADD159,3,L19
-20.84305586,-51.38789027000001,ADD159,4,L19
-20.83471913000001,-51.39124369,ADD159,5,L19
-20.82547615999999,-51.39488556999999,ADD159,6,L19
-20.81807522,-51.39796402000001,ADD159,7,L19
-20.80912649000001,-51.40150399999998,ADD159,8,L19
-20.80106047999999,-51.40304657999999,ADD159,9,L19
-20.79248132999998,-51.40156735,ADD159,10,L19
-20.78349810000001,-51.4010132,ADD159,11,L19
-20.77424586,-51.40019905000001,ADD159,12,L19
-20.76570924999999,-51.39960379000002,ADD159,13,L19
-20.75653481000001,-51.39897267999999,ADD159,14,L19
-20.74789977000001,-51.39858362000002,ADD159,15,L19
-20.74245241,-51.39820940999999,ADD159,16,L19
-20.73012447,-51.39767011000001,ADD159,17,L19
-20.71322807000001,-51.39676522,ADD159,19,L19
-20.70365726,-51.39615924,ADD159,20,L19
-20.69443877000001,-51.39575676999999,ADD159,21,L19
-21.21396096000002,-50.48306888999999,ART348,1,L19
-22.11026802,-49.30205440999999,AVI313,1,L19
-22.10121952,-49.30180921999999,AVI313,2,L19
-22.09326733000001,-49.29803214,AVI313,3,L19
-22.08727801000001,-49.29137650000001,AVI313,4,L19
-22.08095666000001,-49.28448860000001,AVI313,5,L19
-22.07486045,-49.27764954000001,AVI313,6,L19
-22.06830916000001,-49.27060268,AVI313,7,L19
-22.06184665000001,-49.26497202999999,AVI313,8,L19
-22.05334009000001,-49.26097748000002,AVI313,9,L19
-22.04907456000002,-49.25321086,AVI313,10,L19
-22.04274577999999,-49.24722736000001,AVI313,11,L19
-21.33552698,-50.34040992000001,BGI163,1,L19
-21.34486709,-50.33966420999999,BGI163,2,L19
-21.35391168000001,-50.33889749999999,BGI163,3,L19
-21.36317543999999,-50.33838014,BGI163,4,L19
-21.37129874,-50.34190409000002,BGI163,5,L19
-21.37982997,-50.34495068999998,BGI163,6,L19
-21.38849003999999,-50.34763653999999,BGI163,7,L19
-21.39695376,-50.35029130000002,BGI163,8,L19
-21.40566984000001,-50.35285569999999,BGI163,9,L19
-21.41438658999999,-50.35542298000001,BGI163,10,L19
-21.42313588999999,-50.35792494999998,BGI163,11,L19
-21.43175789000001,-50.35969943000001,BGI163,12,L19
-21.43922099,-50.35811684000001,BGI163,13,L19
-21.44670586,-50.36339996999998,BGI163,14,L19
-21.48039528,-50.31717095,BRN332,14,L19
-21.48694132,-50.31072949,BRN332,15,L19
-22.21246053999999,-49.19074238000004,BRU015,1,L19
-22.21825149,-49.19813187000001,BRU015,2,L19
-22.2247798,-49.20414312,BRU015,3,L19
-22.23107253,-49.21138486000002,BRU015,4,L19
-22.25132641,-49.13927383000002,BRU349,1,L19
-21.49191253999999,-50.38848333999999,CLM310,20,L19
-21.49768358000001,-50.39527172999999,CLM310,21,L19
-21.50717012000002,-50.41154743999999,CLM310,22,L19
-21.51272997000001,-50.41897766,CLM310,23,L19
-21.5177147,-50.42575676999999,CLM310,24,L19
-21.52128428,-50.42893728000002,CLM310,25,L19
-21.37301608000002,-50.29807432999999,CRD162,1,L19
-21.38184881999999,-50.29720890999999,CRD162,2,L19
-21.39045103999999,-50.2961714,CRD162,3,L19
-21.39961862000001,-50.29498491999999,CRD162,4,L19
-21.40873374,-50.29345878000002,CRD162,5,L19
-21.41750439000001,-50.29218281999999,CRD162,6,L19
-21.42585559,-50.29457156,CRD162,7,L19
-21.43315605999999,-50.30003175000002,CRD162,8,L19
-21.44068384,-50.30535915000002,CRD162,9,L19
-21.44809379000001,-50.31086077000001,CRD162,10,L19
-21.45484042000001,-50.31551107999999,CRD162,11,L19
-21.46343490999999,-50.31983804999999,CRD162,12,L19
-21.47245411000001,-50.31849317999998,CRD162,13,L19
-21.45402945,-50.36670051999999,CRD181,15,L19
-21.46243721,-50.37010907000002,CRD181,16,L19
-21.47139635999999,-50.37362136000002,CRD181,17,L19
-21.48818341999999,-50.38011022,CRD181,18,L19
-20.76738589000001,-51.58994608,CTH167,1,L19
-20.77816457,-51.58160301999998,CTH231,1,L19
-20.77674209000001,-51.57381100999999,CTH231,2,L19
-20.77510885999999,-51.56497757,CTH231,3,L19
-20.77557471,-51.55604236999999,CTH231,4,L19
-20.96511995000001,-51.16176909,GAI125,2,L19
-20.95054403000001,-51.15709542999999,GAI125,4,L19
-20.94408844,-51.16351307999999,GAI125,5,L19
-21.00702032000001,-51.16907993,GAI317,1,L19
-20.99631479999999,-51.17117418,GAI317,2,L19
-20.98802104000001,-51.16822644000001,GAI317,3,L19
-20.98343249999999,-51.15900325999999,GAI317,4,L19
-20.97967701999999,-51.15077254999999,GAI317,5,L19
-20.97233599000001,-51.14597873,GAI317,6,L19
-20.96496638999999,-51.14042886999999,GAI317,7,L19
-21.77697759000001,-49.80942681999999,GMB020,12,L19
-21.78509247569295,-49.81227851348518,GMB020,13,L19
-21.79244595281765,-49.81791081078875,GMB020,14,L19
-21.80019016,-49.82265651,GMB020,15,L19
-21.80776482999999,-49.82734053999999,GMB020,16,L19
-21.81523538,-49.83161730000001,GMB020,17,L19
-21.82322447999999,-49.83556127,GMB020,18,L19
-21.83209092999999,-49.83966015999998,GMB020,19,L19
-21.84079386999999,-49.83997953,GMB020,20,L19
-21.84969744,-49.84027784,GMB020,21,L19
-21.85909033000002,-49.84086618,GMB020,22,L19
-21.86722967000001,-49.84373762999999,GMB020,23,L19
-21.87540114,-49.84530577,GMB020,24,L19
-21.88321465000001,-49.84926602000002,GMB020,25,L19
-21.88934576000001,-49.85690082999998,GMB020,26,L19
-21.89472452,-49.86391414,GMB020,27,L19
-21.90036222999998,-49.87170913,GMB020,28,L19
-21.64352510999999,-49.80593060999998,GUA050,1,L19
-21.63713053179275,-49.80321668032969,GUA050,2,L19
-21.62872675678882,-49.7995285266009,GUA050,3,L19
-21.7041951,-49.75654689999999,LIN399,1,L19
-21.71006369,-49.76074769000001,LIN399,2,L19
-21.71766908000001,-49.76513449999998,LIN399,3,L19
-21.72602362,-49.76643165000001,LIN399,4,L19
-21.73483615000002,-49.76925699000001,LIN399,5,L19
-21.742861323923,-49.77206747722108,LIN399,6,L19
-21.7426521466716,-49.780773516464,LIN399,7,L19
-21.75011201000002,-49.78782569,LIN399,8,L19
-21.75758705000002,-49.79216555,LIN399,9,L19
-21.76213178000002,-49.79986344,LIN399,10,L19
-21.76927993000001,-49.80583840000001,LIN399,11,L19
-21.81508707,-49.36941223,POG030,21,L19
-21.80622614999998,-49.36833561000001,POG030,22,L19
-21.79726872999999,-49.36832992,POG030,23,L19
-21.78893800000001,-49.36682265000002,POG030,24,L19
-21.78009790999999,-49.36548393000001,POG030,25,L19
-21.77134690000001,-49.36357756000001,POG030,26,L19
-21.76241752,-49.3624517,POG030,27,L19
-21.75399802999998,-49.36117074000001,POG030,28,L19
-21.82261400855789,-49.38365327851873,POG393,19,L19
-21.81757393000001,-49.37709974,POG393,20,L19
-22.00325377999999,-49.42599508000001,PRI250,1,L19
-22.00367736999999,-49.41658203000001,PRI250,2,L19
-21.99902231719409,-49.40837388209725,PRI250,3,L19
-21.99375587000001,-49.40157705000002,PRI250,4,L19
-21.99522962,-49.39297337,PRI250,5,L19
-21.99771566215409,-49.38419954895587,PRI250,6,L19
-21.99346686000002,-49.37568085999998,PRI250,7,L19
-21.96633179,-49.44735134999999,PRI329,1,L19
-21.96109214,-49.43990059,PRI329,2,L19
-21.9537954,-49.43445502000001,PRI329,3,L19
-21.94602463000001,-49.42960435000001,PRI329,4,L19
-21.93903685000002,-49.42367788,PRI329,5,L19
-21.93154150999999,-49.41877301000001,PRI329,6,L19
-21.92536297000001,-49.41226541,PRI329,7,L19
-21.91615403000001,-49.41281498,PRI329,8,L19
-21.9075918,-49.41103075000001,PRI329,9,L19
-21.89917423000001,-49.40906814999999,PRI329,10,L19
-21.89034430999999,-49.40627236,PRI329,11,L19
-21.88193928669932,-49.40275879194368,PRI329,12,L19
-21.87434836716777,-49.39823910878147,PRI329,13,L19
-21.86617746,-49.39367769,PRI329,14,L19
-21.85809245999999,-49.38971632999999,PRI329,15,L19
-21.84953272999999,-49.38726823,PRI329,16,L19
-21.84045157000001,-49.38662597999999,PRI329,17,L19
-21.59286694971413,-49.91302697105213,PSS385,1,L19
-21.60042911999999,-49.919609,PSS385,2,L19
-21.60630958000002,-49.92429426999999,PSS385,3,L19
-21.61149313999999,-49.93178889000001,PSS385,4,L19
-21.61978553000001,-49.93542697000001,PSS385,5,L19
-21.62143570000002,-49.94480193999998,PSS385,6,L19
-21.62275094269865,-49.95287361761621,PSS385,7,L19
-21.62757790000001,-49.96006725000001,PSS385,8,L19
-21.63386654999999,-49.96337986999998,PSS385,9,L19
-21.63970258000001,-49.96997552,PSS385,10,L19
-21.63879896000001,-49.97946202,PSS385,11,L19
-21.63684532999999,-49.98831936999999,PSS385,12,L19
-21.64009184974708,-49.99645770456793,PSS385,13,L19
-21.64165083,-50.00569118999999,PSS385,14,L19
-21.64797830999998,-50.01095548000001,PSS385,15,L19
-21.6568001,-50.01098203999999,PSS385,16,L19
-22.03983882,-49.23901265,RGP020,12,L19
-22.03980803999999,-49.22881437000002,RGP020,13,L19
-22.03465037999998,-49.22093950999999,RGP020,14,L19
-22.03189549000002,-49.21194213999998,RGP020,15,L19
-22.02587072000001,-49.20515457999999,RGP020,16,L19
-22.02109113000001,-49.19734946,RGP020,17,L19
-22.01355537000002,-49.19706378,RGP020,18,L19
-22.00529165,-49.19814068,RGP020,19,L19
-21.99817869000001,-49.20310453999999,RGP020,20,L19
-21.99148413000001,-49.20925214,RGP020,21,L19
-21.98242926000001,-49.20990359999998,RGP020,22,L19
-21.97525301999999,-49.21486106999999,RGP020,23,L19
-21.96757131999999,-49.21958462999999,RGP020,24,L19
-21.96149127999999,-49.22605341999999,RGP020,25,L19
-21.95231853999999,-49.22830648000002,RGP020,26,L19
-21.94384658000001,-49.22993600000002,RGP020,27,L19
-21.93533799,-49.23359764,RGP020,28,L19
-21.92701486999999,-49.23176108000001,RGP020,29,L19
-21.91918311000001,-49.22711495999998,RGP020,30,L19
-21.91230644,-49.22086346000001,RGP020,31,L19
-21.90423965,-49.21658582000001,RGP020,32,L19
-21.89741778999998,-49.22327717000002,RGP020,33,L19
-22.36384039392071,-49.04004695528712,SP300,336,L19
-22.36029371125633,-49.04146409138967,SP300,337,L19
-22.35170589783809,-49.04406884397859,SP300,338,L19
-22.34311036616478,-49.04662666097295,SP300,339,L19
-22.33406850611695,-49.04934517350682,SP300,340,L19
-22.32548161746244,-49.05202544843347,SP300,341,L19
-22.31693600999635,-49.05451469004922,SP300,342,L19
-22.3081706318384,-49.05813805037104,SP300,343,L19
-22.30124494740766,-49.06411877994404,SP300,344,L19
-22.29504097367755,-49.07124104320966,SP300,345,L19
-22.28879949403581,-49.07838994765174,SP300,346,L19
-22.28261787709361,-49.08543692834863,SP300,347,L19
-22.27641369771389,-49.09269592186706,SP300,348,L19
-22.27023078226743,-49.09969607031894,SP300,349,L19
-22.26372855138266,-49.10648358515041,SP300,350,L19
-22.25680254122203,-49.11248365329312,SP300,351,L19
-22.25101836321558,-49.11984003859871,SP300,352,L19
-22.24609634276429,-49.12799300361296,SP300,353,L19
-22.24145168560477,-49.1363785124641,SP300,354,L19
-22.23683650986609,-49.14470417631712,SP300,355,L19
-22.23220045502709,-49.15306922456283,SP300,356,L19
-22.22662837133717,-49.16075030664279,SP300,357,L19
-22.21959844613163,-49.16684260777299,SP300,358,L19
-22.21417332454557,-49.17442246566629,SP300,359,L19
-22.20817250436371,-49.18159070462476,SP300,360,L19
-22.20044525284763,-49.18639975571172,SP300,361,L19
-22.19620545348013,-49.19387102039013,SP300,362,L19
-22.19363895782449,-49.20270857419921,SP300,363,L19
-22.18813408311242,-49.21043899808135,SP300,364,L19
-22.18258062485681,-49.21821622059143,SP300,365,L19
-22.1770444791279,-49.22596659505126,SP300,366,L19
-22.17153379856868,-49.23369473328823,SP300,367,L19
-22.16595727603535,-49.24147470493666,SP300,368,L19
-22.16042073601301,-49.24924382622207,SP300,369,L19
-22.1549055462967,-49.25697435021458,SP300,370,L19
-22.14933258321261,-49.26472880491217,SP300,371,L19
-22.14382729919219,-49.27244092801105,SP300,372,L19
-22.13819249134465,-49.28031201225744,SP300,373,L19
-22.13275972693124,-49.28792261878927,SP300,374,L19
-22.12723828018157,-49.29567059870728,SP300,375,L19
-22.12167959913896,-49.3034266185801,SP300,376,L19
-22.11610209056216,-49.3112174055349,SP300,377,L19
-22.11058678545665,-49.31891860176023,SP300,378,L19
-22.10563860839133,-49.32728876792869,SP300,379,L19
-22.1013949639965,-49.33517738175141,SP300,380,L19
-22.09503448637738,-49.34208953309847,SP300,381,L19
-22.0887033147744,-49.34898978719511,SP300,382,L19
-22.08235033649575,-49.35585955181398,SP300,383,L19
-22.07599250290883,-49.36276982026335,SP300,384,L19
-22.06947341581282,-49.36901158552362,SP300,385,L19
-22.06248678715613,-49.37515380349225,SP300,386,L19
-22.05554288104511,-49.38141177405787,SP300,387,L19
-22.04855352753863,-49.38748212979376,SP300,388,L19
-22.04151795903306,-49.39355362188635,SP300,389,L19
-22.03440897774508,-49.39970727446843,SP300,390,L19
-22.02742206122739,-49.40580706194094,SP300,391,L19
-22.02054689740323,-49.41212277897771,SP300,392,L19
-22.01375593354002,-49.41857815233851,SP300,393,L19
-22.00698118897871,-49.42501043579172,SP300,394,L19
-22.00016772778136,-49.43145482485697,SP300,395,L19
-21.993373876073,-49.43775787854993,SP300,396,L19
-21.9861931551397,-49.44378190260705,SP300,397,L19
-21.97907595147147,-49.44970287015445,SP300,398,L19
-21.97194837039859,-49.45568386278523,SP300,399,L19
-21.96481147819511,-49.46164085651624,SP300,400,L19
-21.95707350974444,-49.46811344044407,SP300,401,L19
-21.95034124770364,-49.47372814996549,SP300,402,L19
-21.9436785966623,-49.47941307735499,SP300,403,L19
-21.93752844285683,-49.48649858061227,SP300,404,L19
-21.93142476318499,-49.49367187511884,SP300,405,L19
-21.92537145904144,-49.50079079994481,SP300,406,L19
-21.91930319891254,-49.50794367175357,SP300,407,L19
-21.91356399976205,-49.51441266219027,SP300,408,L19
-21.90734399198563,-49.52172064994073,SP300,409,L19
-21.90113564491202,-49.52900859090438,SP300,410,L19
-21.89493775274787,-49.53646187399257,SP300,411,L19
-21.88888054371762,-49.54388901993633,SP300,412,L19
-21.88290144784862,-49.55129673921735,SP300,413,L19
-21.87690689433589,-49.55876354435028,SP300,414,L19
-21.87090591330222,-49.5662108044225,SP300,415,L19
-21.86490130554811,-49.57358561527386,SP300,416,L19
-21.85905790078061,-49.58077323044224,SP300,417,L19
-21.8529259512267,-49.58830083133398,SP300,418,L19
-21.84693485115963,-49.59570648175293,SP300,419,L19
-21.84029608358854,-49.60226013272895,SP300,420,L19
-21.83291224612927,-49.60808239968603,SP300,421,L19
-21.82551667806733,-49.61388833902147,SP300,422,L19
-21.81819209068412,-49.61967450402252,SP300,423,L19
-21.81118588348547,-49.62583229610215,SP300,424,L19
-21.80560065221749,-49.63358195025952,SP300,425,L19
-21.80010971447069,-49.64124059213137,SP300,426,L19
-21.79432184483231,-49.64747005520253,SP300,427,L19
-21.78725921242307,-49.65318192372466,SP300,428,L19
-21.78013945056059,-49.65892682641057,SP300,429,L19
-21.77306568229,-49.66462253362036,SP300,430,L19
-21.76580361848939,-49.67047066437777,SP300,431,L19
-21.75871265103926,-49.67631760780661,SP300,432,L19
-21.75273354951959,-49.68333594839761,SP300,433,L19
-21.74700509170815,-49.69068467515802,SP300,434,L19
-21.74098991065952,-49.69840130819008,SP300,435,L19
-21.73503752543122,-49.70601327643179,SP300,436,L19
-21.72879058763861,-49.71322798305875,SP300,437,L19
-21.72256938419547,-49.72028078634222,SP300,438,L19
-21.71628860035363,-49.72733582310893,SP300,439,L19
-21.71005343092804,-49.73432503042065,SP300,440,L19
-21.70389417499803,-49.74128129788936,SP300,441,L19
-21.69758980737674,-49.74838464363026,SP300,442,L19
-21.69171794333757,-49.75495278260447,SP300,443,L19
-21.68585852243809,-49.76239246182572,SP300,444,L19
-21.6801376315332,-49.76974944616502,SP300,445,L19
-21.67426700171458,-49.77734563227077,SP300,446,L19
-21.66881624265114,-49.78517613236785,SP300,447,L19
-21.66287134977,-49.79368378600496,SP300,448,L19
-21.65806368707036,-49.80070732960214,SP300,449,L19
-21.65267988037996,-49.8084010892042,SP300,450,L19
-21.64733059474616,-49.81629128457779,SP300,451,L19
-21.64192391934288,-49.8240546945031,SP300,452,L19
-21.63654690422037,-49.83180979081778,SP300,453,L19
-21.63119515747962,-49.83961514972962,SP300,454,L19
-21.62584679268469,-49.84744526627381,SP300,455,L19
-21.62037817587238,-49.8551621498215,SP300,456,L19
-21.61501716861928,-49.86299101291897,SP300,457,L19
-21.60973323156031,-49.87066182904032,SP300,458,L19
-21.60415648830004,-49.87868964996466,SP300,459,L19
-21.59843763310596,-49.8869620819279,SP300,460,L19
-21.59341623160505,-49.89435542351777,SP300,461,L19
-21.58720408548754,-49.90350527668614,SP300,462,L19
-21.58278499750547,-49.91005319920618,SP300,463,L19
-21.57738437872225,-49.91789258695944,SP300,464,L19
-21.57183904225752,-49.92560489378667,SP300,465,L19
-21.56644597907728,-49.93342524960937,SP300,466,L19
-21.56099644127175,-49.94122884051234,SP300,467,L19
-21.55534167502644,-49.94944892546144,SP300,468,L19
-21.55023717440584,-49.95684294847789,SP300,469,L19
-21.54482575398333,-49.96461418195062,SP300,470,L19
-21.53944489170958,-49.97244470156157,SP300,471,L19
-21.53407131698242,-49.98019700535622,SP300,472,L19
-21.52862742718109,-49.98804400942526,SP300,473,L19
-21.52331641816002,-49.99582981193138,SP300,474,L19
-21.51899149730205,-50.00284352578188,SP300,475,L19
-21.51438163407819,-50.0111729562968,SP300,476,L19
-21.50978504907253,-50.01987795613182,SP300,477,L19
-21.50526141239472,-50.02820413551174,SP300,478,L19
-21.50077225540369,-50.03655386903054,SP300,479,L19
-21.49627056895579,-50.04493589533459,SP300,480,L19
-21.491807029534,-50.05331045199292,SP300,481,L19
-21.48732585906009,-50.06163092070372,SP300,482,L19
-21.48281390943426,-50.0699805478939,SP300,483,L19
-21.47833930387482,-50.07836844063984,SP300,484,L19
-21.47390004666278,-50.08686563550682,SP300,485,L19
-21.46964176647663,-50.09485699068,SP300,486,L19
-21.46493302277202,-50.1036453039434,SP300,487,L19
-21.46046063488362,-50.11209888924419,SP300,488,L19
-21.45591705038475,-50.12041914620475,SP300,489,L19
-21.45147760992943,-50.12882981527278,SP300,490,L19
-21.44692775725043,-50.13715516934671,SP300,491,L19
-21.44247125629505,-50.14555470503135,SP300,492,L19
-21.43796432691276,-50.15396580632394,SP300,493,L19
-21.43360098908552,-50.16196015557053,SP300,494,L19
-21.42861402451276,-50.1709364902237,SP300,495,L19
-21.42404192643754,-50.17930503443011,SP300,496,L19
-21.4196082689099,-50.1873889370653,SP300,497,L19
-21.41530556919147,-50.19545020106489,SP300,498,L19
-21.41088677601998,-50.20388917629306,SP300,499,L19
-21.40617909155634,-50.21261000243196,SP300,500,L19
-21.40178709964508,-50.22099797076394,SP300,501,L19
-21.39730658775036,-50.22936197316857,SP300,502,L19
-21.3927842987386,-50.23778795321068,SP300,503,L19
-21.38832770025863,-50.24612503775423,SP300,504,L19
-21.38384054724401,-50.25452222473995,SP300,505,L19
-21.37929407387342,-50.26297002017818,SP300,506,L19
-21.37476180444977,-50.27138910314908,SP300,507,L19
-21.37026749175204,-50.27976393601764,SP300,508,L19
-21.36576898859474,-50.28819537721911,SP300,509,L19
-21.36129135595518,-50.29653859733175,SP300,510,L19
-21.35699638761296,-50.30458050620015,SP300,511,L19
-21.35171696681514,-50.31132787325646,SP300,512,L19
-21.3454477042937,-50.31832386563734,SP300,513,L19
-21.33916754990305,-50.3253702161434,SP300,514,L19
-21.33290120251055,-50.33233752200708,SP300,515,L19
-21.3264229750244,-50.33960308114576,SP300,516,L19
-21.31958959267029,-50.34726590646457,SP300,517,L19
-21.31401825604601,-50.35350608401653,SP300,518,L19
-21.30787158268218,-50.36037359821734,SP300,519,L19
-21.30158767255676,-50.36748547037749,SP300,520,L19
-21.29539005865938,-50.3743671570406,SP300,521,L19
-21.28910885622202,-50.38138720647712,SP300,522,L19
-21.28279061761481,-50.38845955518274,SP300,523,L19
-21.27651408328791,-50.3955229110514,SP300,524,L19
-21.27024323112267,-50.40251407049001,SP300,525,L19
-21.26412025535677,-50.40935887423521,SP300,526,L19
-21.25789923193353,-50.41632961312415,SP300,527,L19
-21.25162036246095,-50.42333446303159,SP300,528,L19
-21.24530924500834,-50.43041819453091,SP300,529,L19
-21.23897445911894,-50.43751097730862,SP300,530,L19
-21.23269051344646,-50.44456111328431,SP300,531,L19
-21.22681597847665,-50.45119931364287,SP300,532,L19
-21.21986488196477,-50.45895418985129,SP300,533,L19
-21.21411543132921,-50.46531180795167,SP300,534,L19
-21.20837134435043,-50.47250697244294,SP300,535,L19
-21.2067027472706,-50.48246652746406,SP300,536,L19
-21.20591228108359,-50.49196553464564,SP300,537,L19
-21.20508400664804,-50.50205615194933,SP300,538,L19
-21.20428449942459,-50.51152908949825,SP300,539,L19
-21.20347382170059,-50.52127263905224,SP300,540,L19
-21.20265901441968,-50.53102545977277,SP300,541,L19
-21.20187663426018,-50.54033256299525,SP300,542,L19
-21.20106589661625,-50.55014043037327,SP300,543,L19
-21.20025335783061,-50.55982822142473,SP300,544,L19
-21.19971280356514,-50.56862058798858,SP300,545,L19
-21.20066490486258,-50.57887619692195,SP300,546,L19
-21.2014874395643,-50.58745466275619,SP300,547,L19
-21.20243878396439,-50.59730051931942,SP300,548,L19
-21.20343325714074,-50.60759664823622,SP300,549,L19
-21.20425840124219,-50.61615892851165,SP300,550,L19
-21.20520034246114,-50.62592112169939,SP300,551,L19
-21.20614787812979,-50.63564042291637,SP300,552,L19
-21.20711176854678,-50.64557736877842,SP300,553,L19
-21.20802336028399,-50.6548854356117,SP300,554,L19
-21.20894606927654,-50.66412102379041,SP300,555,L19
-21.20607590232362,-50.66853024014392,SP300,556,L19
-21.21351810717856,-50.68303031220306,SP300,557,L19
-21.2149085650979,-50.69278143650101,SP300,558,L19
-21.21376787151199,-50.70249839205141,SP300,559,L19
-21.21260662438519,-50.71221233656183,SP300,560,L19
-21.2113513720954,-50.72288842529467,SP300,561,L19
-21.21023771041675,-50.73222406443139,SP300,562,L19
-21.20904167978132,-50.74220803416105,SP300,563,L19
-21.20797691814934,-50.75129421951296,SP300,564,L19
-21.20684430048018,-50.7613256160981,SP300,565,L19
-21.20628530792291,-50.77106184447003,SP300,566,L19
-21.20574577636926,-50.7808229213456,SP300,567,L19
-21.20522283521257,-50.78997467152467,SP300,568,L19
-21.20468949334887,-50.79939393293356,SP300,569,L19
-21.2047960530949,-50.80907070259578,SP300,570,L19
-21.20792520512232,-50.81829067593095,SP300,571,L19
-21.21085737150398,-50.82673150351212,SP300,572,L19
-21.21370444971039,-50.83482735824676,SP300,573,L19
-21.21655520870809,-50.84317290097267,SP300,574,L19
-21.21661285697955,-50.85305252533437,SP300,575,L19
-21.21355922387729,-50.8622556855275,SP300,576,L19
-21.2104894667263,-50.87135571280552,SP300,577,L19
-21.20739876314828,-50.88044140747434,SP300,578,L19
-21.20428614915973,-50.88953156509871,SP300,579,L19
-21.19937088232882,-50.89772721778121,SP300,580,L19
-21.19347501644145,-50.90508406659941,SP300,581,L19
-21.1876065914284,-50.91242241596691,SP300,582,L19
-21.18172564921263,-50.9197309387167,SP300,583,L19
-21.17584271215545,-50.92707874797776,SP300,584,L19
-21.169907184639,-50.93447538558538,SP300,585,L19
-21.16383323643056,-50.94203180777053,SP300,586,L19
-21.15799042410837,-50.94934539333737,SP300,587,L19
-21.15311409063622,-50.95685715077565,SP300,588,L19
-21.14806455562273,-50.96485746319193,SP300,589,L19
-21.14299343040389,-50.97289289097965,SP300,590,L19
-21.13812472019135,-50.98060046501418,SP300,591,L19
-21.13281133007316,-50.98902236174694,SP300,592,L19
-21.12754009088739,-50.9973789234632,SP300,593,L19
-21.12260516191877,-51.00520244424899,SP300,594,L19
-21.11758261513544,-51.01318436959677,SP300,595,L19
-21.11255540263534,-51.02112600736856,SP300,596,L19
-21.10746617892247,-51.02918663374534,SP300,597,L19
-21.10243249166551,-51.03719904613142,SP300,598,L19
-21.09735073605648,-51.04519833285188,SP300,599,L19
-21.09225660633258,-51.05326364130775,SP300,600,L19
-21.08713500764561,-51.06139818758408,SP300,601,L19
-21.08206710466648,-51.06942909039552,SP300,602,L19
-21.07705187551167,-51.07736190973633,SP300,603,L19
-21.07193755408894,-51.08548593747968,SP300,604,L19
-21.06671853845856,-51.09346146708388,SP300,605,L19
-21.06165913133734,-51.10144752556339,SP300,606,L19
-21.0565596623181,-51.10952243629471,SP300,607,L19
-21.05189848684879,-51.11689115813586,SP300,608,L19
-21.04684828966907,-51.1250327503914,SP300,609,L19
-21.04173907728797,-51.13313363579083,SP300,610,L19
-21.03665424284494,-51.14123333104562,SP300,611,L19
-21.03159590346863,-51.14926761293859,SP300,612,L19
-21.02649739074585,-51.15737788889922,SP300,613,L19
-21.02142828001551,-51.165443324595,SP300,614,L19
-21.0163327982377,-51.17348807843343,SP300,615,L19
-21.01140193214626,-51.18128026283835,SP300,616,L19
-21.00643724998884,-51.18920898625937,SP300,617,L19
-21.00124640841074,-51.19744353072216,SP300,618,L19
-20.99610565256667,-51.20557383986088,SP300,619,L19
-20.99136311279985,-51.21312721144796,SP300,620,L19
-20.98629271143672,-51.22117590257734,SP300,621,L19
-20.98139663274291,-51.22898799930017,SP300,622,L19
-20.97636393814725,-51.2369682027238,SP300,623,L19
-20.97123778895263,-51.24510881437661,SP300,624,L19
-20.96606382603135,-51.25316041980788,SP300,625,L19
-20.96102775916969,-51.26119965052478,SP300,626,L19
-20.95603590271456,-51.26911926214653,SP300,627,L19
-20.95096437249298,-51.27716684342561,SP300,628,L19
-20.94621342161758,-51.28473398547738,SP300,629,L19
-20.9408747826003,-51.29330726443327,SP300,630,L19
-20.93575854232358,-51.30136501159392,SP300,631,L19
-20.93078767711637,-51.30928413813508,SP300,632,L19
-20.92570736734416,-51.31732959847819,SP300,633,L19
-20.92057763697941,-51.32549851412191,SP300,634,L19
-20.91553357116142,-51.33350687528353,SP300,635,L19
-20.91035226817375,-51.34147258861564,SP300,636,L19
-20.90150157211507,-51.34773263483263,SP300,637,L19
-20.89398387480819,-51.35289820424542,SP300,638,L19
-20.88895714280779,-51.35792277194026,SP300,639,L19
-20.8845229488404,-51.36659366022404,SP300,640,L19
-20.88027210643647,-51.37548251820379,SP300,641,L19
-20.87688470974922,-51.38486784524478,SP300,642,L19
-20.8737523809497,-51.39327419286785,SP300,643,L19
-20.87032926948113,-51.40225726870671,SP300,644,L19
-20.86696850504039,-51.41119578915616,SP300,645,L19
-20.86362162191225,-51.42023186997295,SP300,646,L19
-20.86029708473589,-51.42914446337657,SP300,647,L19
-20.85689668100939,-51.43829824046561,SP300,648,L19
-20.85354302369533,-51.44727780092939,SP300,649,L19
-20.85015938016996,-51.45636692730391,SP300,650,L19
-20.84679818771371,-51.465379804121,SP300,651,L19
-20.84344148233672,-51.47433386030735,SP300,652,L19
-20.84010887474979,-51.48326780358266,SP300,653,L19
-20.83670805948069,-51.49231743402855,SP300,654,L19
-20.8324221249815,-51.50091883779923,SP300,655,L19
-20.82809014925118,-51.50944428561012,SP300,656,L19
-20.8237708879937,-51.5179408867188,SP300,657,L19
-20.81945100139749,-51.52646018854861,SP300,658,L19
-20.8151028245012,-51.53496148956181,SP300,659,L19
-20.81076728569924,-51.54348852626198,SP300,660,L19
-20.80596991894312,-51.55176635412136,SP300,661,L19
-20.80067611798621,-51.55957638145193,SP300,662,L19
-20.79521864767912,-51.5673240331238,SP300,663,L19
-20.78993988675407,-51.57529611213013,SP300,664,L19
-20.78460485321245,-51.58313788647028,SP300,665,L19
-20.78022500202383,-51.58957749761599,SP300,666,L19
-20.7770086478791,-51.597648611121,SP300,667,L19
-20.77667081665026,-51.60366021439083,SP300,668,L19
-22.121013,-49.306408,SPA376/300,0,L19
-22.128327,-49.309975,SPA376/300,1,L19
-22.13649,-49.31386800000001,SPA376/300,2,L19
-22.144525,-49.318217,SPA376/300,3,L19
-22.15130611005717,-49.32489196610951,SPA376/300,4,L19
-22.043793,-49.395368,SPA388/300,0,L19
-22.048392,-49.400138,SPA388/300,1,L19
-22.05503,-49.406525,SPA388/300,2,L19
-22.06153,-49.41304999999999,SPA388/300,3,L19
-22.068125,-49.419607,SPA388/300,4,L19
-22.075078,-49.426396,SPA388/300,5,L19
-22.12091,-49.306421,SPA396/300,0,L19
-21.815904,-49.607749,SPA422/300,1,L19
-21.81589,-49.60778,SPA422/300,1,L19
-21.597576,-49.884559,SPA460/300,0,L19
-21.589803,-49.879514,SPA460/300,1,L19
-21.581943,-49.874654,SPA460/300,2,L19
-21.57374523492283,-49.87173289122357,SPA460/300,3,L19
-21.563622,-49.868329,SPA460/300,4,L19
-21.555457,-49.86513,SPA460/300,5,L19
-21.549143,-49.861152,SPA460/300,6,L19
-21.510445,-50.014456,SPA476/300,0,L19
-21.505889,-50.00795800000001,SPA476/300,1,L19
-21.500372,-50.00025800000001,SPA476/300,2,L19
-21.495114,-49.992531,SPA476/300,3,L19
-21.48932,-49.98429400000001,SPA476/300,4,L19
-21.484109,-49.976894,SPA476/300,5,L19
-21.478732,-49.969238,SPA476/300,6,L19
-21.473349,-49.961585,SPA476/300,7,L19
-21.467229,-49.954447,SPA476/300,8,L19
-21.476675,-50.080231,SPA483/300,0,L19
-21.465852,-50.080123,SPA483/300,1,L19
-21.465784,-50.080131,SPA483/300,1,L19
-21.456022,-50.077266,SPA483/300,2,L19
-21.446434,-50.07448800000001,SPA483/300,3,L19
-21.438141,-50.072709,SPA483/300,4,L19
-21.398507,-50.222832,SPA501/300,0,L19
-21.390755,-50.21926699999999,SPA501/300,1,L19
-21.390774,-50.219178,SPA501/300,1,L19
-21.383049,-50.213162,SPA501/300,2,L19
-21.322025,-50.34151,SPA516/300,0,L19
-21.315498,-50.34175900000001,SPA516/300,1,L19
-21.315452,-50.341766,SPA516/300,1,L19
-21.209378,-50.647208,SPA553/300,0,L19
-21.216815,-50.645943,SPA553/300,1,L19
-21.216731,-50.64597,SPA553/300,1,L19
-21.225861,-50.644334,SPA553/300,2,L19
-21.234933,-50.64274000000001,SPA553/300,3,L19
-21.213041,-50.724719,SPA561/300,0,L19
-21.221347,-50.725813,SPA561/300,1,L19
-21.230236,-50.72701600000001,SPA561/300,2,L19
-21.239016,-50.72770000000001,SPA561/300,3,L19
-21.248069,-50.72797199999999,SPA561/300,4,L19
-21.257398,-50.728232,SPA561/300,5,L19
-21.266465,-50.72845,SPA561/300,6,L19
-21.27581,-50.728699,SPA561/300,7,L19
-21.285263,-50.728927,SPA561/300,8,L19
-21.295046,-50.72911500000001,SPA561/300,9,L19
-21.206716,-50.794892,SPA568/300,0,L19
-21.215697,-50.796908,SPA568/300,1,L19
-21.224227,-50.79899100000001,SPA568/300,2,L19
-21.23273,-50.800215,SPA568/300,3,L19
-21.241534,-50.801276,SPA568/300,4,L19
-21.250506,-50.803251,SPA568/300,5,L19
-21.258692,-50.80696,SPA568/300,6,L19
-21.266003,-50.810261,SPA568/300,7,L19
-21.1228,-51.008323,SPA594/300,0,L19
-21.130134,-51.01334700000001,SPA594/300,1,L19
-21.130083,-51.013386,SPA594/300,1,L19
-21.137509,-51.018524,SPA594/300,2,L19
-21.144795,-51.023549,SPA594/300,3,L19
-21.152188,-51.028877,SPA594/300,4,L19
-21.159984,-51.03432899999999,SPA594/300,5,L19
-21.08783,-51.063828,SPA601/300,0,L19
-21.094991,-51.06945700000001,SPA601/300,1,L19
-21.094938,-51.069459,SPA601/300,1,L19
-21.101605,-51.075466,SPA601/300,2,L19
-21.108567,-51.08125900000001,SPA601/300,3,L19
-21.115326,-51.087106,SPA601/300,4,L19
-21.122557,-51.091979,SPA601/300,5,L19
-21.128263,-51.099132,SPA601/300,6,L19
-21.051137,-51.114972,SPA607/300,0,L19
-21.04346,-51.11311,SPA607/300,1,L19
-21.043432,-51.113138,SPA607/300,1,L19
-21.034032,-51.111732,SPA607/300,2,L19
-21.025298,-51.110522,SPA607/300,3,L19
-21.016685,-51.108151,SPA607/300,4,L19
-21.009213,-51.102978,SPA607/300,5,L19
-21.002286,-51.09789800000001,SPA607/300,6,L19
-21.000406,-51.090501,SPA607/300,7,L19
-21.014682,-51.181605,SPA615/300,0,L19
-21.019197,-51.18828900000001,SPA615/300,1,L19
-21.019194,-51.188307,SPA615/300,1,L19
-21.024465,-51.196169,SPA615/300,2,L19
-21.029059,-51.204348,SPA615/300,3,L19
-20.96862,-51.253074,SPA624/300,0,L19
-20.977045,-51.259618,SPA624/300,1,L19
-20.977045,-51.259618,SPA624/300,1,L19
-20.981721,-51.26662899999999,SPA624/300,2,L19
-20.986898,-51.274465,SPA624/300,3,L19
-20.842,-51.483423,SPA653/300,0,L19
-20.849126,-51.48478400000001,SPA653/300,1,L19
-20.849126,-51.484784,SPA653/300,1,L19
-20.858217,-51.485701,SPA653/300,2,L19
-21.458762,-50.09331899999999,SPI486/300,1,L19
-21.451242,-50.08838300000001,SPI486/300,2,L19
-21.44332,-50.08241599999999,SPI486/300,3,L19
-21.435278,-50.082008,SPI486/300,4,L19
-21.427849,-50.085656,SPI486/300,5,L19
-21.83151157,-49.38587705,URU291,18,L19
-21.81996872999999,-49.36731677,URU399,21,L19
-21.82235613,-49.35818659,URU399,22,L19
-21.82293195000001,-49.34878805,URU399,23,L19
-21.81770019999998,-49.34088235000002,URU399,24,L19
-21.81570294,-49.33295877,URU399,25,L19
-21.82041161,-49.32489912000001,URU399,26,L19
-21.81441230000002,-49.3182735,URU399,27,L19
-21.81109215000002,-49.31000883000001,URU399,28,L19
-21.80379361999999,-49.30448615,URU399,29,L19
-21.79670350999998,-49.29885991,URU399,30,L19
-21.78921355,-49.29365445,URU399,31,L19
-21.22175722,-50.84893129,VPS015,1,L19
-21.22867930999999,-50.85627955,VPS015,2,L19
-23.28963902269911,-47.81068637173057,SP127,106,L20
-23.29677000903434,-47.81466656807337,SP127,107,L20
-23.30439284581223,-47.81889211853571,SP127,108,L20
-23.31250468574406,-47.82351941678533,SP127,109,L20
-23.32055581899513,-47.82799944393721,SP127,110,L20
-23.3254043333351,-47.83438629903181,SP127,111,L20
-23.32905445729633,-47.84313282686895,SP127,112,L20
-23.33266546405211,-47.85201579525346,SP127,113,L20
-23.33705464524505,-47.86075951046087,SP127,114,L20
-23.33908933730426,-47.8694140406646,SP127,115,L20
-23.34245676941491,-47.87624044831897,SP127,116,L20
-23.35155905858952,-47.87940829620716,SP127,117,L20
-23.35908318823668,-47.88398464861549,SP127,118,L20
-23.3604244702122,-47.89344182235478,SP127,119,L20
-23.36519792756686,-47.90127807052117,SP127,120,L20
-23.3699442689632,-47.91442264568358,SP127,121,L20
-23.37722543042497,-47.92033054316013,SP127,122,L20
-23.38511969845861,-47.92287950804289,SP127,123,L20
-23.39381182901662,-47.92571036436169,SP127,124,L20
-23.40233813988838,-47.92438222222347,SP127,125,L20
-23.41076614905049,-47.92492936929195,SP127,126,L20
-23.41851029914539,-47.92921692420913,SP127,127,L20
-23.42727256588491,-47.93406540723697,SP127,128,L20
-23.43524425956262,-47.93871125899787,SP127,129,L20
-23.44136227086992,-47.94592816777308,SP127,130,L20
-23.44746863342764,-47.95326286402029,SP127,131,L20
-23.45545209465737,-47.95772507455373,SP127,132,L20
-23.46346289940886,-47.96263847970367,SP127,133,L20
-23.47079264266885,-47.96776229100405,SP127,134,L20
-23.47843377131019,-47.97310892812086,SP127,135,L20
-23.48627989192586,-47.97338281902864,SP127,136,L20
-23.49337709510316,-47.96797459820269,SP127,137,L20
-23.50184025778274,-47.96854593327108,SP127,138,L20
-23.51198634853769,-47.96794168243334,SP127,139,L20
-23.52252050274509,-47.96591724140262,SP127,140,L20
-23.52965771742348,-47.96456026709129,SP127,141,L20
-23.53829916160753,-47.96477365690168,SP127,142,L20
-23.54630682097687,-47.9674592551455,SP127,143,L20
-23.55441721686978,-47.97043143429372,SP127,144,L20
-23.56256231180431,-47.97394325971877,SP127,145,L20
-23.57139679130793,-47.97773547297003,SP127,146,L20
-23.57864632906512,-47.98087559379817,SP127,147,L20
-23.58805275703913,-47.98494617393743,SP127,148,L20
-23.59370401857208,-47.99233989826223,SP127,149,L20
-23.59581169494091,-48.00137459129807,SP127,150,L20
-23.5965575625608,-48.01150245189648,SP127,151,L20
-23.59708121487996,-48.02137111721928,SP127,152,L20
-23.59755280570173,-48.03043810673389,SP127,153,L20
-23.60094284221673,-48.0406637477826,SP127,154,L20
-23.60468059915942,-48.04927610572701,SP127,155,L20
-23.60823583786468,-48.05780492264084,SP127,156,L20
-23.61201418780871,-48.06670143019872,SP127,157,L20
-23.61577246492809,-48.07545056360206,SP127,158,L20
-23.62020096152639,-48.08592193375922,SP127,159,L20
-23.62471791315517,-48.09530341382371,SP127,160,L20
-23.62943524704027,-48.10287882246331,SP127,161,L20
-23.63375102300174,-48.10974852420771,SP127,162,L20
-23.64001173727379,-48.11784956122938,SP127,163,L20
-23.64900225362808,-48.11648666799793,SP127,164,L20
-23.65724830665936,-48.11343509800372,SP127,165,L20
-23.6654259884528,-48.11011024746988,SP127,166,L20
-23.67225506295663,-48.10609934700337,SP127,167,L20
-23.68095985720165,-48.10780852302404,SP127,168,L20
-23.68997306386681,-48.10911907122047,SP127,169,L20
-23.69857461181172,-48.1086844997802,SP127,170,L20
-23.70674047853832,-48.10908271364784,SP127,171,L20
-23.71526356555535,-48.11072767175135,SP127,172,L20
-23.72428353985145,-48.11240103940801,SP127,173,L20
-23.73244747269706,-48.11366209776696,SP127,174,L20
-23.73960618076807,-48.11667085832048,SP127,175,L20
-23.74797177442298,-48.11568259749043,SP127,176,L20
-23.75367284333297,-48.12328305354205,SP127,177,L20
-23.76343532336423,-48.12994198679336,SP127,178,L20
-23.77050242110231,-48.13434666742782,SP127,179,L20
-23.77888902724425,-48.13496691424057,SP127,180,L20
-23.78802473334766,-48.13656130167104,SP127,181,L20
-23.79678096759793,-48.13910573892247,SP127,182,L20
-23.80499288817298,-48.14198606682803,SP127,183,L20
-23.80820480276391,-48.14981744948509,SP127,184,L20
-23.8142660111178,-48.15686992262887,SP127,185,L20
-23.82064648081988,-48.16567758584141,SP127,186,L20
-23.82923391745827,-48.16887559390995,SP127,187,L20
-23.83655430153759,-48.17335731296872,SP127,188,L20
-23.84342194256577,-48.17973318886423,SP127,189,L20
-23.84511704279676,-48.18852730495474,SP127,190,L20
-23.84471236792409,-48.19900548987696,SP127,191,L20
-23.84832433321244,-48.20805331832263,SP127,192,L20
-23.85401940554148,-48.21553616910327,SP127,193,L20
-23.85991896420225,-48.22036571406758,SP127,194,L20
-23.86383005543375,-48.2275442936959,SP127,195,L20
-23.86814782978382,-48.23577459724306,SP127,196,L20
-23.87508637696855,-48.24371439535644,SP127,197,L20
-23.88367699937136,-48.24816513127499,SP127,198,L20
-23.89039317183748,-48.25429527241821,SP127,199,L20
-23.89735949574108,-48.26029314542418,SP127,200,L20
-23.90160535981494,-48.26862638072359,SP127,201,L20
-23.90859600514063,-48.27398689044051,SP127,202,L20
-23.91691039455145,-48.27358651776886,SP127,203,L20
-23.92322901841443,-48.28075872561729,SP127,204,L20
-23.92659932025704,-48.28965262729599,SP127,205,L20
-23.9305614213438,-48.29937915003596,SP127,206,L20
-23.93813698912844,-48.3031493131155,SP127,207,L20
-23.94547459757658,-48.305707104048,SP127,208,L20
-23.95401096723183,-48.30662960969624,SP127,209,L20
-23.96186049633716,-48.31213348275519,SP127,210,L20
-23.96954739727826,-48.31712078341909,SP127,211,L20
-23.97808293688465,-48.32057836699406,SP127,212,L20
-23.9862139157425,-48.3251646006331,SP127,213,L20
-23.99281774378583,-48.33120737964247,SP127,214,L20
-22.96327517517257,-48.81068746013941,SP255,238,L20
-22.97095004473127,-48.81594625710392,SP255,239,L20
-22.97872394047276,-48.82119428328238,SP255,240,L20
-22.98547110760121,-48.82729798382918,SP255,241,L20
-22.99227677745088,-48.83373292796242,SP255,242,L20
-22.99905647859898,-48.84026645006296,SP255,243,L20
-23.00579851958098,-48.84670367908106,SP255,244,L20
-23.01257684687915,-48.85317022597473,SP255,245,L20
-23.01934618995601,-48.85965706060812,SP255,246,L20
-23.02613283825404,-48.86610524123213,SP255,247,L20
-23.03299213979702,-48.87260169469951,SP255,248,L20
-23.03969723244781,-48.8790621868953,SP255,249,L20
-23.04643782071656,-48.88549348585994,SP255,250,L20
-23.05291991225088,-48.89219288274132,SP255,251,L20
-23.05818214227077,-48.90019984457337,SP255,252,L20
-23.06343498155881,-48.90820758655205,SP255,253,L20
-23.06882466933488,-48.91635047031187,SP255,254,L20
-23.07405820704388,-48.92432075534626,SP255,255,L20
-23.08076999966221,-48.93074661417369,SP255,256,L20
-23.08827162383141,-48.93613626423452,SP255,257,L20
-23.09679823954772,-48.93912932270412,SP255,258,L20
-23.10732519263448,-48.94042305871157,SP255,259,L20
-23.11615085735865,-48.94004432125414,SP255,260,L20
-23.12478256393128,-48.93864339023818,SP255,261,L20
-23.13226993821152,-48.9401886420194,SP255,262,L20
-23.14099028281384,-48.9428087298927,SP255,263,L20
-23.14954797790245,-48.94542182931281,SP255,264,L20
-23.15817811870329,-48.94805364446318,SP255,265,L20
-23.16648284589728,-48.95204811837493,SP255,266,L20
-23.17458354345515,-48.9563293678092,SP255,267,L20
-23.18316610787449,-48.95948061361228,SP255,268,L20
-23.19176377498432,-48.96240734132359,SP255,269,L20
-23.20034372940649,-48.96536397434296,SP255,270,L20
-23.20812581829978,-48.96806925791959,SP255,271,L20
-23.21751318302169,-48.97132695252148,SP255,272,L20
-23.22591133991563,-48.97419941326795,SP255,273,L20
-23.23475445125591,-48.97727066805019,SP255,274,L20
-23.24353420326802,-48.98033346734433,SP255,275,L20
-23.25108592643855,-48.98480269996983,SP255,276,L20
-23.25689872845445,-48.99309992305182,SP255,277,L20
-23.26202186990398,-49.00045043792692,SP255,278,L20
-23.26772237486483,-49.0084966028389,SP255,279,L20
-23.27283732492356,-49.01596572053049,SP255,280,L20
-23.27826382263082,-49.02382177730572,SP255,281,L20
-23.28489178383937,-49.03031192980845,SP255,282,L20
-23.29185244160966,-49.03670986040284,SP255,283,L20
-23.29894890472582,-49.04315533677763,SP255,284,L20
-23.30560730582091,-49.04924616012708,SP255,285,L20
-23.31270502901143,-49.05582979685467,SP255,286,L20
-23.31857693615261,-49.06115109793323,SP255,287,L20
-23.32638924698977,-49.067872314074,SP255,288,L20
-23.28228896513874,-47.80937054387049,SP258,222,L20
-23.98731930420032,-48.32903189595334,SP258,223,L20
-23.98598129875257,-48.33876516615253,SP258,224,L20
-23.98431342713626,-48.34824963270579,SP258,225,L20
-23.98054734026837,-48.35700069788294,SP258,226,L20
-23.97671409191473,-48.36607680813601,SP258,227,L20
-23.97295709241266,-48.37489547470186,SP258,228,L20
-23.96907005805578,-48.38406007365252,SP258,229,L20
-23.96537375509304,-48.39279795764694,SP258,230,L20
-23.96189329494951,-48.40152122046963,SP258,231,L20
-23.95981121898664,-48.41130633129472,SP258,232,L20
-23.95999264014567,-48.42100683562975,SP258,233,L20
-23.96007222110413,-48.43059157163651,SP258,234,L20
-23.96199506529739,-48.44032657257548,SP258,235,L20
-23.96228250329157,-48.44945564751566,SP258,236,L20
-23.95884484715659,-48.45878556056693,SP258,237,L20
-23.95881053823302,-48.46817620665002,SP258,238,L20
-23.9622804830195,-48.47717452991948,SP258,239,L20
-23.96176117799262,-48.4864806585382,SP258,240,L20
-23.96047439929151,-48.49641247592407,SP258,241,L20
-23.96055478342043,-48.50578156052164,SP258,242,L20
-23.9561678449905,-48.51356658927137,SP258,243,L20
-23.95118363671282,-48.52184379801392,SP258,244,L20
-23.94780814442263,-48.53139601870458,SP258,245,L20
-23.94252990532695,-48.53885263865994,SP258,246,L20
-23.9370708447976,-48.54688169094526,SP258,247,L20
-23.9336466156449,-48.55574577047598,SP258,248,L20
-23.93876925795177,-48.56340792187346,SP258,249,L20
-23.9387697933559,-48.57313085162437,SP258,250,L20
-23.93739832999398,-48.5828990375363,SP258,251,L20
-23.93742546447073,-48.59267057097983,SP258,252,L20
-23.93760554526371,-48.60244915012693,SP258,253,L20
-23.93806277883614,-48.61209502479325,SP258,254,L20
-23.93719909029526,-48.62158844805886,SP258,255,L20
-23.93467457911089,-48.63113175728064,SP258,256,L20
-23.93148943637052,-48.64060817871501,SP258,257,L20
-23.92931534296883,-48.65012478712836,SP258,258,L20
-23.92754131547265,-48.65986959978172,SP258,259,L20
-23.92834665426227,-48.66890005651619,SP258,260,L20
-23.92181363578015,-48.67563631003382,SP258,261,L20
-23.92309294410837,-48.68443221117827,SP258,262,L20
-23.92488895564843,-48.69400479504074,SP258,263,L20
-23.92760465523739,-48.70354177087279,SP258,264,L20
-23.93099883030289,-48.7126056286322,SP258,265,L20
-23.9337357049063,-48.72181903541297,SP258,266,L20
-23.93415148403941,-48.7322225835957,SP258,267,L20
-23.93446447213096,-48.74182266220808,SP258,268,L20
-23.93375170768288,-48.7516959694036,SP258,269,L20
-23.93308428571313,-48.76162736021998,SP258,270,L20
-23.93565228215495,-48.77059951255394,SP258,271,L20
-23.94305854067731,-48.77644426414768,SP258,272,L20
-23.9505057738135,-48.78201391703264,SP258,273,L20
-23.95384029117789,-48.79100414295739,SP258,274,L20
-23.95650541419389,-48.80056616804877,SP258,275,L20
-23.96270244422481,-48.80777992406344,SP258,276,L20
-23.9689196816508,-48.81453227274668,SP258,277,L20
-23.97435495177404,-48.82218267430437,SP258,278,L20
-23.97759065437073,-48.83136404046667,SP258,279,L20
-23.97580759348499,-48.84063942165378,SP258,280,L20
-23.97809602302524,-48.84994523566303,SP258,281,L20
-23.97381749718753,-48.85903574648652,SP258,282,L20
-23.97034528417138,-48.86707096726475,SP258,283,L20
-23.96642515528608,-48.87669489474379,SP258,284,L20
-23.96347839263605,-48.88624344471553,SP258,285,L20
-23.96010205738097,-48.89479649302906,SP258,286,L20
-23.9673009393044,-48.90132964670391,SP258,287,L20
-23.97438319898725,-48.9065611997758,SP258,288,L20
-23.974788320133,-48.91708753890259,SP258,289,L20
-23.97805287661359,-48.92547534250238,SP258,290,L20
-23.9846435514815,-48.93215969107371,SP258,291,L20
-23.984644,-48.93216,SP258,292,L20
-23.99309638066229,-48.93568025411985,SP258,293,L20
-23.993096,-48.93568,SP258,293,L20
-23.99938163456055,-48.94250831088319,SP258,294,L20
-24.00537598168741,-48.94988217689425,SP258,295,L20
-24.01019919978851,-48.95814995370886,SP258,296,L20
-24.01722389847586,-48.96429999917223,SP258,297,L20
-24.02397208134709,-48.97072043780967,SP258,298,L20
-24.03001835555816,-48.97801756317748,SP258,299,L20
-24.03590494730828,-48.98555379351367,SP258,300,L20
-24.04186948522728,-48.99286339200629,SP258,301,L20
-24.04767213258481,-49.00024499528105,SP258,302,L20
-24.05363502466362,-49.00747731315784,SP258,303,L20
-24.05801581524928,-49.01596367550606,SP258,304,L20
-24.06011427180955,-49.02533117608876,SP258,305,L20
-24.0623577403819,-49.03478529888928,SP258,306,L20
-24.06470871669834,-49.04421848805544,SP258,307,L20
-24.06873816663697,-49.05291872963819,SP258,308,L20
-24.0742708518714,-49.06058406854238,SP258,309,L20
-24.07508140760318,-49.07041542808234,SP258,310,L20
-24.07368600912847,-49.08006345990601,SP258,311,L20
-24.07201905056654,-49.08970550810801,SP258,312,L20
-24.070532867252,-49.09941351105556,SP258,313,L20
-24.07005897377995,-49.11951034942005,SP258,314,L20
-24.06907106850445,-49.10895379938557,SP258,314,L20
-24.07362450841834,-49.12900699697299,SP258,315,L20
-24.07807493620284,-49.13781285661146,SP258,316,L20
-24.08005604615131,-49.14778581295833,SP258,317,L20
-24.07972299478041,-49.15758566873657,SP258,318,L20
-24.07491402280406,-49.16614121066985,SP258,319,L20
-24.07253167441517,-49.17606802810711,SP258,320,L20
-24.07215992978179,-49.19190593787941,SP258,321,L20
-24.07173854818108,-49.18453640126803,SP258,322,L20
-24.08036469157124,-49.19396429774501,SP258,323,L20
-24.08543422556248,-49.20197762537761,SP258,324,L20
-24.0865622837847,-49.21193470380482,SP258,325,L20
-24.08853408503659,-49.22151644024336,SP258,326,L20
-24.09186167855238,-49.23048974689174,SP258,327,L20
-24.09566256416818,-49.2382669226986,SP258,328,L20
-24.10122668336098,-49.24629597286808,SP258,329,L20
-24.10612667116897,-49.25512462477372,SP258,330,L20
-24.10732156837941,-49.26448988349782,SP258,331,L20
-24.10791471774223,-49.27380734478962,SP258,332,L20
-24.10609053866365,-49.28340308633741,SP258,333,L20
-24.10382468060328,-49.29312248341829,SP258,334,L20
-24.10056471541277,-49.30200872929774,SP258,335,L20
-24.1002192200527,-49.31239081808574,SP258,336,L20
-24.09843564197475,-49.32179813830919,SP258,337,L20
-24.09715941849527,-49.33141505237926,SP258,338,L20
-24.1029073970154,-49.33934774353106,SP258,339,L20
-24.10665853605302,-49.34636241998662,SP258,340,L20
-24.11184426772692,-49.35246394238866,SP258,341,L20
-24.11493391760647,-49.36183917782669,SP258,342,L20
-24.116354,-49.369393,SP258,343,L20
-23.5169158017087,-47.60551002075633,SP270,116,L20
-23.52252193600432,-47.61353972943221,SP270,117,L20
-23.52964154275299,-47.6233230584448,SP270,118,L20
-23.53657581068509,-47.63867419384921,SP270,119,L20
-23.53159359600656,-47.63066481127869,SP270,120,L20
-23.54119493605729,-47.64624612694241,SP270,121,L20
-23.54397159644424,-47.65438857500684,SP270,122,L20
-23.5454415466926,-47.66396377586732,SP270,123,L20
-23.54672069227623,-47.67515070380286,SP270,124,L20
-23.54532022324776,-47.68465811287491,SP270,125,L20
-23.5438870336065,-47.6944583073889,SP270,126,L20
-23.54247316075648,-47.70363207369133,SP270,127,L20
-23.53769305674066,-47.71430283464974,SP270,128,L20
-23.53543474607414,-47.72318436191476,SP270,129,L20
-23.53634251956616,-47.73112267355987,SP270,130,L20
-23.53972179774056,-47.7401499715857,SP270,131,L20
-23.54364943807431,-47.74824928289242,SP270,132,L20
-23.54630133183182,-47.75751681157646,SP270,133,L20
-23.55073879503377,-47.76531437248374,SP270,134,L20
-23.55229801696607,-47.77505902006276,SP270,135,L20
-23.55374159774928,-47.78467413256796,SP270,136,L20
-23.55526681678649,-47.79423238886544,SP270,137,L20
-23.55662546518839,-47.80298446094145,SP270,138,L20
-23.55931862419853,-47.81327284212029,SP270,139,L20
-23.55700917163464,-47.8226713785893,SP270,140,L20
-23.55689385231196,-47.83149001316898,SP270,141,L20
-23.56037105325203,-47.84074811653889,SP270,142,L20
-23.56204190226864,-47.85004599586669,SP270,143,L20
-23.56372553027845,-47.85959889641148,SP270,144,L20
-23.5655086680644,-47.86959473577964,SP270,145,L20
-23.56728156945188,-47.87961993818583,SP270,146,L20
-23.56907410531385,-47.88903874819056,SP270,147,L20
-23.57059789268669,-47.89783503148483,SP270,148,L20
-23.57261425222092,-47.90728853379669,SP270,149,L20
-23.57555548234447,-47.91647877809042,SP270,150,L20
-23.5783044732179,-47.92578262236945,SP270,151,L20
-23.58121746249952,-47.9349729611637,SP270,152,L20
-23.58218965187143,-47.9441595006068,SP270,153,L20
-23.58824194318361,-47.95098254997898,SP270,154,L20
-23.59509114194696,-47.95574812246408,SP270,155,L20
-23.59556163442426,-47.96608969026911,SP270,156,L20
-23.5898736943718,-47.97329587669623,SP270,157,L20
-23.59124212331559,-47.98193391741209,SP270,158,L20
-23.59367639120874,-47.99236864734758,SP270,159,L20
-23.59579403255644,-48.00139457760885,SP270,160,L20
-23.59653876767903,-48.01146370874992,SP270,161,L20
-23.59713684099432,-48.02144819948771,SP270,162,L20
-23.59759225974005,-48.03061348326423,SP270,163,L20
-23.60093102091646,-48.04051712065283,SP270,164,L20
-23.60467176463103,-48.04928609677807,SP270,165,L20
-23.60817659148611,-48.05801190925889,SP270,166,L20
-23.61203241465676,-48.06671081805083,SP270,167,L20
-23.61572468320827,-48.07537472716799,SP270,168,L20
-23.617354,-48.079099,SP270,169,L20
-23.28264895386311,-47.80790155712571,SP280,129,L20
-23.28181775482349,-47.80990442165244,SP280,130,L20
-23.27958729593954,-47.81651622807852,SP280,130,L20
-23.27586868869691,-47.82510044443112,SP280,131,L20
-23.27056093967331,-47.83264747999715,SP280,132,L20
-23.26516955724889,-47.83981115056683,SP280,133,L20
-23.26121865811951,-47.84964232463265,SP280,134,L20
-23.25917988298251,-47.8590155127599,SP280,135,L20
-23.2585877262001,-47.86871238494324,SP280,136,L20
-23.25793348207593,-47.87733330151055,SP280,137,L20
-23.25718188402067,-47.88827674669565,SP280,138,L20
-23.25647192596714,-47.89790224985906,SP280,139,L20
-23.255823475378,-47.90709915235447,SP280,140,L20
-23.25505698218868,-47.91679148928076,SP280,141,L20
-23.25429857121234,-47.92747034450611,SP280,142,L20
-23.25371971439276,-47.93575018377398,SP280,143,L20
-23.25292820335818,-47.94668191949073,SP280,144,L20
-23.25233715274862,-47.95651419420274,SP280,145,L20
-23.25153967200436,-47.96625384873443,SP280,146,L20
-23.25090675131355,-47.97585047978291,SP280,147,L20
-23.25025353911538,-47.98553441122614,SP280,148,L20
-23.24951426589864,-47.99544089870047,SP280,149,L20
-23.2488038902676,-48.00563954184487,SP280,150,L20
-23.24810453577741,-48.01440603545853,SP280,151,L20
-23.24739414405742,-48.02452052465066,SP280,152,L20
-23.24670039273672,-48.03459553527158,SP280,153,L20
-23.24601023745022,-48.04393792636052,SP280,154,L20
-23.24584233521416,-48.05372782718061,SP280,155,L20
-23.24591775798996,-48.06353196530427,SP280,156,L20
-23.24595957781271,-48.07350294383873,SP280,157,L20
-23.24605764322215,-48.08216400343094,SP280,158,L20
-23.2445680837908,-48.09284224812474,SP280,159,L20
-23.24222054317041,-48.10352909470875,SP280,160,L20
-23.24029158958135,-48.11198959217296,SP280,161,L20
-23.23859363037565,-48.11929247049051,SP280,162,L20
-23.23660696152466,-48.1285937381195,SP280,163,L20
-23.23433102465567,-48.13792297892835,SP280,164,L20
-23.23209807283588,-48.14925974988259,SP280,165,L20
-23.23071060097845,-48.16020598682412,SP280,166,L20
-23.22831310757956,-48.16938802278223,SP280,167,L20
-23.22541925311138,-48.17810168191258,SP280,168,L20
-23.22116699360368,-48.18658957180755,SP280,169,L20
-23.21626910445118,-48.19483654148848,SP280,170,L20
-23.21044989002605,-48.20205726587284,SP280,171,L20
-23.20399785143907,-48.20873393392129,SP280,172,L20
-23.19851957363434,-48.21741095585347,SP280,173,L20
-23.19533248229367,-48.22603998868397,SP280,174,L20
-23.19380863161774,-48.23582798985581,SP280,175,L20
-23.19454490100973,-48.24541830140387,SP280,176,L20
-23.19978550908909,-48.25347396135083,SP280,177,L20
-23.19968574976924,-48.2622445412959,SP280,178,L20
-23.19595129227685,-48.27120615149003,SP280,179,L20
-23.1922702438043,-48.28015645177793,SP280,180,L20
-23.18858281062054,-48.28929193780321,SP280,181,L20
-23.18505886097199,-48.29799407046928,SP280,182,L20
-23.18140622203855,-48.30659095822694,SP280,183,L20
-23.17739649715003,-48.31599434973066,SP280,184,L20
-23.17279997349107,-48.32433650339973,SP280,185,L20
-23.16836626120689,-48.33274244688326,SP280,186,L20
-23.16437292005821,-48.34159799178997,SP280,187,L20
-23.16192256025942,-48.35098887987784,SP280,188,L20
-23.16031592447441,-48.35959170868276,SP280,189,L20
-23.15845205907534,-48.36957586091121,SP280,190,L20
-23.15563003927662,-48.37951986584812,SP280,191,L20
-23.15175440029568,-48.38856632190695,SP280,192,L20
-23.14844009331045,-48.39774786651677,SP280,193,L20
-23.14559223306852,-48.40623671832669,SP280,194,L20
-23.14350322650796,-48.41589179810959,SP280,195,L20
-23.14145537182333,-48.42534085362881,SP280,196,L20
-23.13945204447565,-48.43478881886639,SP280,197,L20
-23.13744923230159,-48.44430486513146,SP280,198,L20
-23.13572715011167,-48.45391297938415,SP280,199,L20
-23.1327750988737,-48.46341715097176,SP280,200,L20
-23.12812150648107,-48.47155709253023,SP280,201,L20
-23.12350527710408,-48.48036924430404,SP280,202,L20
-23.11891480726259,-48.48856546304438,SP280,203,L20
-23.11373102000245,-48.49694782285745,SP280,204,L20
-23.1073438751696,-48.50347804238877,SP280,205,L20
-23.09946166644906,-48.5073906289739,SP280,206,L20
-23.09107022039726,-48.50535973144338,SP280,207,L20
-23.08475170300879,-48.51169195788964,SP280,208,L20
-23.07937533202577,-48.51940155717239,SP280,209,L20
-23.07468089474377,-48.52744932409841,SP280,210,L20
-23.07180048306201,-48.53722944947967,SP280,211,L20
-23.06881881040595,-48.54595617350668,SP280,212,L20
-23.06605176306733,-48.55477853793838,SP280,213,L20
-23.06294993590816,-48.56495181124644,SP280,214,L20
-23.05961074040747,-48.57382160817019,SP280,215,L20
-23.05595937237082,-48.58238438956383,SP280,216,L20
-23.05225438768545,-48.59101597921287,SP280,217,L20
-23.04843940861929,-48.60016610819859,SP280,218,L20
-23.0446744669118,-48.6090807453073,SP280,219,L20
-23.04086223450005,-48.61788844347852,SP280,220,L20
-23.03712225825467,-48.62673342579113,SP280,221,L20
-23.03354770611836,-48.63580916744539,SP280,222,L20
-23.03029345166393,-48.64460577342187,SP280,223,L20
-23.02721053876788,-48.65403303591865,SP280,224,L20
-23.02411310330543,-48.66312852315625,SP280,225,L20
-23.02108889488414,-48.67232966156775,SP280,226,L20
-23.01803503760348,-48.68139438105318,SP280,227,L20
-23.01498190704628,-48.69054649335266,SP280,228,L20
-23.01188407367116,-48.69976725802517,SP280,229,L20
-23.00888580224144,-48.7090444717637,SP280,230,L20
-23.00602462481145,-48.71785086581869,SP280,231,L20
-23.00265507289652,-48.72649964323736,SP280,232,L20
-22.99888430271628,-48.73616897008801,SP280,233,L20
-22.99522829968921,-48.74506546125944,SP280,234,L20
-22.99132804171943,-48.75396554263826,SP280,235,L20
-22.98736295340377,-48.76278819334048,SP280,236,L20
-22.98324783021329,-48.77125201111377,SP280,237,L20
-22.97886400824454,-48.7799050028974,SP280,238,L20
-22.97431514553097,-48.78841388016962,SP280,239,L20
-22.96968155621826,-48.7967090665358,SP280,240,L20
-22.96459197701943,-48.805362078931,SP280,241,L20
-22.96004350496132,-48.81335250820791,SP280,242,L20
-22.95548041622397,-48.82162539390157,SP280,243,L20
-22.95479320710418,-48.83077186536159,SP280,244,L20
-22.95596185053812,-48.84098078456267,SP280,245,L20
-22.95699752416895,-48.85075327976562,SP280,246,L20
-22.95704040690953,-48.86060008894948,SP280,247,L20
-22.95400739786774,-48.87004662602973,SP280,248,L20
-22.95106409811984,-48.87881865025381,SP280,249,L20
-22.94791693849765,-48.88791522169013,SP280,250,L20
-22.94481513656052,-48.89706919705393,SP280,251,L20
-22.9413482825614,-48.90733979846252,SP280,252,L20
-22.94040203117133,-48.91708389322588,SP280,253,L20
-22.94057357090106,-48.92673287236672,SP280,254,L20
-22.94071896369961,-48.93649930360188,SP280,255,L20
-22.94087265785843,-48.94625592325283,SP280,256,L20
-22.94037575594233,-48.95602237860474,SP280,257,L20
-22.93863956448486,-48.96566109038924,SP280,258,L20
-22.93695668737466,-48.97527930312678,SP280,259,L20
-22.93525428715944,-48.98482936201104,SP280,260,L20
-22.93353980249191,-48.99418441915563,SP280,261,L20
-22.93179476716514,-49.00402716462146,SP280,262,L20
-22.93023344666956,-49.01344782106008,SP280,263,L20
-22.9281070284711,-49.02321770421713,SP280,264,L20
-22.92587789843421,-49.03276458715068,SP280,265,L20
-22.92352803967017,-49.04208871494946,SP280,266,L20
-22.92123213856928,-49.05144102649142,SP280,267,L20
-22.91900171908921,-49.06102607861066,SP280,268,L20
-22.91647811822155,-49.07031281551092,SP280,269,L20
-22.91411775815417,-49.07970416559654,SP280,270,L20
-22.91180547996122,-49.0893869804484,SP280,271,L20
-22.90834670705661,-49.09839341691288,SP280,272,L20
-22.90297605279756,-49.10613933594619,SP280,273,L20
-22.89738863580105,-49.11391688971293,SP280,274,L20
-22.8918813587278,-49.12163422978129,SP280,275,L20
-22.8863558334606,-49.12937069475427,SP280,276,L20
-22.88090954669688,-49.13696901754128,SP280,277,L20
-22.87514525210486,-49.14443462652051,SP280,278,L20
-22.86979308704018,-49.15243000378295,SP280,279,L20
-22.86431136598366,-49.16019263675051,SP280,280,L20
-22.85878497427018,-49.16803320566528,SP280,281,L20
-22.85263905731894,-49.1762224489451,SP280,282,L20
-22.84841432550728,-49.18345980832261,SP280,283,L20
-22.84512555794969,-49.19362684023584,SP280,284,L20
-22.84227449327561,-49.20103034328554,SP280,285,L20
-22.83904621621392,-49.21105935979762,SP280,286,L20
-22.83590385997112,-49.21994690928154,SP280,287,L20
-22.83273660090592,-49.22907796242954,SP280,288,L20
-22.82960372218745,-49.23810100921727,SP280,289,L20
-22.82648115662308,-49.24728915371887,SP280,290,L20
-22.82331245976112,-49.25643852437309,SP280,291,L20
-22.8201505423772,-49.26543154138133,SP280,292,L20
-22.81713034746088,-49.2742178062482,SP280,293,L20
-22.81402122918461,-49.28401793550185,SP280,294,L20
-22.81153249708395,-49.29277733970249,SP280,295,L20
-22.81072371569771,-49.30245078460094,SP280,296,L20
-22.81001294474958,-49.3120547520606,SP280,297,L20
-22.80944257318192,-49.32218296221913,SP280,298,L20
-22.80895108829387,-49.33214456236114,SP280,299,L20
-22.80812233815346,-49.34186667645587,SP280,300,L20
-22.80457863534536,-49.35022840248885,SP280,301,L20
-22.79829217465726,-49.35714198958107,SP280,302,L20
-22.79193403141537,-49.36414345594783,SP280,303,L20
-22.78548088102366,-49.37160316622433,SP280,304,L20
-22.77987816561747,-49.37836062780234,SP280,305,L20
-22.77499405501988,-49.38655046066076,SP280,306,L20
-22.77016288472776,-49.39466119225298,SP280,307,L20
-22.7653330202626,-49.40294664007659,SP280,308,L20
-22.76047482355678,-49.41115393944033,SP280,309,L20
-22.75609496602252,-49.41937463964832,SP280,310,L20
-22.75130445402538,-49.4272100285943,SP280,311,L20
-22.74642703567795,-49.43543535789186,SP280,312,L20
-22.74164107429791,-49.44382460550251,SP280,313,L20
-22.73683421811727,-49.45197010201364,SP280,314,L20
-22.73264689326224,-49.46072148836069,SP280,315,L20
-23.03523598920852,-47.29929271014542,ESF020,0,L21
-23.05842457865304,-47.30460391891703,ESF020,3,L21
-22.90255547837641,-47.22958038064925,HTR050,0,L21
-22.89594028358693,-47.23001794357311,HTR050,1,L21
-22.88670912278219,-47.2309291854091,HTR050,2,L21
-22.87742377473706,-47.22926708897512,HTR050,3,L21
-22.86893525149788,-47.2255039792249,HTR050,4,L21
-22.86049757736805,-47.22132327036099,HTR050,5,L21
-22.85192909197355,-47.21809572469449,HTR050,6,L21
-23.03401659411024,-47.28125478855215,IDT085,0,L21
-22.96152705041916,-47.31736763259119,MOR040,0,L21
-22.95627738385445,-47.32012489216153,MOR040,1,L21
-22.96331535161287,-47.3173201243769,MOR137,0,L21
-23.03523598920852,-47.29929271014542,MOR137,9,L21
-23.02956164179898,-47.2996060874622,MOR293,0,L21
-23.03401659411024,-47.28125478855215,MOR293,2,L21
-22.899603,-47.115404,SP101,0,L21
-22.897926327202,-47.12057802340108,SP101,1,L21
-22.897861,-47.120582,SP101,1,L21
-22.89297681302463,-47.12845863560029,SP101,2,L21
-22.8915562106951,-47.13749382210276,SP101,3,L21
-22.88709394107003,-47.14646707992435,SP101,4,L21
-22.88530748955219,-47.15496268239146,SP101,5,L21
-22.88906894585089,-47.16384821672072,SP101,6,L21
-22.89214756318676,-47.17271384500985,SP101,7,L21
-22.8944642155644,-47.1828736023058,SP101,8,L21
-22.89737194790781,-47.19097340908416,SP101,9,L21
-22.90102062573794,-47.19936153061826,SP101,10,L21
-22.9057620016819,-47.20811260333217,SP101,11,L21
-22.90851043568318,-47.21575241266333,SP101,12,L21
-22.90277138311593,-47.22604546461387,SP101,13,L21
-22.90558779513776,-47.23398925428751,SP101,14,L21
-22.90981227995935,-47.24342289076795,SP101,15,L21
-22.91650805826617,-47.2476430662019,SP101,16,L21
-22.92428273428228,-47.25270767787597,SP101,17,L21
-22.93190194563058,-47.25673935027543,SP101,18,L21
-22.94139256737961,-47.25962727038333,SP101,19,L21
-22.94338797430639,-47.26813309583657,SP101,20,L21
-22.94487862317892,-47.27783152120174,SP101,21,L21
-22.94522843091444,-47.28660243659235,SP101,22,L21
-22.95072992033034,-47.29594794348439,SP101,23,L21
-22.95541709494906,-47.30207948058361,SP101,24,L21
-22.95891721194153,-47.30955807203758,SP101,25,L21
-22.96303487277459,-47.3184580423819,SP101,26,L21
-22.96693893837483,-47.32681383577852,SP101,27,L21
-22.97099548861483,-47.33546673336952,SP101,28,L21
-22.97569547808645,-47.34476469827784,SP101,29,L21
-22.97873882556721,-47.35381005393771,SP101,30,L21
-22.98029959064305,-47.36633801371735,SP101,31,L21
-22.9830795867411,-47.37461793244028,SP101,32,L21
-22.987721869866,-47.38487124808914,SP101,33,L21
-22.98941031178561,-47.39229367140739,SP101,34,L21
-22.99443567323837,-47.39954014113778,SP101,35,L21
-22.99804398396347,-47.40724237895837,SP101,36,L21
-22.99795625395928,-47.41645003438382,SP101,37,L21
-23.00148563835388,-47.42634112005655,SP101,38,L21
-23.00015118337901,-47.43347742714925,SP101,39,L21
-22.99750094436487,-47.44221543146752,SP101,40,L21
-22.99780252350956,-47.4521126529853,SP101,41,L21
-22.99707709546162,-47.46225814976604,SP101,42,L21
-22.99563245097607,-47.47212475006766,SP101,43,L21
-23.0005483864612,-47.47819421064359,SP101,44,L21
-23.00732921382632,-47.48524255724958,SP101,45,L21
-23.01380413114666,-47.49202553387101,SP101,46,L21
-23.02003484309667,-47.50029252237823,SP101,47,L21
-23.02468820634207,-47.50667085463024,SP101,48,L21
-23.03096620260788,-47.51527103841168,SP101,49,L21
-23.03689179134643,-47.52339639784483,SP101,50,L21
-23.03993222514021,-47.53291384112571,SP101,51,L21
-23.03882754501823,-47.5421536921821,SP101,52,L21
-23.0390391383105,-47.55030946460847,SP101,53,L21
-23.04433002884195,-47.55807779308215,SP101,54,L21
-23.04847290044106,-47.56700507789973,SP101,55,L21
-23.05095581700086,-47.57591522414507,SP101,56,L21
-23.05107125121224,-47.58567350080132,SP101,57,L21
-23.04904470598116,-47.59328310738222,SP101,58,L21
-23.04633168077756,-47.60490941550083,SP101,59,L21
-23.04209946577071,-47.61266074959155,SP101,60,L21
-23.03929206247848,-47.62078320857177,SP101,61,L21
-23.04055754289437,-47.62977369103449,SP101,62,L21
-23.04194686194895,-47.63949653357182,SP101,63,L21
-23.04241876355082,-47.64909843387984,SP101,64,L21
-23.04457400324919,-47.65814530389767,SP101,65,L21
-23.04196120506183,-47.66723737099525,SP101,66,L21
-23.03948786347474,-47.67695770200784,SP101,67,L21
-23.03712950838777,-47.68610467585781,SP101,68,L21
-23.03420081600528,-47.69634880654528,SP101,69,L21
-23.0275887262632,-47.70488640868586,SP101,70,L21
-23.02466757169719,-47.71395274908847,SP101,71,L21
-23.118836,-47.700106,SP113,0,L21
-23.11106943237539,-47.69636952333327,SP113,1,L21
-23.111032,-47.69637,SP113,1,L21
-23.10286916124613,-47.69242429822346,SP113,2,L21
-23.0945541585239,-47.68705785459883,SP113,3,L21
-23.08772416354699,-47.68105023135817,SP113,4,L21
-23.08453543757611,-47.67149145437501,SP113,5,L21
-23.08211896433352,-47.66284457674687,SP113,6,L21
-23.07978108124916,-47.65444259649438,SP113,7,L21
-23.07596550252177,-47.64493095265314,SP113,8,L21
-23.07165394631625,-47.63488143134472,SP113,9,L21
-23.06959870196604,-47.62588880907008,SP113,10,L21
-23.06897411185885,-47.61664666710811,SP113,11,L21
-23.06635053604715,-47.60772306103093,SP113,12,L21
-23.0593543177272,-47.60121901494666,SP113,13,L21
-23.05270984243461,-47.59938751040996,SP113,14,L21
-23.06911244440612,-48.53081876030377,SP209,0,L21
-23.06494435274899,-48.52903939535761,SP209,1,L21
-23.05652983972976,-48.52554321329679,SP209,2,L21
-23.04820403389479,-48.52205491490086,SP209,3,L21
-23.0398108904048,-48.51852917020945,SP209,4,L21
-23.03139986848687,-48.51501432135361,SP209,5,L21
-23.02294042953418,-48.51145078543496,SP209,6,L21
-23.01441936381896,-48.5079045297692,SP209,7,L21
-23.0060985099684,-48.50442906863552,SP209,8,L21
-22.99775659758664,-48.5009240185309,SP209,9,L21
-22.98934100362436,-48.49742434919737,SP209,10,L21
-22.98094401206944,-48.49392013016714,SP209,11,L21
-22.97254586476836,-48.49040029143166,SP209,12,L21
-22.96390247484131,-48.48684870569634,SP209,13,L21
-22.95560730235439,-48.48330645414806,SP209,14,L21
-22.94720965219929,-48.47979223535031,SP209,15,L21
-22.93877436645543,-48.47624084894807,SP209,16,L21
-22.9306629151299,-48.47207543634527,SP209,17,L21
-22.92279492265869,-48.4672337975427,SP209,18,L21
-22.91541489700824,-48.46172663629582,SP209,19,L21
-22.90828707748598,-48.45598104319949,SP209,20,L21
-22.90095756116092,-48.45005449240401,SP209,21,L21
-23.1184821417599,-47.71850332418249,SP300,159,L21
-23.11698783444231,-47.72961135910359,SP300,160,L21
-23.11475042495615,-47.73841825572161,SP300,161,L21
-23.11056368341545,-47.74751806789976,SP300,162,L21
-23.10746787658432,-47.75649569647112,SP300,163,L21
-23.1062002426137,-47.76411260093752,SP300,164,L21
-23.1011288182935,-47.77075431622436,SP300,165,L21
-23.09483079057558,-47.77714990650002,SP300,166,L21
-23.08696080636327,-47.78105051320487,SP300,167,L21
-23.08255839961798,-47.78956499266536,SP300,168,L21
-23.07834701238099,-47.79727682421998,SP300,169,L21
-23.07791886003661,-47.80687181289625,SP300,170,L21
-23.07105674113405,-47.81298338189247,SP300,171,L21
-23.06493376915703,-47.82052925808912,SP300,172,L21
-23.05664208689548,-47.82321838833368,SP300,173,L21
-23.04841801209188,-47.82402076425041,SP300,174,L21
-23.0407887158451,-47.82950862195232,SP300,175,L21
-23.04043059533763,-47.83924114462824,SP300,176,L21
-23.04407463580088,-47.84728686177135,SP300,177,L21
-23.03855073278843,-47.85412519456422,SP300,178,L21
-23.03777297637491,-47.86369159547652,SP300,179,L21
-23.03701114125197,-47.87318462057981,SP300,180,L21
-23.03604278707531,-47.88307627866385,SP300,181,L21
-23.03965423451478,-47.89238797646393,SP300,182,L21
-23.04057040022818,-47.90257630863988,SP300,183,L21
-23.04358404136514,-47.91166613729352,SP300,184,L21
-23.04668526930415,-47.92101611744585,SP300,185,L21
-23.04579655969528,-47.93025397945218,SP300,186,L21
-23.04451444867008,-47.94071520214317,SP300,187,L21
-23.04582426785633,-47.94997708792403,SP300,188,L21
-23.04517927613853,-47.95992020429721,SP300,189,L21
-23.04205637792512,-47.96821693361246,SP300,190,L21
-23.03768737791265,-47.9758071998111,SP300,191,L21
-23.03244959945443,-47.98330595048375,SP300,192,L21
-23.02706892492043,-47.99111761774702,SP300,193,L21
-23.0259484112975,-48.00166901043593,SP300,194,L21
-23.0258595403416,-48.01260625937517,SP300,195,L21
-23.02349838381224,-48.02153057168717,SP300,196,L21
-23.02460015483411,-48.02844321905106,SP300,197,L21
-23.02621545017362,-48.03574332256164,SP300,198,L21
-23.02853875783289,-48.0480258578657,SP300,199,L21
-23.02741259716661,-48.0575016402199,SP300,200,L21
-23.02598215097678,-48.06686012643135,SP300,201,L21
-23.02458293382023,-48.07599860391502,SP300,202,L21
-23.02300629047453,-48.08623478357088,SP300,203,L21
-23.02217890570048,-48.09566796698815,SP300,204,L21
-23.02511648114701,-48.10312927745965,SP300,205,L21
-23.02500839761046,-48.1161872203217,SP300,206,L21
-23.02394041187348,-48.12542056552038,SP300,207,L21
-23.01711551795952,-48.13097747435274,SP300,208,L21
-23.01716486586514,-48.14080862920784,SP300,209,L21
-23.01354195810602,-48.1478788781141,SP300,210,L21
-23.00883805392728,-48.15590429723012,SP300,211,L21
-23.00897150477365,-48.16428229651918,SP300,212,L21
-23.00252775596465,-48.1712940266178,SP300,213,L21
-22.99539859911227,-48.17687350047958,SP300,214,L21
-22.98699915425167,-48.18093537419351,SP300,215,L21
-22.97877084401998,-48.18773475506462,SP300,216,L21
-22.97020776673826,-48.19043866901961,SP300,217,L21
-22.9639467996728,-48.19331210471377,SP300,218,L21
-22.96189448220568,-48.2044261740626,SP300,219,L21
-22.96310249647466,-48.21363489626822,SP300,220,L21
-22.96228956952958,-48.22354134011872,SP300,221,L21
-22.9594312465794,-48.23240621401146,SP300,222,L21
-22.95357365341069,-48.23995929631656,SP300,223,L21
-22.94876405231555,-48.24742451407685,SP300,224,L21
-22.94871462723829,-48.25731900433566,SP300,225,L21
-22.94950055653226,-48.2666186306545,SP300,226,L21
-22.95124830714165,-48.27658562419801,SP300,227,L21
-22.94840681653492,-48.28501719593388,SP300,228,L21
-22.94327388906749,-48.29321367599562,SP300,229,L21
-22.93643712837921,-48.29910309518448,SP300,230,L21
-22.93472565954189,-48.30873113347236,SP300,231,L21
-22.93428601949385,-48.31774614165935,SP300,232,L21
-22.93689390207689,-48.32724911819343,SP300,233,L21
-22.93391563914233,-48.33568866546733,SP300,234,L21
-22.93207699667957,-48.34519517250828,SP300,235,L21
-22.93196203031651,-48.35470160921052,SP300,236,L21
-22.93485248956226,-48.36147730038899,SP300,237,L21
-22.93864112058127,-48.36788440945912,SP300,238,L21
-22.94427823761766,-48.37252450167737,SP300,239,L21
-22.94344930381688,-48.38161876620928,SP300,240,L21
-22.94023289953778,-48.39046976459501,SP300,241,L21
-22.93691422419541,-48.39917838218724,SP300,242,L21
-22.93504653788801,-48.4088929774673,SP300,243,L21
-22.93116279345623,-48.41690707963924,SP300,244,L21
-22.92591224798568,-48.4254892440665,SP300,245,L21
-22.92163578019964,-48.43384382312144,SP300,246,L21
-22.91716664686391,-48.44258843940121,SP300,247,L21
-22.91070812237158,-48.44703249876494,SP300,248,L21
-22.90523085216311,-48.45434275548105,SP300,249,L21
-22.89639950878352,-48.45677109042117,SP300,250,L21
-22.88790391300341,-48.45901137432179,SP300,251,L21
-22.88182789327336,-48.46621136091736,SP300,252,L21
-22.87951402480419,-48.4756723887842,SP300,253,L21
-22.87299613527633,-48.48164748800883,SP300,254,L21
-22.86531761838743,-48.48619222624242,SP300,255,L21
-22.85747738147666,-48.49096903770266,SP300,256,L21
-22.851701953297,-48.49846731969549,SP300,257,L21
-22.84667333442601,-48.50666545977548,SP300,258,L21
-22.84055502705936,-48.5138835303076,SP300,259,L21
-22.83435428099148,-48.52062392013926,SP300,260,L21
-22.82775426747152,-48.52769506924427,SP300,261,L21
-22.81944068356483,-48.5304659423657,SP300,262,L21
-22.81053252400522,-48.53246037744558,SP300,263,L21
-22.8036944080737,-48.53872107350944,SP300,264,L21
-22.79706579006715,-48.54520239706467,SP300,265,L21
-22.78917367128502,-48.55027541260255,SP300,266,L21
-22.78115543287313,-48.55411145823474,SP300,267,L21
-22.77354960792892,-48.55948743540252,SP300,268,L21
-22.76567108666201,-48.56507394232643,SP300,269,L21
-22.75852425130586,-48.57007880733108,SP300,270,L21
-22.75203688846016,-48.57662638065379,SP300,271,L21
-22.74807022409748,-48.58540651435634,SP300,272,L21
-22.74418840711152,-48.59415401535947,SP300,273,L21
-22.74090994923167,-48.60149216608915,SP300,274,L21
-22.73632304424922,-48.61186718523157,SP300,275,L21
-22.73116330852755,-48.6195434180005,SP300,276,L21
-22.72527566894265,-48.62697116227465,SP300,277,L21
-22.7193779676644,-48.63432568267796,SP300,278,L21
-22.71353269631704,-48.64163863425162,SP300,279,L21
-22.70763052148151,-48.64894829466211,SP300,280,L21
-22.70185832980307,-48.65621487649471,SP300,281,L21
-22.6959140880569,-48.66366437933348,SP300,282,L21
-22.6900092199133,-48.67102046270457,SP300,283,L21
-22.6840503380264,-48.67847079292731,SP300,284,L21
-22.67815773340556,-48.68588804924045,SP300,285,L21
-22.67237550219883,-48.69315446899461,SP300,286,L21
-22.66629366183458,-48.70065566759509,SP300,287,L21
-22.66046060159933,-48.70791601542722,SP300,288,L21
-22.65454864633176,-48.71533260199896,SP300,289,L21
-22.64874066018952,-48.72260720605219,SP300,290,L21
-22.64284863606796,-48.72996760308918,SP300,291,L21
-22.63693890340831,-48.73734007046985,SP300,292,L21
-22.63105454560901,-48.74470298534135,SP300,293,L21
-22.62490220939384,-48.75167027942724,SP300,294,L21
-22.61606859809931,-48.75230295531655,SP300,295,L21
-22.60892416493297,-48.75922443477955,SP300,296,L21
-22.60415109988783,-48.76640136312965,SP300,297,L21
-22.59891405914346,-48.77424871166197,SP300,298,L21
-22.59430020428096,-48.78244206343553,SP300,299,L21
-22.59007690956608,-48.7910718758932,SP300,300,L21
-22.58422547086028,-48.79944095317306,SP300,301,L21
-22.57904364729928,-48.80640173754888,SP300,302,L21
-22.5734205962487,-48.81397549404444,SP300,303,L21
-22.56777351128983,-48.8215720039083,SP300,304,L21
-22.56213150639023,-48.82918011069524,SP300,305,L21
-22.55637947719185,-48.83695305275626,SP300,306,L21
-22.55087751556527,-48.84436135129261,SP300,307,L21
-22.54527120891597,-48.85187350571687,SP300,308,L21
-22.53959782092464,-48.85949797683985,SP300,309,L21
-22.53398561460418,-48.86714217534611,SP300,310,L21
-22.52829925243816,-48.87469245512578,SP300,311,L21
-22.52314285840583,-48.88241210788845,SP300,312,L21
-22.51919234933683,-48.89128197174549,SP300,313,L21
-22.51527307408907,-48.9001306330182,SP300,314,L21
-22.51145653761519,-48.90880935886751,SP300,315,L21
-22.50765417178008,-48.91745102841659,SP300,316,L21
-22.50271232924536,-48.92548392305876,SP300,317,L21
-22.49577705425179,-48.93158426395308,SP300,318,L21
-22.48869535762061,-48.9376763993545,SP300,319,L21
-22.48167049549321,-48.94370737748378,SP300,320,L21
-22.47451583579228,-48.94978245226298,SP300,321,L21
-22.46779223533766,-48.9562243535356,SP300,322,L21
-22.46294627814066,-48.96276134259302,SP300,323,L21
-22.45655050226201,-48.97142439603337,SP300,324,L21
-22.4508795275011,-48.97893079730484,SP300,325,L21
-22.4443287005084,-48.98547029600455,SP300,326,L21
-22.43714528829531,-48.99036648171244,SP300,327,L21
-22.42914038288567,-48.99579119092868,SP300,328,L21
-22.42134319615122,-49.00110172466469,SP300,329,L21
-22.4138350273207,-49.0061797415973,SP300,330,L21
-22.40628867004597,-49.01131198135766,SP300,331,L21
-22.39868066353889,-49.01648096545367,SP300,332,L21
-22.3906979862676,-49.02186445675176,SP300,333,L21
-22.3833902568796,-49.02683892910312,SP300,334,L21
-22.375611442601,-49.03211722538597,SP300,335,L21
-22.36805069156307,-49.03723779114358,SP300,336,L21
-23.19105646204211,-47.32608456772061,SP308,102,L21
-23.18226994265141,-47.32952385718606,SP308,103,L21
-23.17462653168567,-47.33378663568079,SP308,104,L21
-23.16726236284316,-47.33862407876189,SP308,105,L21
-23.15847364802393,-47.34431540567945,SP308,106,L21
-23.15124134250757,-47.34899519476533,SP308,107,L21
-23.14384853137983,-47.35378650309894,SP308,108,L21
-23.1355564715558,-47.35999781746942,SP308,109,L21
-23.12834071447176,-47.36586747772467,SP308,110,L21
-23.12084177121577,-47.37188066561705,SP308,111,L21
-23.11297115639113,-47.37818865396964,SP308,112,L21
-23.10640529615619,-47.38347428436004,SP308,113,L21
-23.09894254884143,-47.38946057561674,SP308,114,L21
-23.09144848130277,-47.39547577672664,SP308,115,L21
-23.08349766370522,-47.40053678691098,SP308,116,L21
-23.07425244293837,-47.40365053238044,SP308,117,L21
-23.06610231343586,-47.40640689991488,SP308,118,L21
-23.0570944622408,-47.40962750097395,SP308,119,L21
-23.04972572112525,-47.4142753942766,SP308,120,L21
-23.04145529477961,-47.4199193372735,SP308,121,L21
-23.03374361357822,-47.42517032680356,SP308,122,L21
-23.02519288335442,-47.43093958361367,SP308,123,L21
-23.0176051214658,-47.43747982665317,SP308,124,L21
-23.01078243357144,-47.44447908335923,SP308,125,L21
-23.00390593741205,-47.45151818513997,SP308,126,L21
-22.99756035842383,-47.45802161744399,SP308,127,L21
-22.99082599741616,-47.46423033730741,SP308,128,L21
-22.98243945962423,-47.46834742993858,SP308,129,L21
-22.97396704958224,-47.47159023170278,SP308,130,L21
-22.96557787124902,-47.47432758606362,SP308,131,L21
-22.95661769886638,-47.47667919722601,SP308,132,L21
-22.94762757101549,-47.47941059546105,SP308,133,L21
-22.94080602155869,-47.48481391085914,SP308,134,L21
-22.93413901014475,-47.49141585339985,SP308,135,L21
-22.92715839104908,-47.49762916644598,SP308,136,L21
-22.91934356518543,-47.50242946562924,SP308,137,L21
-22.91137853985347,-47.5070036194751,SP308,138,L21
-22.90245314743698,-47.51219615779443,SP308,139,L21
-22.89543993485053,-47.51624108690234,SP308,140,L21
-22.88750870797483,-47.52080246011598,SP308,141,L21
-22.87968160200491,-47.52581441319014,SP308,142,L21
-22.87306129432886,-47.53241041625385,SP308,143,L21
-22.86689960401013,-47.53917935349212,SP308,144,L21
-22.86041456259127,-47.54629824931649,SP308,145,L21
-22.85411430998463,-47.55320172707971,SP308,146,L21
-22.84697003199654,-47.55926794707624,SP308,147,L21
-22.83862339606315,-47.56333240727741,SP308,148,L21
-22.83103890267053,-47.56859862552786,SP308,149,L21
-22.82454421052269,-47.57504021232266,SP308,150,L21
-22.81555967967518,-47.57572992594593,SP308,151,L21
-22.80810233161662,-47.57763468105708,SP308,152,L21
-22.79852534642837,-47.58052793710569,SP308,153,L21
-22.78962216264311,-47.58330478613416,SP308,154,L21
-22.78148361023905,-47.58787639341724,SP308,155,L21
-22.77329986617715,-47.59248427627846,SP308,156,L21
-22.76507436968704,-47.59539581065058,SP308,157,L21
-22.75615815049336,-47.59734795917372,SP308,158,L21
-22.74747813423036,-47.59926786748612,SP308,159,L21
-22.73888929113851,-47.60114893569511,SP308,160,L21
-22.730521193201,-47.60310278633852,SP308,161,L21
-22.72093779378822,-47.60696269183014,SP308,162,L21
-23.01442491339318,-48.50407445745997,SPA007/209,0,L21
-23.01840495500525,-48.50025738271625,SPA007/209,1,L21
-23.02443595080717,-48.49440675466828,SPA007/209,2,L21
-23.03209723480303,-48.48824563571425,SPA007/209,3,L21
-23.03973104267099,-48.48250967656523,SPA007/209,4,L21
-23.04870646712489,-48.47667183641245,SPA007/209,5,L21
-23.05683318013395,-48.4738237900592,SPA007/209,6,L21
-23.06181979785087,-48.46578197030119,SPA007/209,7,L21
-23.06367044054653,-48.45526830901081,SPA007/209,8,L21
-23.06866203395396,-48.44977061744298,SPA007/209,9,L21
-23.07297054945697,-48.44163650164305,SPA007/209,10,L21
-23.07521089565465,-48.4321380538332,SPA007/209,11,L21
-23.07117564921397,-48.42418746672826,SPA007/209,12,L21
-23.07096516884981,-48.41531540750501,SPA007/209,13,L21
-23.07628747696053,-48.40704207350683,SPA007/209,14,L21
-23.08506625620575,-48.3987043868931,SPA007/209,15,L21
-23.09007341435883,-48.39075737811882,SPA007/209,16,L21
-23.08952487296701,-48.38489179455535,SPA007/209,17,L21
-23.08573818614948,-48.37713715696007,SPA007/209,18,L21
-22.94771864889024,-47.29520847518834,SPA022/101,0,L21
-22.94791795064856,-47.29881308428675,SPA022/101,0,L21
-22.96586128431444,-47.32531613679802,SPA026/101,0,L21
-22.95877146631139,-47.32058667419158,SPA026/101,1,L21
-22.95661149054826,-47.32012084432455,SPA026/101,1,L21
-22.98610488573221,-47.37791974221859,SPA032/101,0,L21
-22.99426291099538,-47.37756407163025,SPA032/101,1,L21
-23.00362060773588,-47.3770961499763,SPA032/101,2,L21
-23.01265734779885,-47.37518174651914,SPA032/101,3,L21
-23.02119675294759,-47.37360746112039,SPA032/101,4,L21
-23.02982825039416,-47.37226592769908,SPA032/101,5,L21
-23.03630395076246,-47.37174215829639,SPA032/101,6,L21
-22.99470948201501,-47.47785438244353,SPA043/101,0,L21
-22.99570563720948,-47.48446907013165,SPA043/101,1,L21
-23.03659954887112,-47.53869680694417,SPA051/101,0,L21
-23.02990335559223,-47.53608930601889,SPA051/101,1,L21
-23.02427548229635,-47.53427905182622,SPA051/101,2,L21
-22.90836115061671,-47.51095505966731,SPA139/308,0,L21
-22.91083642701544,-47.51170939612594,SPA139/308,1,L21
-22.91811766120739,-47.51384022936688,SPA139/308,2,L21
-22.92847975006466,-47.51352070027077,SPA139/308,3,L21
-22.93596291693721,-47.51185428739361,SPA139/308,4,L21
-22.94575546668043,-47.50963809213987,SPA139/308,5,L21
-22.95508925333883,-47.50751824620945,SPA139/308,6,L21
-22.96426154427227,-47.50675260843349,SPA139/308,7,L21
-22.97305370337032,-47.50714426847473,SPA139/308,8,L21
-22.98113483485513,-47.50765891691005,SPA139/308,9,L21
-22.79415361616981,-47.58292666834205,SPA155/308,0,L21
-22.79508951996208,-47.59033113903456,SPA155/308,1,L21
-22.79645017264804,-47.60124976543041,SPA155/308,2,L21
-22.79640869619511,-47.61112529205852,SPA155/308,3,L21
-22.79386013713142,-47.61882799287773,SPA155/308,4,L21
-23.02502389900627,-47.99548593885731,SPA193/300,0,L21
-23.02024043443566,-47.99945859498137,SPA193/300,1,L21
-23.02152998337391,-48.0185995844127,SPA196/300,0,L21
-23.01675168203627,-48.01751881228262,SPA196/300,1,L21
-22.94039550062508,-48.39384658073948,SPA241/300,0,L21
-22.9407795669851,-48.39930946485831,SPA241/300,1,L21
-22.9424461584835,-48.40677242337114,SPA241/300,2,L21
-22.95033164489764,-48.41203940055208,SPA241/300,3,L21
-22.95433292924898,-48.42091780365594,SPA241/300,4,L21
-22.95371722068101,-48.42917880150582,SPA241/300,5,L21
-22.95246182538808,-48.43854148546892,SPA241/300,6,L21
-22.9447165391349,-48.44217950372942,SPA241/300,7,L21
-22.93733658817403,-48.44661932944276,SPA241/300,8,L21
-22.92860331154585,-48.45135631548096,SPA241/300,9,L21
-22.91424357865898,-48.44763461164474,SPA241/300,10,L21
-22.71948791302971,-47.60671169018097,SPI162/308,0,L21
-22.71387049604742,-47.6078131945613,SPI162/308,1,L21
-22.70556472765885,-47.61165907715894,SPI162/308,2,L21
-22.69796389811969,-47.60632473379799,SPI162/308,3,L21
-22.69119584058587,-47.59998427611769,SPI162/308,4,L21
-22.68322926855203,-47.59552712528303,SPI162/308,5,L21
-22.67546044099131,-47.59889851214608,SPI162/308,6,L21
-22.66786807815088,-47.60485937734236,SPI162/308,7,L21
-22.66221948621473,-47.61205220236462,SPI162/308,8,L21
-22.691196,-47.599984,SPI168/308,4,L21
-23.91636159182898,-46.28878461880366,SP055,248,L22
-23.90898196001405,-46.29342524155548,SP055,249,L22
-23.90108131999125,-46.29852514080199,SP055,250,L22
-23.89330841723856,-46.30347483908032,SP055,251,L22
-23.88726398902599,-46.31049411672722,SP055,252,L22
-23.88231871756083,-46.31875924524087,SP055,253,L22
-23.8760388363004,-46.32440586649039,SP055,254,L22
-23.8745919277961,-46.3317768917838,SP055,255,L22
-23.8702446028154,-46.3316896833522,SP055,255,L22
-23.87297132012225,-46.3372122770164,SP055,256,L22
-23.87016863962894,-46.34471714461203,SP055,257,L22
-23.86212081447747,-46.34835918893238,SP055,258,L22
-23.85692305043691,-46.35627038888013,SP055,259,L22
-23.8575314058445,-46.3661223683873,SP055,260,L22
-23.85063506117982,-46.37024972906337,SP055,261,L22
-23.84865913928442,-46.37922805747807,SP055,262,L22
-23.8486678915957,-46.38841313336302,SP055,263,L22
-23.84708716023366,-46.39863068201592,SP055,264,L22
-23.85224571875835,-46.40558155503,SP055,265,L22
-23.85962396337326,-46.4124268056235,SP055,266,L22
-23.8669041193351,-46.41828387972148,SP055,267,L22
-23.87385246330808,-46.42374550066371,SP055,268,L22
-23.88209413870478,-46.42748681958436,SP055,269,L22
-23.88699772823234,-46.43469555152838,SP055,270,L22
-23.8914607137694,-46.441544230069,SP055,271,L22
-23.8965853358203,-46.4349493556333,SP055,272,L22
-23.8976985142838,-46.4440767384973,SP055,273,L22
-23.9000070832935,-46.45326293714369,SP055,274,L22
-23.9045556358917,-46.4617295052484,SP055,275,L22
-23.91195010973306,-46.46044083815599,SP055,276,L22
-23.92071958480859,-46.45960419358838,SP055,277,L22
-23.92964750281007,-46.46094700827473,SP055,278,L22
-23.93686845338903,-46.46449626873202,SP055,279,L22
-23.94556398213442,-46.46376511659204,SP055,280,L22
-23.9542814275107,-46.4672906139508,SP055,281,L22
-23.962578030833,-46.47038934261838,SP055,282,L22
-23.97034875944938,-46.47469807647254,SP055,283,L22
-23.97660898845361,-46.48203590117635,SP055,284,L22
-23.9826151815885,-46.489033176749,SP055,285,L22
-23.9882948963526,-46.49370813074109,SP055,286,L22
-23.99881246644486,-46.49731933263053,SP055,287,L22
-24.007450393603,-46.50009485724683,SP055,288,L22
-24.01607375236162,-46.50293876816737,SP055,289,L22
-24.02416578022466,-46.50560138575426,SP055,290,L22
-24.03137719507335,-46.50820079255631,SP055,291,L22
-24.0367499223896,-46.51586949982221,SP055,292,L22
-23.62171894145308,-46.60125319241104,SP150,10,L22
-23.63065507801239,-46.59654103392134,SP150,11,L22
-23.6379812696105,-46.5933263328924,SP150,12,L22
-23.64383512623739,-46.5855204149894,SP150,13,L22
-23.65097527782491,-46.58048024698652,SP150,14,L22
-23.65903885522316,-46.57626822507762,SP150,15,L22
-23.66727251036738,-46.57289190416086,SP150,16,L22
-23.67582050778375,-46.56958535317207,SP150,17,L22
-23.68453604021638,-46.56658863263942,SP150,18,L22
-23.69315329142961,-46.56365066009257,SP150,19,L22
-23.70193956746509,-46.56131815988329,SP150,20,L22
-23.71220398849584,-46.56134826397484,SP150,21,L22
-23.71935862020736,-46.55703552247595,SP150,22,L22
-23.72541116623104,-46.55111927777774,SP150,23,L22
-23.73267351048016,-46.54544357186298,SP150,24,L22
-23.74027005402948,-46.54128586238768,SP150,25,L22
-23.74974924846903,-46.53738459499295,SP150,26,L22
-23.75696754461446,-46.53437533967512,SP150,27,L22
-23.7652094361812,-46.53418536169782,SP150,28,L22
-23.77367403573212,-46.53085584249634,SP150,29,L22
-23.78221553630611,-46.52689972842317,SP150,30,L22
-23.78873811818882,-46.52000467966104,SP150,31,L22
-23.79470857811593,-46.5131861476079,SP150,32,L22
-23.80284480826941,-46.51032763415461,SP150,33,L22
-23.81167604932333,-46.50827356753863,SP150,34,L22
-23.82121681501689,-46.50734488666528,SP150,35,L22
-23.82975859567,-46.50651976611475,SP150,36,L22
-23.83873097422762,-46.50565085922607,SP150,37,L22
-23.84772600318877,-46.50477794436245,SP150,38,L22
-23.85723687663758,-46.50362072880804,SP150,39,L22
-23.86316754793877,-46.49792360106962,SP150,40,L22
-23.8707544749101,-46.4918092442402,SP150,41,L22
-23.87014113859099,-46.491861266691,SP150,41,L22
-23.8776386614754,-46.4876683306442,SP150,42,L22
-23.87522665554,-46.49157030045529,SP150,42,L22
-23.8852711583977,-46.4864440473344,SP150,43,L22
-23.8825128196415,-46.48752047186241,SP150,43,L22
-23.8889233667496,-46.48196697762381,SP150,44,L22
-23.8847118638003,-46.4793212109968,SP150,44,L22
-23.8880737861205,-46.4793279942207,SP150,45,L22
-23.8903760973993,-46.4814427248374,SP150,45,L22
-23.89068337218158,-46.48511476205215,SP150,46,L22
-23.8889120100914,-46.4865733970795,SP150,46,L22
-23.89045326641349,-46.4905329225324,SP150,47,L22
-23.8893829137456,-46.49315305816091,SP150,47,L22
-23.89605416734252,-46.48763194717134,SP150,48,L22
-23.8926510165393,-46.4886203335502,SP150,48,L22
-23.8963819497847,-46.4856794081923,SP150,49,L22
-23.8933336697095,-46.4789968915018,SP150,49,L22
-23.89373908849471,-46.4755819361656,SP150,50,L22
-23.8931364967711,-46.4745320054815,SP150,50,L22
-23.8894803138089,-46.4685406275479,SP150,51,L22
-23.8885747307911,-46.4672087753998,SP150,51,L22
-23.88483149919819,-46.46129277217421,SP150,52,L22
-23.87910544947126,-46.45503759994424,SP150,53,L22
-23.8840660395092,-46.44555640712259,SP150,54,L22
-23.89081781482372,-46.43734260822738,SP150,55,L22
-23.89680697975469,-46.43118554182735,SP150,56,L22
-23.90284082066626,-46.42640166222732,SP150,57,L22
-23.91098152609567,-46.42351029608941,SP150,58,L22
-23.91865445160909,-46.415602802622,SP150,59,L22
-23.92440346441986,-46.40733776961935,SP150,60,L22
-23.92828151759959,-46.39808840788861,SP150,61,L22
-23.9274886278575,-46.3886597584048,SP150,62,L22
-23.92664697147942,-46.37868140805843,SP150,63,L22
-23.92804561174035,-46.36898862817871,SP150,64,L22
-23.9295981128868,-46.35823227407776,SP150,65,L22
-23.930929,-46.349017,SP150,66,L22
-23.62743,-46.629603,SP160,9,L22
-23.63671,-46.630365,SP160,10,L22
-23.64549,-46.631374,SP160,11,L22
-23.65417888987418,-46.63418312435697,SP160,11,L22
-23.65870177130397,-46.63373230982973,SP160,12,L22
-23.66771933346332,-46.63276598039062,SP160,13,L22
-23.67499727143629,-46.62776200298388,SP160,14,L22
-23.67704847396335,-46.61963519072462,SP160,15,L22
-23.68194133469434,-46.61025187110307,SP160,16,L22
-23.68951865811766,-46.60483913565745,SP160,17,L22
-23.6983666280687,-46.6024142337676,SP160,18,L22
-23.70736858718046,-46.60326167900504,SP160,19,L22
-23.71635360097778,-46.60528491617432,SP160,20,L22
-23.7261226025246,-46.6072236515253,SP160,21,L22
-23.73406437450276,-46.60380967267172,SP160,22,L22
-23.74193816687586,-46.59895996479741,SP160,23,L22
-23.7498945564845,-46.59584885243833,SP160,24,L22
-23.75834089895865,-46.59264236951324,SP160,25,L22
-23.76720207983328,-46.59152564081823,SP160,26,L22
-23.77563888888889,-46.59516111111111,SP160,27,L22
-23.7842960362456,-46.59801278481473,SP160,28,L22
-23.79246090296221,-46.5951106669504,SP160,29,L22
-23.80143652652322,-46.59062677562844,SP160,30,L22
-23.80918962473812,-46.58695392675545,SP160,31,L22
-23.81748450553823,-46.5834717468523,SP160,32,L22
-23.82621477107531,-46.58115629603658,SP160,33,L22
-23.83525289758509,-46.57885403871857,SP160,34,L22
-23.84393691535189,-46.57655975473477,SP160,35,L22
-23.85279382836451,-46.57448504984495,SP160,36,L22
-23.86141748572279,-46.5738372483153,SP160,37,L22
-23.87048891642764,-46.57191000880943,SP160,38,L22
-23.87873951072952,-46.56909426153445,SP160,39,L22
-23.88764667645503,-46.56598770726006,SP160,40,L22
-23.89622305497365,-46.56307165736379,SP160,41,L22
-23.90490099166288,-46.56006917644066,SP160,42,L22
-23.91351506425573,-46.55718522888266,SP160,43,L22
-23.92209547625938,-46.55520757192377,SP160,44,L22
-23.92818531890188,-46.54895007390723,SP160,45,L22
-23.92495520127289,-46.53996991455911,SP160,46,L22
-23.92201099800485,-46.53187923602988,SP160,47,L22
-23.9205245019406,-46.5320543420172,SP160,47,L22
-23.9164105186047,-46.5225854845853,SP160,48,L22
-23.91395537876173,-46.52698581077896,SP160,48,L22
-23.9099354436294,-46.5180599565571,SP160,49,L22
-23.90783678149928,-46.52004211857413,SP160,49,L22
-23.9082475687147,-46.5088070866199,SP160,50,L22
-23.90186338310068,-46.51328628293566,SP160,50,L22
-23.9001893506559,-46.50639519722956,SP160,51,L22
-23.89515805177726,-46.50724223428869,SP160,51,L22
-23.89207030006458,-46.50520456808943,SP160,52,L22
-23.88624690311915,-46.50424765274829,SP160,52,L22
-23.88656858424684,-46.49834229883134,SP160,53,L22
-23.8833234406511,-46.4948664665597,SP160,53,L22
-23.8937765650567,-46.4944667843537,SP160,54,L22
-23.88254417165333,-46.48572688325135,SP160,54,L22
-23.89921809179101,-46.48888730661312,SP160,55,L22
-23.88996971921647,-46.48064149673046,SP160,55,L22
-23.90022137872372,-46.47913766527638,SP160,56,L22
-23.89658780315439,-46.47714497937429,SP160,56,L22
-23.89961985148662,-46.46923233553458,SP160,57,L22
-23.8988798909496,-46.4690376465531,SP160,57,L22
-23.90244358401199,-46.46019969697176,SP160,58,L22
-23.90364914657201,-46.45086515821227,SP160,59,L22
-23.91031701845692,-46.44497489628639,SP160,60,L22
-23.91792258969668,-46.43891080907301,SP160,61,L22
-23.92557073074927,-46.43281425562616,SP160,62,L22
-23.9324798207118,-46.42733030691058,SP160,63,L22
-23.94021485201281,-46.42115098219567,SP160,64,L22
-23.94755080746444,-46.41546819915762,SP160,65,L22
-23.95482998440056,-46.40953517354236,SP160,66,L22
-23.96216753923085,-46.40348465507851,SP160,67,L22
-23.9696093590065,-46.40088801302097,SP160,68,L22
-23.97837861446824,-46.40140198244318,SP160,69,L22
-23.98780482835783,-46.40041612855954,SP160,70,L22
-23.916509,-46.28874,SPA248/055,0,L22
-23.9249970224659,-46.2857419252382,SPA248/055,1,L22
-23.925001,-46.285834,SPA248/055,1,L22
-23.9335690167566,-46.2829874328787,SPA248/055,2,L22
-23.9422027916325,-46.28024226904699,SPA248/055,3,L22
-23.9509399258029,-46.2769293233979,SPA248/055,4,L22
-23.9593107022417,-46.2740462968933,SPA248/055,5,L22
-23.9677883311341,-46.2707986801923,SPA248/055,6,L22
-23.9764736276475,-46.26791408030459,SPA248/055,7,L22
-23.9850477777429,-46.2647227078276,SPA248/055,8,L22
-23.862372,-46.498731,SPI040/150,0,L22
-23.8635156028248,-46.4980305359394,SPI040/150,1,L22
-23.863546,-46.497985,SPI040/150,1,L22
-23.8693571248769,-46.50492661644281,SPI040/150,2,L22
-23.8745555996957,-46.51269356926611,SPI040/150,3,L22
-23.8805442559873,-46.5201469806152,SPI040/150,4,L22
-23.8858301190758,-46.5272571998955,SPI040/150,5,L22
-23.8909954447917,-46.53501775821171,SPI040/150,6,L22
-23.892030558103,-46.5443568669864,SPI040/150,7,L22
-23.892475,-46.55413611111111,SPI040/150,8,L22
-23.89308,-46.563731,SPI040/150,9,L22
-23.919852,-46.414335,SPI059/150,0,L22
-23.9217646208388,-46.4198535797186,SPI059/150,1,L22
-23.921661,-46.41994,SPI059/150,1,L22
-23.9246028578208,-46.43027840703359,SPI059/150,2,L22
-23.63074754857802,-46.59691358963659,SPM150D,11,L22
-23.6382834273245,-46.59355149906636,SPM150D,12,L22
-23.64416625449238,-46.5857789202926,SPM150D,13,L22
-23.6511810146705,-46.58080695087822,SPM150D,14,L22
-23.65917030528999,-46.57663206139931,SPM150D,15,L22
-23.66742803544615,-46.57326468398298,SPM150D,16,L22
-23.67592713668192,-46.56989869926257,SPM150D,17,L22
-23.68464352886777,-46.5669269509041,SPM150D,18,L22
-23.69324115072337,-46.56400472624561,SPM150D,19,L22
-23.70193091906842,-46.56161926583801,SPM150D,20,L22
-23.71221888742527,-46.56164293130419,SPM150D,21,L22
-23.71963361797522,-46.55729973618374,SPM150D,22,L22
-23.72554143585004,-46.55127139917392,SPM150D,23,L22
-23.73299771912566,-46.54579189692609,SPM150D,24,L22
-23.74032607276901,-46.54169635709839,SPM150D,25,L22
-23.75000044273861,-46.53772830287652,SPM150D,26,L22
-23.75686131036939,-46.53471689355265,SPM150D,27,L22
-23.76520650983214,-46.53442385858401,SPM150D,28,L22
-23.77377120763979,-46.53098187672934,SPM150D,29,L22
-23.92852913953284,-46.39810801219665,SPM150D,61,L22
-23.92768779646336,-46.38859803298836,SPM150D,62,L22
-23.92701291797002,-46.37866385846934,SPM150D,63,L22
-23.92834168894638,-46.36902372548071,SPM150D,64,L22
-23.63061567120612,-46.59615048772444,SPM150E,11,L22
-23.63765612529089,-46.5930232298736,SPM150E,12,L22
-23.64365599448893,-46.58512757870273,SPM150E,13,L22
-23.65084371717368,-46.58007654442724,SPM150E,14,L22
-23.65889032361173,-46.57592778101642,SPM150E,15,L22
-23.66713612533349,-46.57254674259529,SPM150E,16,L22
-23.6757091932488,-46.56922458524205,SPM150E,17,L22
-23.68444582135658,-46.56637856032597,SPM150E,18,L22
-23.69303224393501,-46.5634341785516,SPM150E,19,L22
-23.7018770808407,-46.56099619710217,SPM150E,20,L22
-23.71221939377797,-46.56115649317058,SPM150E,21,L22
-23.71928499796562,-46.55690045233612,SPM150E,22,L22
-23.72534119500382,-46.55093617436613,SPM150E,23,L22
-23.7326683167451,-46.54533056954536,SPM150E,24,L22
-23.475204,-46.498411,SP019,0,L23
-23.47169194421086,-46.49216811179854,SP019,1,L23
-23.47167716322734,-46.49182529805959,SP019,1,L23
-23.471718,-46.492017,SP019,1,L23
-23.46265336473278,-46.49014778043071,SP019,2,L23
-23.4627922295413,-46.49073669613882,SP019,2,L23
-23.509814,-46.55604,SP070,11,L23
-23.50581433080703,-46.54818268613657,SP070,12,L23
-23.50720468709306,-46.54821852330222,SP070,12,L23
-23.49828672430964,-46.54414864890965,SP070,13,L23
-23.50258591487292,-46.54043860894939,SP070,13,L23
-23.49185999846072,-46.53744507478814,SP070,14,L23
-23.49665097151141,-46.53330004444868,SP070,14,L23
-23.48612621663952,-46.53003542303738,SP070,15,L23
-23.49620524934033,-46.52350325828315,SP070,15,L23
-23.4804204726965,-46.52248966572756,SP070,16,L23
-23.49299847098286,-46.5143309966393,SP070,16,L23
-23.47543566299686,-46.51413041765255,SP070,17,L23
-23.48728523372525,-46.50748054692232,SP070,17,L23
-23.47246121722,-46.50514846898385,SP070,18,L23
-23.47933348001912,-46.50141796619627,SP070,18,L23
-23.47917714459575,-46.50170990986834,SP070,18,L23
-23.47266602599643,-46.49512585690674,SP070,19,L23
-23.47328823820971,-46.49522097986951,SP070,19,L23
-23.47407702131914,-46.48544955017776,SP070,20,L23
-23.47509163241866,-46.47656160765087,SP070,21,L23
-23.48075218746373,-46.46814591826242,SP070,22,L23
-23.48212648790529,-46.45932005417482,SP070,23,L23
-23.48033330726253,-46.44921591858113,SP070,24,L23
-23.47752194647522,-46.43976673427214,SP070,25,L23
-23.4708531025328,-46.43334062315266,SP070,26,L23
-23.46800639351161,-46.42468501724227,SP070,27,L23
-23.46840353918983,-46.42470886108701,SP070,27,L23
-23.46805878196311,-46.414964232344,SP070,28,L23
-23.4676883684808,-46.41497986224046,SP070,28,L23
-23.46921189354811,-46.4052942289531,SP070,29,L23
-23.46969005183964,-46.40534824343229,SP070,29,L23
-23.46901698336493,-46.3958252317766,SP070,30,L23
-23.46943351241264,-46.39570234292841,SP070,30,L23
-23.46617354364289,-46.38656352214844,SP070,31,L23
-23.46651730255676,-46.38649858488608,SP070,31,L23
-23.46502295250072,-46.37678131830724,SP070,32,L23
-23.46545614727149,-46.37681518176205,SP070,32,L23
-23.4663198168773,-46.36692656802626,SP070,33,L23
-23.46696716846593,-46.36725630435709,SP070,33,L23
-23.46759730981933,-46.35922520375269,SP070,34,L23
-23.46800410247721,-46.35918042033511,SP070,34,L23
-23.46439317988004,-46.34859983046009,SP070,35,L23
-23.46475693512754,-46.34830983166479,SP070,35,L23
-23.45875237651064,-46.34083826173637,SP070,36,L23
-23.45844205968032,-46.34121691374033,SP070,36,L23
-23.45237123420908,-46.3340586022712,SP070,37,L23
-23.45267175030432,-46.33376795175047,SP070,37,L23
-23.44716559795867,-46.32600903803247,SP070,38,L23
-23.44757338449917,-46.32584670222748,SP070,38,L23
-23.44506059845678,-46.31649322256002,SP070,39,L23
-23.4454497373757,-46.31639919403244,SP070,39,L23
-23.44301017142859,-46.30686076238197,SP070,40,L23
-23.44339914193079,-46.30678628159403,SP070,40,L23
-23.44231315846414,-46.29731030827254,SP070,41,L23
-23.44274597695969,-46.29739284133017,SP070,41,L23
-23.44114515510545,-46.28785324754738,SP070,42,L23
-23.44151694606353,-46.28767087380439,SP070,42,L23
-23.44059258132012,-46.27816733287253,SP070,43,L23
-23.44096147659275,-46.27833728205617,SP070,43,L23
-23.44307949165995,-46.26891181847876,SP070,44,L23
-23.44347724091036,-46.26886667499564,SP070,44,L23
-23.44117826805662,-46.25944793047837,SP070,45,L23
-23.44151327449487,-46.25934343401846,SP070,45,L23
-23.43914162360711,-46.24990471169858,SP070,46,L23
-23.43953104451583,-46.24977133932092,SP070,46,L23
-23.43638799211552,-46.24072701675143,SP070,47,L23
-23.43670570427965,-46.24052443374136,SP070,47,L23
-23.43160394191775,-46.23241176456751,SP070,48,L23
-23.43190327332288,-46.23224814845502,SP070,48,L23
-23.4280344683777,-46.22348188690583,SP070,49,L23
-23.42833402124419,-46.22328889389419,SP070,49,L23
-23.42448336139888,-46.2144449816406,SP070,50,L23
-23.42478252336678,-46.21430090520899,SP070,50,L23
-23.42104004383788,-46.20658395835076,SP070,51,L23
-23.42126725403122,-46.20640006660536,SP070,51,L23
-23.41573568084304,-46.19756152729364,SP070,52,L23
-23.41604340961644,-46.19747621771458,SP070,52,L23
-23.4117554943953,-46.18892351471653,SP070,53,L23
-23.412018511004,-46.18877906939764,SP070,53,L23
-23.40494691206968,-46.18280524820425,SP070,54,L23
-23.4051298288696,-46.1825035116461,SP070,54,L23
-23.39760213102987,-46.17709386069315,SP070,55,L23
-23.39783885471027,-46.17684153433314,SP070,55,L23
-23.39182452370729,-46.1695181924453,SP070,56,L23
-23.39213319155277,-46.16930563401179,SP070,56,L23
-23.38750852625676,-46.16087961873266,SP070,57,L23
-23.38779875760078,-46.16071580885862,SP070,57,L23
-23.38314730344423,-46.1521824963792,SP070,58,L23
-23.38344655754592,-46.15201875013435,SP070,58,L23
-23.37786540519897,-46.14457383626438,SP070,59,L23
-23.37816515304094,-46.14434159493586,SP070,59,L23
-23.37153975248253,-46.1376123690507,SP070,60,L23
-23.37181204105613,-46.13742880543082,SP070,60,L23
-23.36519527239519,-46.13071010376009,SP070,61,L23
-23.35959481531239,-46.12328650206587,SP070,62,L23
-23.35987618947357,-46.12309321769646,SP070,62,L23
-23.35672780300158,-46.11372445543991,SP070,63,L23
-23.35709808725456,-46.11372754655779,SP070,63,L23
-23.35915118193522,-46.10440223958168,SP070,64,L23
-23.35953042956119,-46.10441516209083,SP070,64,L23
-23.35906377410028,-46.09499057566109,SP070,65,L23
-23.35941675068305,-46.09488586313417,SP070,65,L23
-23.35925081210837,-46.08499417337158,SP070,66,L23
-23.3596025622521,-46.08506551362797,SP070,66,L23
-23.35928961793478,-46.07544653237431,SP070,67,L23
-23.35965127870954,-46.07539075139353,SP070,67,L23
-23.35772960508072,-46.06583717741373,SP070,68,L23
-23.35808243181236,-46.0657519520855,SP070,68,L23
-23.354385496783,-46.05684976237384,SP070,69,L23
-23.35473924409417,-46.05662756769934,SP070,69,L23
-23.34971753594198,-46.04855670117402,SP070,70,L23
-23.3500081170186,-46.04832421303667,SP070,70,L23
-23.34420566731622,-46.04078584893369,SP070,71,L23
-23.34454126508604,-46.04057326695844,SP070,71,L23
-23.34408845850758,-46.03119884569416,SP070,72,L23
-23.34444888431632,-46.03132879270669,SP070,72,L23
-23.34521657732392,-46.02168984254129,SP070,73,L23
-23.34554216199564,-46.02162386144661,SP070,73,L23
-23.34426842850203,-46.01192037184219,SP070,74,L23
-23.34473763108929,-46.0119924012449,SP070,74,L23
-23.34512449519064,-46.00239932895369,SP070,75,L23
-23.34552201357299,-46.00238275018136,SP070,75,L23
-23.34645972080229,-45.99271541525727,SP070,76,L23
-23.34691211139114,-45.9925916134457,SP070,76,L23
-23.34387870675224,-45.98378499455143,SP070,77,L23
-23.34422197337157,-45.98377774231991,SP070,77,L23
-23.34324483835661,-45.97393007053712,SP070,78,L23
-23.34357901281917,-45.97393250839709,SP070,78,L23
-23.34204875056241,-45.96433526710267,SP070,79,L23
-23.34237335210148,-45.9644256473684,SP070,79,L23
-23.34235984196718,-45.95483943081927,SP070,80,L23
-23.34211556600072,-45.95490615604274,SP070,80,L23
-23.33763349094953,-45.94632513754248,SP070,81,L23
-23.33802215479362,-45.94627898448118,SP070,81,L23
-23.33593607061113,-45.93720670222077,SP070,82,L23
-23.33620819647759,-45.9370129849383,SP070,82,L23
-23.33183314051881,-45.92849235410783,SP070,83,L23
-23.33148037560679,-45.92857793126059,SP070,83,L23
-23.32815587066704,-45.9194978188731,SP070,84,L23
-23.32844575252739,-45.91935310176233,SP070,84,L23
-23.32145495488452,-45.91314341196147,SP070,85,L23
-23.32166428471275,-45.91287099304225,SP070,85,L23
-23.31630630414367,-45.90540164364835,SP070,86,L23
-23.31665894571005,-45.90533557225768,SP070,86,L23
-23.31098312074375,-45.89809937688574,SP070,87,L23
-23.31117430479943,-45.89783661211051,SP070,87,L23
-23.30344453260206,-45.89275830003226,SP070,88,L23
-23.30359060333527,-45.89248546172577,SP070,88,L23
-23.30038710548292,-45.8839858546544,SP070,89,L23
-23.30072134544458,-45.88397828436285,SP070,89,L23
-23.29664871369638,-45.87575694412447,SP070,90,L23
-23.29686695690663,-45.87549435078702,SP070,90,L23
-23.29011079163915,-45.86898683229602,SP070,91,L23
-23.29032907778982,-45.86871446220341,SP070,91,L23
-23.28388141613675,-45.86189670915296,SP070,92,L23
-23.28442624143038,-45.86137222072642,SP070,92,L23
-23.27836927888598,-45.85406875239122,SP070,93,L23
-23.27861378462804,-45.85395298421634,SP070,93,L23
-23.27646089581254,-45.84452387261977,SP070,94,L23
-23.27787138327409,-45.84425900358776,SP070,94,L23
-23.27388198255081,-45.83526837919881,SP070,95,L23
-23.27417210449049,-45.83506487134089,SP070,95,L23
-23.26921805398685,-45.82733977513864,SP070,96,L23
-23.26958032061554,-45.82715625529997,SP070,96,L23
-23.26624905342654,-45.81820980226434,SP070,97,L23
-23.26655691302872,-45.81806503498822,SP070,97,L23
-23.26310774556121,-45.80910851037136,SP070,98,L23
-23.26339768401435,-45.80893428817581,SP070,98,L23
-23.25743597219313,-45.80193792291681,SP070,99,L23
-23.25764491220861,-45.80170455246414,SP070,99,L23
-23.25094896573075,-45.79515412466121,SP070,100,L23
-23.25114881405679,-45.79493047582343,SP070,100,L23
-23.24348841125365,-45.78971419117811,SP070,101,L23
-23.2436252222291,-45.78945107575447,SP070,101,L23
-23.2359185739255,-45.78441107272102,SP070,102,L23
-23.2361184558618,-45.78417765770769,SP070,102,L23
-23.2301846296342,-45.77678325840018,SP070,103,L23
-23.23042942072136,-45.77659897074908,SP070,103,L23
-23.22457784629188,-45.76893203220603,SP070,104,L23
-23.22490411104634,-45.7687091097783,SP070,104,L23
-23.21984802148149,-45.76083232648801,SP070,105,L23
-23.220119655362,-45.7606970407924,SP070,105,L23
-23.21551766633448,-45.75221746300729,SP070,106,L23
-23.21584353454281,-45.75207269455228,SP070,106,L23
-23.21041555167651,-45.74434158633273,SP070,107,L23
-23.21064247248398,-45.7441083030487,SP070,107,L23
-23.2024684362923,-45.74016404866061,SP070,108,L23
-23.20255119927709,-45.73985180255108,SP070,108,L23
-23.19389323829106,-45.73699002369537,SP070,109,L23
-23.19405705816355,-45.7367270958858,SP070,109,L23
-23.1863307964828,-45.73162352086222,SP070,110,L23
-23.18651280851404,-45.73133138737191,SP070,110,L23
-23.17954023654203,-45.72532384845471,SP070,111,L23
-23.1792046829344,-45.72561514756753,SP070,111,L23
-23.17480887597075,-45.71704274599989,SP070,112,L23
-23.17508056380035,-45.71688787382427,SP070,112,L23
-23.16980511839061,-45.70897571747604,SP070,113,L23
-23.17008578730702,-45.70883065119632,SP070,113,L23
-23.1633250645609,-45.70372488202255,SP070,114,L23
-23.16351579587693,-45.70349141904177,SP070,114,L23
-23.15524881882633,-45.69784109345287,SP070,115,L23
-23.15576566628,-45.69739441509525,SP070,115,L23
-23.14954041563869,-45.68955744181535,SP070,116,L23
-23.14981199249346,-45.68942207693551,SP070,116,L23
-23.14626344643071,-45.68079838132883,SP070,117,L23
-23.14651669783393,-45.68072151689487,SP070,117,L23
-23.14312230158649,-45.67184506073557,SP070,118,L23
-23.14343898581606,-45.67171965840605,SP070,118,L23
-23.13843354255146,-45.66348035014126,SP070,119,L23
-23.13869664096837,-45.66320815730847,SP070,119,L23
-23.13115857833812,-45.65784814553704,SP070,120,L23
-23.13131343769582,-45.65753636059107,SP070,120,L23
-23.12263494480431,-45.65485717547592,SP070,121,L23
-23.12272673113241,-45.65450603540084,SP070,121,L23
-23.11440455728002,-45.65083285192284,SP070,122,L23
-23.11464956865595,-45.65056059399975,SP070,122,L23
-23.10892724889066,-45.64283798333878,SP070,123,L23
-23.10919910639753,-45.64262444095286,SP070,123,L23
-23.10404619056337,-45.63471961894622,SP070,124,L23
-23.10440836515915,-45.6345064917481,SP070,124,L23
-23.09908293838806,-45.62671863098828,SP070,125,L23
-23.09948158261286,-45.62641777714551,SP070,125,L23
-23.09440100301759,-45.61828012343574,SP070,126,L23
-23.09478091631048,-45.61814516171378,SP070,126,L23
-23.09536392974641,-45.60991649158123,SP070,127,L23
-23.09564311730234,-45.61013256782078,SP070,127,L23
-23.10087275784883,-45.60083085231538,SP070,128,L23
-23.10098843720218,-45.6012903106248,SP070,128,L23
-23.10212532361741,-45.59206758911653,SP070,129,L23
-23.10248682057214,-45.5920203492574,SP070,129,L23
-23.09603415506997,-45.58558661408792,SP070,130,L23
-23.09610790232345,-45.58518659216755,SP070,130,L23
-23.09244428435105,-45.57679307008492,SP070,131,L23
-23.0927603282004,-45.57682371160833,SP070,131,L23
-23.08915976678436,-45.56835277138855,SP070,132,L23
-23.08935072232369,-45.56800207180169,SP070,132,L23
-23.08700642829627,-45.55920480415088,SP070,133,L23
-23.08732327165511,-45.55901083842828,SP070,133,L23
-23.08644211143978,-45.55013193134526,SP070,134,L23
-23.08664270554713,-45.54959573948868,SP070,134,L23
-23.24565847991762,-45.8647593225197,SP099,5,L23
-23.24538816157254,-45.86464028168773,SP099,5,L23
-23.245557,-45.864675,SP099,5,L23
-23.24903118361969,-45.8558563853754,SP099,6,L23
-23.24931086067524,-45.85591682103615,SP099,6,L23
-23.25229648420491,-45.84667859992714,SP099,7,L23
-23.25205324798024,-45.84655975977361,SP099,7,L23
-23.2560017514373,-45.83789413001391,SP099,8,L23
-23.25571366027062,-45.83771636794537,SP099,8,L23
-23.26142657592971,-45.83008763212392,SP099,9,L23
-23.26113873419057,-45.82986100027567,SP099,9,L23
-23.26649040403778,-45.82215118971211,SP099,10,L23
-23.26615754328854,-45.82189496024121,SP099,10,L23
-23.27207527834997,-45.81468659967382,SP099,11,L23
-23.27186926230529,-45.81435293349464,SP099,11,L23
-23.459958,-46.34316,SPI035/056,0,L23
-23.462078,-46.339075,SPI035/056,1,L23
-23.05690108439803,-45.62159359307242,SPI117/060,0,L23
-23.05677573731805,-45.6213099327651,SPI117/060,0,L23
-23.06633589901807,-45.62048498350102,SPI117/060,1,L23
-23.0663009938311,-45.62017243202909,SPI117/060,1,L23
-23.075758366651,-45.61791174192587,SPI117/060,2,L23
-23.075748073442,-45.61823387113582,SPI117/060,2,L23
-23.08480258913853,-45.61503376505552,SPI117/060,3,L23
-23.08477427372533,-45.61534607053305,SPI117/060,3,L23
-23.09349577497757,-45.6141457247125,SPI117/060,4,L23
-23.09328383894009,-45.61521882210855,SPI117/060,4,L23
-23.3623,-46.127423,SPI179/060,0,L23
-23.33139704935388,-46.13460989614885,SPI179/060,1,L23
-23.33110062397236,-46.13188838400854,SPI179/060,1,L23
-23.335595,-46.131882,SPI179/060,1,L23
-23.3390035843601,-46.12937314435666,SPI179/060,2,L23
-23.33885160394645,-46.12915667400402,SPI179/060,2,L23
-23.34750257350648,-46.12686265869377,SPI179/060,3,L23
-23.34749537246488,-46.12660827183239,SPI179/060,3,L23
-23.35636273869006,-46.125616853097,SPI179/060,4,L23
-23.35630658094528,-46.12589028706881,SPI179/060,4,L23
-23.36479346646856,-46.12881857150911,SPI179/060,5,L23
-23.36477636975643,-46.13118592052066,SPI179/060,5,L23
-23.364620178458,-46.1290518973016,SPI179/060,5,L23
-23.36398981811015,-46.13004442424069,SPI179/060,5,L23
-23.47447424153768,-46.48546378847716,SPM070D,20,L23
-23.47531110594327,-46.4767318337516,SPM070D,21,L23
-23.48097473024102,-46.4682236722087,SPM070D,22,L23
-23.48241156412072,-46.45930739223225,SPM070D,23,L23
-23.48064877615936,-46.44917431452535,SPM070D,24,L23
-23.47775012288643,-46.43954520981449,SPM070D,25,L23
-23.47385043552099,-46.48553512385067,SPM070E,20,L23
-23.47479587119626,-46.47632335044754,SPM070E,21,L23
-23.48014764415591,-46.46809027228644,SPM070E,22,L23
-23.48161214741005,-46.45927523077363,SPM070E,23,L23
-23.47990780532896,-46.44932875670573,SPM070E,24,L23
-23.47724056868168,-46.43992032778623,SPM070E,25,L23
-23.47049705980501,-46.43375774742532,SPM070E,26,L23
-23.41620665170857,-46.73676819732765,SP021,0,L24
-23.41973121893507,-46.74299851724102,SP021,1,L24
-23.42468896201085,-46.7510485663054,SP021,2,L24
-23.43174918231973,-46.75678815477439,SP021,3,L24
-23.4366334602237,-46.76487760846809,SP021,4,L24
-23.44157792263285,-46.77319354505408,SP021,5,L24
-23.44710643126758,-46.78093069460331,SP021,6,L24
-23.45401581082502,-46.78947988398041,SP021,7,L24
-23.46057786451431,-46.79485818355642,SP021,8,L24
-23.46872183589873,-46.79999545774143,SP021,9,L24
-23.4764023868824,-46.80189111364098,SP021,10,L24
-23.48416900127748,-46.80352149154505,SP021,11,L24
-23.49207921736694,-46.81036727570424,SP021,12,L24
-23.49770190771368,-46.81759135356197,SP021,13,L24
-23.50555499830523,-46.82169397241566,SP021,14,L24
-23.51343800434936,-46.81782691424377,SP021,15,L24
-23.52170563744173,-46.81626054596568,SP021,16,L24
-23.53048545412375,-46.81788482709296,SP021,17,L24
-23.53946643257767,-46.81780057300437,SP021,18,L24
-23.54819901151217,-46.8204873589343,SP021,19,L24
-23.55701581063191,-46.81942285592882,SP021,20,L24
-23.56590117894929,-46.81932220393983,SP021,21,L24
-23.57180008402659,-46.81229919156129,SP021,22,L24
-23.58008427648159,-46.80871172957502,SP021,23,L24
-23.58879929205679,-46.80937006832517,SP021,24,L24
-23.60663104010733,-46.81417124344074,SP021,25,L24
-23.61317607363064,-46.82046431945657,SP021,26,L24
-23.61844717840223,-46.82756353605118,SP021,27,L24
-23.62733019359985,-46.82950912590344,SP021,28,L24
-23.63253885917052,-46.83184134075487,SP021,29,L24
-23.63574135123398,-46.83423301466499,SP021,30,L25
-23.6353250286113,-46.83355094997259,SP021,30,L25
-23.64411537522016,-46.83163470837069,SP021,31,L25
-23.6440206974851,-46.83124132754411,SP021,31,L25
-23.65312654477782,-46.83089759455664,SP021,32,L25
-23.65258809001208,-46.828321917952,SP021,32,L25
-23.66198018000569,-46.8297367059504,SP021,33,L25
-23.65909133422896,-46.82432461352394,SP021,33,L25
-23.67065170159203,-46.83252400410341,SP021,34,L25
-23.6679463571295,-46.82381029788184,SP021,34,L25
-23.67751605981536,-46.82701182330076,SP021,35,L25
-23.6758389464949,-46.82297867467771,SP021,35,L25
-23.68356961113847,-46.81979164417826,SP021,36,L25
-23.68356019473608,-46.81905617123753,SP021,36,L25
-23.69282358074627,-46.81913549614536,SP021,37,L25
-23.69271358860562,-46.81850643560121,SP021,37,L25
-23.70111712408119,-46.82182940714784,SP021,38,L25
-23.69866300827488,-46.81551968721784,SP021,38,L25
-23.70953864073502,-46.81824931324836,SP021,39,L25
-23.70480863315939,-46.81196663608337,SP021,39,L25
-23.71728239699931,-46.81162901447651,SP021,40,L25
-23.71451246051953,-46.80681477317773,SP021,40,L25
-23.72615014450245,-46.80693595117405,SP021,41,L25
-23.72597755166404,-46.80779665664808,SP021,41,L25
-23.7346176761484,-46.81175096227098,SP021,42,L25
-23.73441538029299,-46.81206203336632,SP021,42,L25
-23.74130942037344,-46.81321677468215,SP021,43,L25
-23.74125944678958,-46.81362805694051,SP021,43,L25
-23.74856523040276,-46.8081574765144,SP021,44,L25
-23.74822457412736,-46.80794677303099,SP021,44,L25
-23.75282006567224,-46.79948551788122,SP021,45,L25
-23.75252453731027,-46.7992754490072,SP021,45,L25
-23.75641402682909,-46.79092165438753,SP021,46,L25
-23.75608169131469,-46.79076995483476,SP021,46,L25
-23.75974823654587,-46.78135309942746,SP021,47,L25
-23.75938801415256,-46.78126971229154,SP021,47,L25
-23.76339032754342,-46.77244551633385,SP021,48,L25
-23.76302163380151,-46.77231298222509,SP021,48,L25
-23.76967694068649,-46.76596700931836,SP021,49,L25
-23.7694918347375,-46.76557206183911,SP021,49,L25
-23.77845755676195,-46.7640545418881,SP021,50,L25
-23.77832784994189,-46.76355238618257,SP021,50,L25
-23.78733701740705,-46.76218244032172,SP021,51,L25
-23.78729658099458,-46.76176976781246,SP021,51,L25
-23.79382234892194,-46.75566572556464,SP021,52,L25
-23.79349978724192,-46.7554455036661,SP021,52,L25
-23.79793081536894,-46.74691833532975,SP021,53,L25
-23.79758115557246,-46.74669776433759,SP021,53,L25
-23.80166876408708,-46.73815562994784,SP021,54,L25
-23.80134606540374,-46.73794524723602,SP021,54,L25
-23.80486233114368,-46.72877672422266,SP021,55,L25
-23.80446618192534,-46.72867333953424,SP021,55,L25
-23.80463893714716,-46.71887144814054,SP021,56,L25
-23.80426877133982,-46.71886657524438,SP021,56,L25
-23.8043237501489,-46.70904348190686,SP021,57,L25
-23.80393530800075,-46.70905802573447,SP021,57,L25
-23.8047568692383,-46.69926452350196,SP021,58,L25
-23.80436047888704,-46.69918085246135,SP021,58,L25
-23.80664963514998,-46.68972026807666,SP021,59,L25
-23.80629924098566,-46.68955870552437,SP021,59,L25
-23.80785607848494,-46.68012761520568,SP021,60,L25
-23.80745892643321,-46.68011268984309,SP021,60,L25
-23.80395160081573,-46.67131337550656,SP021,61,L25
-23.80366873505941,-46.67158454982779,SP021,61,L25
-23.79672860292626,-46.66538185900183,SP021,62,L25
-23.79649949587503,-46.66569297258417,SP021,62,L25
-23.79198800127249,-46.65782409982161,SP021,63,L25
-23.79160911069355,-46.65778985248457,SP021,63,L25
-23.79112114423658,-46.64770548505911,SP021,64,L25
-23.79075117374565,-46.6476811930654,SP021,64,L25
-23.78914501717638,-46.63824036051368,SP021,65,L25
-23.78860110008051,-46.63843961608107,SP021,65,L25
-23.78538611230219,-46.63079435138737,SP021,66,L25
-23.78483161898687,-46.63114069405606,SP021,66,L25
-23.78034031626873,-46.62117402614061,SP021,67,L25
-23.77975013929709,-46.62148070630419,SP021,67,L25
-23.77595875494422,-46.61274007817092,SP021,68,L25
-23.77539475719749,-46.61313542076446,SP021,68,L25
-23.77096788292874,-46.60467205818756,SP021,69,L25
-23.77057739286999,-46.60488312745272,SP021,69,L25
-23.76598679902773,-46.59648702639274,SP021,70,L25
-23.76565962374298,-46.5966890748858,SP021,70,L25
-23.76366206083433,-46.58723598164102,SP021,71,L25
-23.7632927757337,-46.58714319944001,SP021,71,L25
-23.76379537824907,-46.57774997820807,SP021,72,L25
-23.76333318912569,-46.57791119792838,SP021,72,L25
-23.75889709397974,-46.57015602378561,SP021,73,L25
-23.75823053116693,-46.56999104978962,SP021,73,L25
-23.75727818585196,-46.56238594179873,SP021,74,L25
-23.75684617321724,-46.56224343120424,SP021,74,L25
-23.76318876345761,-46.55295905083974,SP021,75,L25
-23.76264740401875,-46.5529133796165,SP021,75,L25
-23.76354629486389,-46.54341671742154,SP021,76,L25
-23.76319513351304,-46.54331446012256,SP021,76,L25
-23.76390690881857,-46.53441397460374,SP021,77,L25
-23.76355349859467,-46.53453737969791,SP021,77,L25
-23.75887339286244,-46.52657467363943,SP021,78,L25
-23.75852833848808,-46.52676687203461,SP021,78,L25
-23.75622116898179,-46.51621273123735,SP021,79,L25
-23.75587094795221,-46.5160124538323,SP021,79,L25
-23.75531873383235,-46.50692108635482,SP021,80,L25
-23.75503585472873,-46.50722196979774,SP021,80,L25
-23.75106664699772,-46.49843494167387,SP021,81,L25
-23.7507042311611,-46.49855833229587,SP021,81,L25
-23.74488996752896,-46.49094770370262,SP021,82,L25
-23.74469703516698,-46.49128886581744,SP021,82,L25
-23.73624058668374,-46.48981923983007,SP021,83,L25
-23.73619146822945,-46.49023068508399,SP021,83,L25
-23.72766318989844,-46.48965305614946,SP021,84,L25
-23.72761397866712,-46.49007428263801,SP021,84,L25
-23.72161578236345,-46.48369921085248,SP021,85,L25
-23.72126231178539,-46.48383252967046,SP021,85,L25
-23.71979715010562,-46.47367403960022,SP021,86,L25
-23.71946081151476,-46.47390566100538,SP021,86,L25
-23.71635941021392,-46.46385663351423,SP021,87,L25
-23.7154265708258,-46.46414046427012,SP021,87,L25
-23.71401766520583,-46.4545815052368,SP021,88,L25
-23.71362754377292,-46.45477333891272,SP021,88,L25
-23.71009803296609,-46.44594642046611,SP021,89,L25
-23.7096097855188,-46.44600969264843,SP021,89,L25
-23.71077539957913,-46.43624410852905,SP021,90,L25
-23.71041329811333,-46.4363382220665,SP021,90,L25
-23.70450436950127,-46.42982025069746,SP021,91,L25
-23.70434769104057,-46.43016180260681,SP021,91,L25
-23.6968102177039,-46.42492125595605,SP021,92,L25
-23.69650148797626,-46.42510423423183,SP021,92,L25
-23.69398565486726,-46.41583904507433,SP021,93,L25
-23.69357886199689,-46.41588369084636,SP021,93,L25
-23.69046354289189,-46.40693605279634,SP021,94,L25
-23.69018076370645,-46.40724682788029,SP021,94,L25
-23.68240523579514,-46.40227039139493,SP021,95,L25
-23.68219470565199,-46.40258193035912,SP021,95,L25
-23.67461322798786,-46.3980984207725,SP021,96,L25
-23.67428283839619,-46.39868322043604,SP021,96,L25
-23.66628548446223,-46.39423503411772,SP021,97,L25
-23.66604611635034,-46.39474233690849,SP021,97,L25
-23.65726719585791,-46.39484528873924,SP021,98,L25
-23.65726304843099,-46.39530603235992,SP021,98,L25
-23.64846748440891,-46.39324225813429,SP021,99,L25
-23.64829256600327,-46.39361293211833,SP021,99,L25
-23.6402508880512,-46.38904791487109,SP021,100,L25
-23.63995938018347,-46.38932911702398,SP021,100,L25
-23.63392575303615,-46.38236463062938,SP021,101,L25
-23.63348223100055,-46.38247760055953,SP021,101,L25
-23.62862417680532,-46.37428121043304,SP021,102,L25
-23.62834988666021,-46.37466062173727,SP021,102,L25
-23.6225088793357,-46.3672779590154,SP021,103,L25
-23.62225292570755,-46.36762815475112,SP021,103,L25
-23.61568690679172,-46.3615225909979,SP021,104,L25
-23.61542150607566,-46.36192168826516,SP021,104,L25
-23.60854863024892,-46.35576457573914,SP021,105,L25
-23.6083197078427,-46.35612483791122,SP021,105,L25
-23.59955419761473,-46.35260474330858,SP021,106,L25
-23.59945136479899,-46.35300548045502,SP021,106,L25
-23.59150025341443,-46.34824968883786,SP021,107,L25
-23.5912805499119,-46.34859041565247,SP021,107,L25
-23.58236415823809,-46.3468237340975,SP021,108,L25
-23.58227897801981,-46.34727359779013,SP021,108,L25
-23.57376933868168,-46.34546231369484,SP021,109,L25
-23.57356736387449,-46.34584237351516,SP021,109,L25
-23.56530113616045,-46.34198617353085,SP021,110,L25
-23.56525285491305,-46.34234818277981,SP021,110,L25
-23.55641379979258,-46.34102399666108,SP021,111,L25
-23.5563654373198,-46.34139577797366,SP021,111,L25
-23.54771135174263,-46.33956425964335,SP021,112,L25
-23.54756399765137,-46.33989582997075,SP021,112,L25
-23.54004203374648,-46.33453006868302,SP021,113,L25
-23.53994845283104,-46.33491114627148,SP021,113,L25
-23.5320121303398,-46.33045275128927,SP021,114,L25
-23.53177474410555,-46.33075400397831,SP021,114,L25
-23.52348192652494,-46.32889784905576,SP021,115,L25
-23.52345826284569,-46.32849604802139,SP021,115,L25
-23.51455519662763,-46.32829897101892,SP021,116,L25
-23.51453387712796,-46.32868070635151,SP021,116,L25
-23.50611426497936,-46.33109343398132,SP021,117,L25
-23.50596350935273,-46.33076875233745,SP021,117,L25
-23.49862570121553,-46.33761825602951,SP021,118,L25
-23.4986112551127,-46.33719703840633,SP021,118,L25
-23.49131922716533,-46.33343194178092,SP021,119,L25
-23.4910548309438,-46.33372303656195,SP021,119,L25
-23.48278665352532,-46.33003669501205,SP021,120,L25
-23.48264810519169,-46.33039757999925,SP021,120,L25
-23.47398314010414,-46.33086872869161,SP021,121,L25
-23.47394233260163,-46.33035921004823,SP021,121,L25
-23.46765446871324,-46.33694363496425,SP021,122,L25
-23.46735889787765,-46.33665674538272,SP021,122,L25
-23.4629777348069,-46.34517862976528,SP021,123,L25
-23.46261888201039,-46.34490088165661,SP021,123,L25
-23.45520341806652,-46.34918192420816,SP021,124,L25
-23.45518180118546,-46.34959284784965,SP021,124,L25
-23.44695184420723,-46.35301350309428,SP021,125,L25
-23.44672922376976,-46.35264906124116,SP021,125,L25
-23.43853847730271,-46.35570758336229,SP021,126,L25
-23.43849852971947,-46.35614763029881,SP021,126,L25
-23.42969218310459,-46.35625352336525,SP021,127,L25
-23.42956021188828,-46.35585090103808,SP021,127,L25
-23.42037121094404,-46.36049389033412,SP021,128,L25
-23.42029462486299,-46.35995484806794,SP021,128,L25
-23.714538,-46.457899,SPA086/021,0,L25
-23.708298,-46.461588,SPA086/021,1,L25
-23.701938,-46.467948,SPA086/021,2,L25
-23.696496,-46.473768,SPA086/021,3,L25
-23.691914,-46.473748,SPA086/021,4,L25
-23.27595393881338,-45.81222678996987,SP099,12,L27
-23.27869454227151,-45.80800003228457,SP099,12,L27
-23.28606729455526,-45.80228533094861,SP099,13,L27
-23.29117687743979,-45.79574493862795,SP099,14,L27
-23.29092276815371,-45.78703096875609,SP099,15,L27
-23.29629261018511,-45.77888755639123,SP099,16,L27
-23.30284381073346,-45.77288215743344,SP099,17,L27
-23.30962246381739,-45.7664960703578,SP099,18,L27
-23.31250557997447,-45.76057618840657,SP099,19,L27
-23.3165931523764,-45.75208086569878,SP099,20,L27
-23.32164496926549,-45.74396204378105,SP099,21,L27
-23.32022973624983,-45.7356994091541,SP099,22,L27
-23.31741463849677,-45.72730217714341,SP099,23,L27
-23.3219243313347,-45.71894468486636,SP099,24,L27
-23.3302708770084,-45.71490101672443,SP099,25,L27
-23.33922493107035,-45.71032208237769,SP099,26,L27
-23.34452769280857,-45.71216980880934,SP099,27,L27
-23.35091630269836,-45.70761575690161,SP099,28,L27
-23.35783134120153,-45.70045189973217,SP099,29,L27
-23.36352069448826,-45.69259606821816,SP099,30,L27
-23.36566674018207,-45.68316572593871,SP099,31,L27
-23.37022767701406,-45.67496052010742,SP099,32,L27
-23.37319025062673,-45.66656084797593,SP099,33,L27
-23.38215032806515,-45.66236867992623,SP099,34,L27
-23.38932796998454,-45.65671887093442,SP099,35,L27
-23.39737490623521,-45.65266787615841,SP099,36,L27
-23.40584354010434,-45.6492741812925,SP099,37,L27
-23.41169972694336,-45.64197201511849,SP099,38,L27
-23.41973554110462,-45.63834030410214,SP099,39,L27
-23.42586094003734,-45.6313514060749,SP099,40,L27
-23.4318768634133,-45.6245571281948,SP099,41,L27
-23.43808322611905,-45.61749880905031,SP099,42,L27
-23.4426922620894,-45.60999195684355,SP099,43,L27
-23.44862439970952,-45.60360665683098,SP099,44,L27
-23.45378327582462,-45.59622846729831,SP099,45,L27
-23.46062580837946,-45.59019854210329,SP099,46,L27
-23.46871183829947,-45.58490784568392,SP099,47,L27
-23.47760617242816,-45.58564230885059,SP099,48,L27
-23.48009505300355,-45.57705549527834,SP099,49,L27
-23.48892878339116,-45.57464565015014,SP099,50,L27
-23.49695761586493,-45.57249645243433,SP099,51,L27
-23.5029567148798,-45.56466743077566,SP099,52,L27
-23.51160305236888,-45.55653539355841,SP099,53,L27
-23.51259322431484,-45.54730294376527,SP099,54,L27
-23.51728073385975,-45.53965261575822,SP099,55,L27
-23.52626312260179,-45.53849412954494,SP099,56,L27
-23.53498179496822,-45.5378438508644,SP099,57,L27
-23.53984147354832,-45.5298986836344,SP099,58,L27
-23.54729055349365,-45.52539228353407,SP099,59,L27
-23.55680504143147,-45.52175576675528,SP099,60,L27
-23.55919006643806,-45.51348552711883,SP099,61,L27
-23.56426810730072,-45.50467654785432,SP099,62,L27
-23.56764905570204,-45.49539016092911,SP099,63,L27
-23.57367084021961,-45.48774953148533,SP099,64,L27
-23.57958326077912,-45.4803038059984,SP099,65,L27
-23.57878166025395,-45.47069698125134,SP099,66,L27
-23.5767328307371,-45.47018008925954,SP099,66,L27
-23.58134698081027,-45.4616410303762,SP099,67,L27
-23.57423957678112,-45.46122419563927,SP099,67,L27
-23.58764991404296,-45.45613554949887,SP099,68,L27
-23.57857254585186,-45.45291920976567,SP099,68,L27
-23.59476615390237,-45.45662080437676,SP099,69,L27
-23.58826712594598,-45.44890481609553,SP099,69,L27
-23.59469289213931,-45.45077908987933,SP099,70,L27
-23.59035221430504,-45.44940194924284,SP099,70,L27
-23.59095929760723,-45.45802874870838,SP099,71,L27
-23.58623970463278,-45.44720243534411,SP099,71,L27
-23.59090613002301,-45.44524828252142,SP099,72,L27
-23.58323966119931,-45.4630392853924,SP099,72,L27
-23.59224139278117,-45.44579184003432,SP099,73,L27
-23.58675742043335,-45.47069602288872,SP099,73,L27
-23.59293309658709,-45.46556274645931,SP099,74,L27
-23.59036482524392,-45.4386701203447,SP099,74,L27
-23.59648318801309,-45.45633271085752,SP099,75,L27
-23.59209862359307,-45.44201800145098,SP099,75,L27
-23.60179903254089,-45.44851959492122,SP099,76,L27
-23.59756445059953,-45.44479049055958,SP099,76,L27
-23.61043373504361,-45.44866659723073,SP099,77,L27
-23.60153519257164,-45.44917540623535,SP099,77,L27
-23.61665635753254,-45.45514778855011,SP099,78,L27
-23.60356919675635,-45.4454576602993,SP099,78,L27
-23.62306624556096,-45.46234588401116,SP099,79,L27
-23.59883018351159,-45.43802197253104,SP099,79,L27
-23.63178773880725,-45.46366080548339,SP099,80,L27
-23.59959741949724,-45.43176136823357,SP099,80,L27
-23.64288218984141,-45.45977800623909,SP099,81,L27
-23.60748420410479,-45.42801339174434,SP099,81,L27
-23.61580394012698,-45.43101062632901,SP099,82,L27
-23.62344897804446,-45.42647711467476,SP099,83,L27
-23.372888286279,-45.67146969950435,SPA032/099,0,L27
-23.37881454033245,-45.66832465808821,SPA032/099,1,L27
-23.3813829507908,-45.6627966189936,SPA033/099,0,L27
-23.3761238428471,-45.6609885499304,SPA033/099,1,L27
-23.3690055853304,-45.66205798646159,SPA033/099,2,L27
-23.3665434332659,-45.666089940528,SPA033/099,3,L27
-23.39357915361761,-45.6547211139138,SPA035/099,0,L27
-23.3874358337589,-45.6613987750922,SPA035/099,1,L27
-23.3857700011531,-45.6619058046512,SPA035/099,1,L27
-23.4124349202282,-45.6412102519938,SPA037/099,0,L27
-23.4094788816814,-45.6320638592703,SPA037/099,1,L27
-23.4127382932001,-45.6262810518584,SPA037/099,2,L27
-23.4174815172555,-45.619082114211,SPA037/099,3,L27
-23.4196097365962,-45.6113662671716,SPA037/099,4,L27
-23.4228760977896,-45.6055181148168,SPA037/099,5,L27
-23.4316757750406,-45.6036774653388,SPA037/099,6,L27
-23.4389857877248,-45.5995872865877,SPA037/099,7,L27
-23.4438421241806,-45.59168057215929,SPA037/099,8,L27
-23.4448054833252,-45.5912732897478,SPA037/099,8,L27
-23.621952113099,-45.43208947850485,SPI097/055,7,L27
-23.62869093690551,-45.43833690436362,SPI097/055,8,L27
-23.63621809511848,-45.44361701768258,SPI097/055,9,L27
-23.6434558776428,-45.44894577660931,SPI097/055,10,L27
-23.6510008219484,-45.45418793910088,SPI097/055,11,L27
-23.658237,-45.459015,SPI097/055,12,L27
-23.44807911555355,-45.60389055295714,SPM099D,44,L27
-23.27889367641489,-45.80719929937032,SPM099E,12,L27
-23.39130947580867,-45.65591641413673,SPM099E,35,L27
-23.45733931615231,-45.59222041856744,SPM099E,45,L27
-22.89532661437988,-50.73190689086913,SP266,487,L28
-22.8864459991454,-50.73329162597651,SP266,488,L28
-22.87865257263184,-50.73821258544921,SP266,489,L28
-22.87057304382325,-50.74248123168945,SP266,490,L28
-22.86260986328125,-50.73581314086914,SP266,491,L28
-22.85665512084961,-50.72854232788086,SP266,492,L28
-22.85068893432617,-50.72123718261719,SP266,493,L28
-22.84526062011713,-50.71403121948237,SP266,494,L28
-22.83988952636719,-50.72128295898433,SP266,495,L28
-22.83585739135731,-50.72958374023426,SP266,496,L28
-22.83164596557612,-50.73825073242182,SP266,497,L28
-22.82749366760248,-50.74679565429687,SP266,498,L28
-22.82324600219721,-50.75553894042969,SP266,499,L28
-22.8190803527832,-50.76411056518543,SP266,500,L28
-22.81487464904785,-50.77275085449212,SP266,501,L28
-22.8089542388916,-50.77827072143554,SP266,502,L28
-22.7999649047851,-50.77923202514648,SP266,503,L28
-22.79101371765137,-50.78019332885737,SP266,504,L28
-22.78221893310547,-50.78114700317376,SP266,505,L28
-22.77351379394531,-50.78208923339844,SP266,506,L28
-22.76452445983887,-50.78306579589839,SP266,507,L28
-22.75567817687983,-50.78403091430658,SP266,508,L28
-22.74845886230469,-50.78842926025379,SP266,509,L28
-22.23318481445313,-49.97068405151367,SP294,452,L28
-22.22464370727528,-49.96768188476557,SP294,453,L28
-22.21598052978516,-49.96454620361317,SP294,454,L28
-22.20702552795404,-49.96320724487299,SP294,455,L28
-22.19799423217773,-49.96504974365234,SP294,456,L28
-22.18922424316406,-49.9676399230957,SP294,457,L28
-22.18093299865723,-49.97222137451172,SP294,458,L28
-21.20744517807785,-47.76193769128286,SP322,308,L28
-21.21142768899995,-47.77038574199997,SP322,309,L28
-21.21952247599995,-47.77522277799994,SP322,310,L28
-21.22146034199994,-47.78247070299994,SP322,311,L28
-21.22195434599996,-47.79157638499998,SP322,312,L28
-21.22358131399994,-47.80076217699997,SP322,313,L28
-21.22475051899994,-47.80975341799996,SP322,314,L28
-21.22237396199995,-47.81973648099995,SP322,315,L28
-21.21899414099994,-47.82895660399998,SP322,316,L28
-21.21510696399997,-47.83777999899996,SP322,317,L28
-21.21131324799995,-47.84639358499993,SP322,318,L28
-21.20764541599993,-47.85535812399996,SP322,319,L28
-21.20389938399995,-47.86386108399996,SP322,320,L28
-21.20046997099996,-47.87157821699997,SP322,321,L28
-21.19591331499993,-47.88127517699996,SP322,322,L28
-21.18922233599994,-47.88695907599998,SP322,323,L28
-21.18138313299994,-47.89172744799998,SP322,324,L28
-21.17369461099997,-47.89640045199998,SP322,325,L28
-21.16678810099995,-47.90082931499995,SP322,326,L28
-21.16703605699996,-47.90870666499994,SP322,327,L28
-21.16732978799996,-47.91783142099996,SP322,328,L28
-21.16622924799998,-47.92739486699998,SP322,329,L28
-21.16429901099997,-47.93894576999998,SP322,330,L28
-21.16296386699997,-47.94692611699998,SP322,331,L28
-21.16113090499994,-47.95789337199994,SP322,332,L28
-21.16131782499997,-47.96520233199993,SP322,333,L28
-21.16247749299998,-47.97459793099995,SP322,334,L28
-21.163829,-47.987053,SP322,335,L28
-21.16030693099998,-47.99096298199999,SP322,336,L28
-21.14975547799997,-47.99368286099997,SP322,337,L28
-21.14721298199993,-48.00231170699993,SP322,338,L28
-21.14112853999995,-48.01004028299997,SP322,339,L28
-21.13576316799998,-48.01686477699997,SP322,340,L28
-21.12981033299997,-48.02441024799998,SP322,341,L28
-21.12315368699996,-48.03285217299999,SP322,342,L28
-21.11824798599997,-48.03909301799996,SP322,343,L28
-21.11245346099997,-48.04647445699993,SP322,344,L28
-21.10652923599997,-48.05397415199997,SP322,345,L28
-21.10039138799993,-48.06178283699995,SP322,346,L28
-21.09474754299998,-48.06894683799993,SP322,347,L28
-21.08882331799998,-48.07646942099996,SP322,348,L28
-21.08305549599993,-48.08380889899997,SP322,349,L28
-21.07716751099997,-48.09126663199999,SP322,350,L28
-21.07119560199993,-48.09880828899998,SP322,351,L28
-21.06544113199993,-48.10607910199997,SP322,352,L28
-21.05960082999997,-48.11346816999999,SP322,353,L28
-21.05359458899994,-48.12105941799997,SP322,354,L28
-21.04822158799993,-48.12796020499997,SP322,355,L28
-21.04191970799997,-48.13579177899993,SP322,356,L28
-21.03605270399993,-48.14322662399995,SP322,357,L28
-21.02949142499995,-48.15148925799997,SP322,358,L28
-21.02438545199993,-48.15794753999995,SP322,359,L28
-21.01860046399997,-48.16525268599997,SP322,360,L28
-21.01273345899995,-48.17263793899997,SP322,361,L28
-21.00730323799996,-48.18061065699994,SP322,362,L28
-21.00470542899996,-48.18988037099996,SP322,363,L28
-21.00224113499996,-48.19881057699996,SP322,364,L28
-20.99957275399993,-48.20851135299995,SP322,365,L28
-20.99705314599993,-48.21759414699994,SP322,366,L28
-20.99452972399996,-48.22679901099996,SP322,367,L28
-20.99198341399995,-48.23602676399997,SP322,368,L28
-20.98944663999998,-48.24524688699995,SP322,369,L28
-20.98684310899995,-48.25467681899994,SP322,370,L28
-20.98438644399994,-48.26373672499994,SP322,371,L28
-20.98182296799996,-48.27293014499998,SP322,372,L28
-20.97927665699996,-48.28215026899994,SP322,373,L28
-20.97671890299995,-48.29143905599993,SP322,374,L28
-20.97419547999993,-48.30062866199995,SP322,375,L28
-20.97192001299993,-48.30884551999997,SP322,376,L28
-20.96887016299996,-48.31891250599995,SP322,377,L28
-20.96653175399996,-48.32839965799997,SP322,378,L28
-20.96407127399993,-48.33747100799996,SP322,379,L28
-20.96150207499994,-48.34666061399997,SP322,380,L28
-20.95896530199997,-48.35590743999995,SP322,381,L28
-20.95644950899998,-48.36510848999995,SP322,382,L28
-20.95388221699994,-48.37434387199993,SP322,383,L28
-20.95133399999997,-48.38356780999993,SP322,384,L28
-20.94878005999993,-48.39297103899998,SP322,385,L28
-20.94625472999996,-48.40201950099998,SP322,386,L28
-20.94370841999995,-48.41124343899997,SP322,387,L28
-20.94118499799998,-48.42045974699995,SP322,388,L28
-20.93860053999998,-48.42983245799996,SP322,389,L28
-20.93606185899995,-48.43909454299995,SP322,390,L28
-21.163885,-47.898868,SP328,323,L28
-21.16115188599997,-47.89678955099999,SP328,324,L28
-21.15381622299998,-47.89033126799996,SP328,325,L28
-21.14945030199993,-47.88292694099993,SP328,326,L28
-21.14467811599997,-47.87473678599997,SP328,327,L28
-21.13795471199995,-47.86382293699995,SP328,328,L28
-21.13337135299997,-47.85543060299995,SP328,329,L28
-21.12831878699996,-47.84737396199995,SP328,330,L28
-21.12349891699995,-47.83909225499998,SP328,331,L28
-21.11933135999993,-47.83198547399996,SP328,332,L28
-21.11408233599997,-47.82242965699993,SP328,333,L28
-21.10965728799994,-47.81488418599998,SP328,334,L28
-21.10461616499998,-47.80628585799997,SP328,335,L28
-21.09957122799995,-47.79878234899997,SP328,336,L28
-21.09264545399998,-47.79429105499997,SP328,337,L28
-20.044152,-47.778963,SP328,468,L28
-20.04359435999993,-47.77865982099996,SP328,469,L28
-20.03738784799998,-47.77615356399997,SP328,470,L28
-20.02842330899995,-47.77497482299998,SP328,471,L28
-20.01946449299993,-47.77350234999995,SP328,472,L28
-20.01056098899994,-47.77233123799994,SP328,473,L28
-20.00111579899993,-47.77037429799998,SP328,474,L28
-19.99287986799993,-47.76649093599997,SP328,475,L28
-19.984279,-47.766236,SP328,476,L28
-21.11677932699996,-47.77706146199995,SP330,318,L28
-21.10940933199993,-47.78231048599997,SP330,319,L28
-21.10198783899995,-47.78772354099993,SP330,320,L28
-21.09438896199998,-47.79317474399994,SP330,321,L28
-21.08741378799994,-47.79814147899998,SP330,322,L28
-21.08011627199994,-47.80341720599994,SP330,323,L28
-21.07308196999998,-47.80912017799995,SP330,324,L28
-21.06682968099994,-47.81425094599996,SP330,325,L28
-21.05900192299998,-47.82035446199995,SP330,326,L28
-21.05002593999995,-47.82567596399996,SP330,327,L28
-21.04183578499993,-47.82935333299998,SP330,328,L28
-21.03352546699995,-47.83352661099997,SP330,329,L28
-21.02533912699994,-47.83764266999998,SP330,330,L28
-21.01703643799993,-47.84181213399994,SP330,331,L28
-21.00918579099994,-47.84574890099998,SP330,332,L28
-21.00025939899996,-47.85019683799994,SP330,333,L28
-20.99294471699994,-47.85387420699993,SP330,334,L28
-20.98483848599994,-47.85796356199995,SP330,335,L28
-20.97670364399994,-47.86204147299998,SP330,336,L28
-20.96865463299997,-47.86608505199997,SP330,337,L28
-20.96071433999998,-47.87005996699996,SP330,338,L28
-20.95257568399995,-47.87414169299996,SP330,339,L28
-20.94412612899998,-47.87836456299993,SP330,340,L28
-20.93580818199996,-47.88140487699997,SP330,341,L28
-20.92739677399993,-47.88395690899995,SP330,342,L28
-20.91851043699995,-47.88665008499999,SP330,343,L28
-20.90987396199995,-47.88927078199998,SP330,344,L28
-20.90140342699993,-47.89182281499996,SP330,345,L28
-20.89249801599993,-47.89453506499996,SP330,346,L28
-20.88381195099993,-47.89714050299995,SP330,347,L28
-20.87484550499994,-47.89730453499993,SP330,348,L28
-20.86582565299994,-47.89656448399995,SP330,349,L28
-20.85397529599993,-47.89558029199997,SP330,350,L28
-20.84772491499996,-47.89503097499993,SP330,351,L28
-20.83862876899997,-47.89433288599997,SP330,352,L28
-20.82961082499997,-47.89358901999998,SP330,353,L28
-20.82063484199995,-47.89285278299997,SP330,354,L28
-20.81154060399996,-47.89211273199992,SP330,355,L28
-20.80204772899998,-47.89130020099999,SP330,356,L28
-20.79345130899998,-47.89062499999994,SP330,357,L28
-20.78444290199997,-47.89049529999994,SP330,358,L28
-20.77537155199997,-47.89110946699998,SP330,359,L28
-20.76634406999995,-47.89171600299994,SP330,360,L28
-20.75731086699994,-47.89233779899996,SP330,361,L28
-20.74810790999993,-47.89300155599994,SP330,362,L28
-20.73918533299997,-47.89360809299995,SP330,363,L28
-20.73013114899993,-47.89360427899992,SP330,364,L28
-20.72078323399995,-47.89306259199998,SP330,365,L28
-20.71194648699998,-47.89254760699998,SP330,366,L28
-20.70284843399997,-47.89184570299994,SP330,367,L28
-20.69401359599993,-47.88954925499996,SP330,368,L28
-20.68504714999995,-47.88777160599993,SP330,369,L28
-20.67665672299995,-47.88536071799996,SP330,370,L28
-20.66742515599998,-47.88313293499993,SP330,371,L28
-20.65855979899993,-47.88099670399998,SP330,372,L28
-20.65074348399997,-47.88006591799996,SP330,373,L28
-20.64048767099996,-47.88095474199997,SP330,374,L28
-20.63144493099998,-47.88189697299998,SP330,375,L28
-20.62256050099995,-47.88283157299998,SP330,376,L28
-20.61352920499996,-47.88378524799999,SP330,377,L28
-20.60528945899995,-47.88389587399995,SP330,378,L28
-20.59637069699994,-47.88249206499995,SP330,379,L28
-20.58806419399997,-47.87912368799994,SP330,380,L28
-20.57995223999995,-47.87498092699997,SP330,381,L28
-20.57177925099995,-47.87081527699997,SP330,382,L28
-20.56363487199997,-47.86665344199997,SP330,383,L28
-20.55549621599994,-47.86249542199994,SP330,384,L28
-20.54790878299997,-47.85802078199998,SP330,385,L28
-20.54035377499997,-47.85234069799998,SP330,386,L28
-20.53302574199995,-47.84682464599996,SP330,387,L28
-20.52561569199997,-47.84128189099994,SP330,388,L28
-20.51805877699996,-47.83744430499996,SP330,389,L28
-20.50852394099996,-47.83709335299994,SP330,390,L28
-20.50026512099993,-47.84119796799996,SP330,391,L28
-20.49233245799996,-47.84375762899997,SP330,392,L28
-20.48276138299997,-47.84225845299994,SP330,393,L28
-20.47420883199993,-47.84026336699998,SP330,394,L28
-20.46515273999995,-47.83817291299994,SP330,395,L28
-20.45608901999998,-47.83607482899998,SP330,396,L28
-20.44683837899993,-47.83533477799995,SP330,397,L28
-20.43755912799998,-47.83530807499995,SP330,398,L28
-20.42881393399995,-47.83298110999993,SP330,399,L28
-20.42172431899996,-47.82997512799994,SP330,400,L28
-20.41312217699993,-47.82633209199997,SP330,401,L28
-20.40475463899998,-47.82278823899998,SP330,402,L28
-20.39589118999993,-47.81903076199995,SP330,403,L28
-20.38841056799993,-47.81584548999996,SP330,404,L28
-20.37940597499994,-47.81383895899995,SP330,405,L28
-20.37062263499996,-47.81455230699999,SP330,406,L28
-20.36172676099994,-47.81569290199997,SP330,407,L28
-20.35317230199996,-47.81467056299995,SP330,408,L28
-20.34529685999996,-47.81024932899993,SP330,409,L28
-20.33720397899998,-47.80601119999994,SP330,410,L28
-20.32836151099997,-47.80405044599996,SP330,411,L28
-20.31929397599998,-47.80255126999998,SP330,412,L28
-20.31012535099995,-47.80103683499993,SP330,413,L28
-20.30125427199994,-47.79956817599998,SP330,414,L28
-20.29239654499997,-47.79810333299997,SP330,415,L28
-20.28345298799996,-47.79719161999998,SP330,416,L28
-20.27539062499994,-47.79743575999998,SP330,417,L28
-20.26734352099993,-47.79864883399996,SP330,418,L28
-20.25963783299994,-47.79983901999998,SP330,419,L28
-20.25134086599996,-47.79919052099996,SP330,420,L28
-20.24351501499996,-47.79710388199993,SP330,421,L28
-20.23662185699993,-47.79265594499998,SP330,422,L28
-20.22798919699994,-47.79019927999997,SP330,423,L28
-20.21961975099998,-47.78887939499998,SP330,424,L28
-20.21027755699993,-47.78740692099996,SP330,425,L28
-20.20034408599997,-47.78584289599997,SP330,426,L28
-20.19249534599993,-47.78531646699997,SP330,427,L28
-20.18374633799993,-47.78613662699996,SP330,428,L28
-20.17457771299996,-47.78702926599993,SP330,429,L28
-20.16565704299995,-47.78789901699998,SP330,430,L28
-20.15685081499993,-47.78875350999994,SP330,431,L28
-20.14777374299996,-47.78938674899996,SP330,432,L28
-20.13882255599998,-47.78999710099998,SP330,433,L28
-20.12951087999994,-47.79062652599998,SP330,434,L28
-20.12055778499996,-47.79124069199997,SP330,435,L28
-20.11171531699995,-47.79094696,SP330,436,L28
-20.10248184199997,-47.78995895399999,SP330,437,L28
-20.09271049499995,-47.78931426999998,SP330,438,L28
-20.08420753499996,-47.78876113899997,SP330,439,L28
-20.07681465099995,-47.78829193099995,SP330,440,L28
-20.06705093399995,-47.78858947799995,SP330,441,L28
-20.05753707899993,-47.78779220599995,SP330,442,L28
-20.04988288899995,-47.78289031999997,SP330,443,L28
-20.04134941099994,-47.78048706099998,SP330,444,L28
-20.03248596199995,-47.78099822999998,SP330,445,L28
-20.02376747099993,-47.78229522699996,SP330,446,L28
-20.01502609299996,-47.78358840899995,SP330,447,L28
-20.00632858299997,-47.78483200099999,SP330,448,L28
-19.99755477899993,-47.78617477399996,SP330,449,L28
-19.98862838699995,-47.78748321499996,SP330,450,L28
-21.60424804687494,-49.11155319213861,SP333,213,L28
-21.60602760314936,-49.12091445922847,SP333,214,L28
-21.60784721374506,-49.13089370727539,SP333,215,L28
-21.60962104797363,-49.14033889770509,SP333,216,L28
-21.61112594604487,-49.14854812622066,SP333,217,L28
-21.61308670043945,-49.15894699096673,SP333,218,L28
-21.6148624420166,-49.16865921020508,SP333,219,L28
-21.61668586730957,-49.1784782409668,SP333,220,L28
-21.61838722229004,-49.18765258789057,SP333,221,L28
-21.62004089355469,-49.19656372070313,SP333,222,L28
-21.62158966064453,-49.20492172241205,SP333,223,L28
-21.62319564819336,-49.21360397338862,SP333,224,L28
-21.62540435791016,-49.22551345825191,SP333,225,L28
-21.62694549560541,-49.23378372192383,SP333,226,L28
-21.62875747680658,-49.24319839477539,SP333,227,L28
-21.63238525390619,-49.25193023681635,SP333,228,L28
-21.63722038269037,-49.26018524169922,SP333,229,L28
-21.64202690124512,-49.26832199096679,SP333,230,L28
-21.6468391418457,-49.27651596069335,SP333,231,L28
-21.65224838256825,-49.28569793701166,SP333,232,L28
-21.65687370300282,-49.29350280761719,SP333,233,L28
-21.66123771667475,-49.30203247070301,SP333,234,L28
-21.66428756713867,-49.31113052368164,SP333,235,L28
-21.66769409179682,-49.32005310058581,SP333,236,L28
-21.67348098754877,-49.32745361328125,SP333,237,L28
-21.67934608459467,-49.33425903320308,SP333,238,L28
-21.6851921081543,-49.34097290039063,SP333,239,L28
-21.69130706787109,-49.34813690185547,SP333,240,L28
-21.69743156433105,-49.35523986816401,SP333,241,L28
-21.70359230041498,-49.36235427856445,SP333,242,L28
-21.7097339630127,-49.36949920654297,SP333,243,L28
-21.71586418151855,-49.37661361694336,SP333,244,L28
-21.72202682495112,-49.38374328613276,SP333,245,L28
-21.72816276550293,-49.39087677001947,SP333,246,L28
-21.73429298400873,-49.39799118041992,SP333,247,L28
-21.74045181274408,-49.40513610839843,SP333,248,L28
-21.74649429321289,-49.41214752197259,SP333,249,L28
-21.75273132324213,-49.41938781738281,SP333,250,L28
-21.75886726379395,-49.42650985717773,SP333,251,L28
-21.76501846313477,-49.43365097045898,SP333,252,L28
-21.77117156982411,-49.44078063964838,SP333,253,L28
-21.77733993530268,-49.44794464111317,SP333,254,L28
-21.7834415435791,-49.45505523681641,SP333,255,L28
-21.78957557678223,-49.46218490600586,SP333,256,L28
-21.79572677612305,-49.4693374633789,SP333,257,L28
-21.80191040039063,-49.47651672363276,SP333,258,L28
-21.80802345275873,-49.48363113403321,SP333,259,L28
-21.81415557861322,-49.49075698852532,SP333,260,L28
-21.82030677795404,-49.49790954589838,SP333,261,L28
-21.82644462585449,-49.50504684448237,SP333,262,L28
-21.83259773254395,-49.51220703124994,SP333,263,L28
-21.83874130249023,-49.51932907104492,SP333,264,L28
-21.84486389160151,-49.52648162841797,SP333,265,L28
-21.85101509094233,-49.53363037109376,SP333,266,L28
-21.85717773437494,-49.54075622558594,SP333,267,L28
-21.86326599121088,-49.54788208007807,SP333,268,L28
-21.8694286346435,-49.55508041381836,SP333,269,L28
-21.87559127807612,-49.56221771240234,SP333,270,L28
-21.8813362121582,-49.56964111328125,SP333,271,L28
-21.88410568237305,-49.57886505126947,SP333,272,L28
-21.88670158386225,-49.58813476562489,SP333,273,L28
-21.8892993927002,-49.59754562377924,SP333,274,L28
-21.89211654663086,-49.60674285888673,SP333,275,L28
-21.89590835571283,-49.61557388305658,SP333,276,L28
-21.89973068237293,-49.62435150146479,SP333,277,L28
-21.90352249145502,-49.63315582275391,SP333,278,L28
-21.90735816955566,-49.64194488525392,SP333,279,L28
-21.91119575500483,-49.6507835388183,SP333,280,L28
-21.91500663757319,-49.65958786010742,SP333,281,L28
-21.91882896423334,-49.66843032836903,SP333,282,L28
-21.92242431640614,-49.67728805541987,SP333,283,L28
-21.9268074035644,-49.68562698364258,SP333,284,L28
-21.93406677246094,-49.6915397644043,SP333,285,L28
-21.94133567810053,-49.69733428955077,SP333,286,L28
-21.94858741760248,-49.70311355590814,SP333,287,L28
-21.95581817626953,-49.70885086059566,SP333,288,L28
-21.96308326721186,-49.7146606445312,SP333,289,L28
-21.97039031982416,-49.72048187255854,SP333,290,L28
-21.97764587402332,-49.72626113891603,SP333,291,L28
-21.98488807678223,-49.73203277587885,SP333,292,L28
-21.99214553833008,-49.73781585693359,SP333,293,L28
-21.99934196472157,-49.74365234374994,SP333,294,L28
-22.0044002532959,-49.75166702270502,SP333,295,L28
-22.00908851623535,-49.7599105834961,SP333,296,L28
-22.01385498046869,-49.76827621459955,SP333,297,L28
-22.0185375213623,-49.77651977539063,SP333,298,L28
-22.02318000793446,-49.78467941284174,SP333,299,L28
-22.02789497375488,-49.79295349121089,SP333,300,L28
-22.03028297424316,-49.80228424072266,SP333,301,L28
-22.0312328338623,-49.81172180175782,SP333,302,L28
-22.02590942382813,-49.81937026977533,SP333,303,L28
-22.02676391601563,-49.82827377319336,SP333,304,L28
-22.03165435791016,-49.83599090576161,SP333,305,L28
-22.03675079345697,-49.84359741210932,SP333,306,L28
-22.04204368591303,-49.8514518737793,SP333,307,L28
-22.04789924621582,-49.85835266113281,SP333,308,L28
-22.0558242797851,-49.86294937133783,SP333,309,L28
-22.06398010253906,-49.86768341064454,SP333,310,L28
-22.07162666320789,-49.87214279174805,SP333,311,L28
-22.07665252685547,-49.88020706176751,SP333,312,L28
-22.08089256286621,-49.88852691650385,SP333,313,L28
-22.08636474609364,-49.89968109130853,SP333,314,L28
-22.09058570861811,-49.90824890136712,SP333,315,L28
-22.09609031677246,-49.91558837890619,SP333,316,L28
-22.10382270812988,-49.92060470581054,SP333,317,L28
-22.11154556274414,-49.92561340332026,SP333,318,L28
-22.11921501159657,-49.93060684204101,SP333,319,L28
-22.12689971923828,-49.93551254272461,SP333,320,L28
-22.13225746154779,-49.94326019287104,SP333,321,L28
-22.13990783691406,-49.94819259643555,SP333,322,L28
-22.14608001708984,-49.951904296875,SP333,323,L28
-22.1537914276123,-49.95655822753907,SP333,324,L28
-22.16160583496082,-49.96129608154291,SP333,325,L28
-22.16921043395996,-49.96589279174805,SP333,326,L28
-22.17704963684082,-49.97060012817383,SP333,327,L28
-22.23763275146484,-49.97380828857422,SP333,334,L28
-22.24403190612787,-49.98015594482416,SP333,335,L28
-21.16368293799997,-47.98447799699994,SP333,335,L28
-22.25065040588379,-49.98670959472656,SP333,336,L28
-22.25804901123047,-49.99176025390625,SP333,337,L28
-22.26584815979004,-49.99658203124994,SP333,338,L28
-22.27373886108393,-50.00136947631836,SP333,339,L28
-22.28223037719721,-50.00472640991211,SP333,340,L28
-22.28872108459473,-50.01140213012695,SP333,341,L28
-22.2970790863036,-50.0138206481933,SP333,342,L28
-22.29916954040522,-50.02299499511714,SP333,343,L28
-22.29992294311523,-50.0325088500976,SP333,344,L28
-22.30155563354492,-50.04197311401361,SP333,345,L28
-22.30329513549799,-50.05108261108398,SP333,346,L28
-22.30391120910639,-50.05989837646479,SP333,347,L28
-22.30906105041498,-50.06795883178711,SP333,348,L28
-22.31406593322754,-50.07582855224604,SP333,349,L28
-22.31265258789057,-50.08585357666004,SP333,350,L28
-22.31432342529297,-50.09502792358398,SP333,351,L28
-22.32132530212402,-50.10091018676752,SP333,352,L28
-22.32814216613764,-50.10725021362305,SP333,353,L28
-22.3300838470459,-50.11629486083984,SP333,354,L28
-22.33213806152344,-50.12572860717772,SP333,355,L28
-22.33698654174793,-50.134033203125,SP333,356,L28
-22.33769416809076,-50.14352798461908,SP333,357,L28
-22.34406471252436,-50.14974975585925,SP333,358,L28
-22.35114097595209,-50.15665435791015,SP333,359,L28
-22.35739326477051,-50.16345214843744,SP333,360,L28
-22.36178779602051,-50.17169570922852,SP333,361,L28
-22.36636734008789,-50.18027877807618,SP333,362,L28
-22.37252616882324,-50.18705749511719,SP333,363,L28
-22.38009643554676,-50.1915283203125,SP333,364,L28
-22.38753890991211,-50.19651794433594,SP333,365,L28
-22.3960018157959,-50.19770812988276,SP333,366,L28
-22.40358924865717,-50.20272064208985,SP333,367,L28
-22.41236686706537,-50.20530319213867,SP333,368,L28
-22.42104721069336,-50.20746231079102,SP333,369,L28
-22.4299583435058,-50.20955276489258,SP333,370,L28
-22.4387075549431,-50.21371562928483,SP333,371,L28
-22.4464282989502,-50.21593475341785,SP333,372,L28
-22.45516204833984,-50.2181892395019,SP333,373,L28
-22.46215438842773,-50.22505950927729,SP333,374,L28
-22.46831512451172,-50.23129653930663,SP333,375,L28
-22.47499084472656,-50.23805236816401,SP333,376,L28
-22.48155784606934,-50.24467086791992,SP333,377,L28
-22.48825073242188,-50.2514533996582,SP333,378,L28
-22.49405670166004,-50.25735092163086,SP333,379,L28
-22.50129508972168,-50.26468658447266,SP333,380,L28
-22.50790405273438,-50.27137756347656,SP333,381,L28
-22.51445579528809,-50.27798080444336,SP333,382,L28
-22.5212230682373,-50.28486633300776,SP333,383,L28
-22.52779579162598,-50.29152297973633,SP333,384,L28
-22.53428077697754,-50.29809188842772,SP333,385,L28
-22.54088973999024,-50.30479049682612,SP333,386,L28
-22.54722404479969,-50.31121444702148,SP333,387,L28
-22.55360412597656,-50.31768035888666,SP333,388,L28
-22.5604419708252,-50.32461547851563,SP333,389,L28
-22.56701660156238,-50.33128356933594,SP333,390,L28
-22.57357215881348,-50.33790588378901,SP333,391,L28
-22.58026313781739,-50.34469604492188,SP333,392,L28
-22.58675384521473,-50.35129547119142,SP333,393,L28
-22.59344482421875,-50.35808944702149,SP333,394,L28
-22.59987068176258,-50.36462783813477,SP333,395,L28
-22.60636520385737,-50.37122344970703,SP333,396,L28
-22.6129035949707,-50.37786102294916,SP333,397,L28
-22.61942863464355,-50.38448715209961,SP333,398,L28
-22.62596893310547,-50.39112091064446,SP333,399,L28
-22.63263130187988,-50.39787292480464,SP333,400,L28
-22.639168,-50.435663,SP333,404,L28
-22.64204025268549,-50.43935012817377,SP333,405,L28
-22.641976,-50.439443,SP333,405,L28
-22.64766120910645,-50.44695663452148,SP333,406,L28
-22.65328788757324,-50.45450973510737,SP333,407,L28
-22.65914726257324,-50.46247482299805,SP333,408,L28
-22.66473770141596,-50.47003173828125,SP333,409,L28
-22.67041206359858,-50.47771835327136,SP333,410,L28
-22.67607688903809,-50.48537063598632,SP333,411,L28
-22.68164062499994,-50.4929695129394,SP333,412,L28
-22.687349319458,-50.50067520141596,SP333,413,L28
-22.69294357299804,-50.50826263427734,SP333,414,L28
-22.6985034942627,-50.51576232910151,SP333,415,L28
-22.70424461364746,-50.52354049682616,SP333,416,L28
-22.71006202697754,-50.53141784667969,SP333,417,L28
-22.71525764465326,-50.53842544555664,SP333,418,L28
-22.72133064270014,-50.546630859375,SP333,419,L28
-22.72688674926758,-50.55417251586908,SP333,420,L28
-22.73223876953125,-50.5614280700683,SP333,421,L28
-22.73805046081537,-50.56929397583009,SP333,422,L28
-22.74387359619141,-50.57710647583008,SP333,423,L28
-22.74948692321772,-50.58468627929683,SP333,424,L28
-22.75534057617182,-50.59254837036132,SP333,425,L28
-22.76073455810547,-50.59992980957031,SP333,426,L28
-22.76639747619629,-50.60747146606445,SP333,427,L28
-22.77192497253418,-50.61514282226551,SP333,428,L28
-22.77752685546875,-50.62275314331049,SP333,429,L28
-22.78334236145014,-50.63063812255859,SP333,430,L28
-22.7888126373291,-50.6380615234375,SP333,431,L28
-22.79439926147461,-50.64559173583984,SP333,432,L28
-22.79998588562012,-50.65319442749012,SP333,433,L28
-22.80558776855463,-50.6608161926269,SP333,434,L28
-22.81118774414062,-50.66842651367183,SP333,435,L28
-22.81678199768066,-50.676025390625,SP333,436,L28
-22.8223934173584,-50.68365859985352,SP333,437,L28
-22.82817268371576,-50.69153594970692,SP333,438,L28
-22.8336563110351,-50.69881820678711,SP333,439,L28
-22.83915710449213,-50.70646286010742,SP333,440,L28
-22.844777,-50.714123,SP333,441,L28
-22.85059,-50.721232,SP333,442,L28
-22.862616,-50.735926,SP333,444,L28
-22.86871719360351,-50.74313735961914,SP333,445,L28
-22.8750171661377,-50.74993133544921,SP333,446,L28
-22.88196563720703,-50.75570297241205,SP333,447,L28
-22.8891525268554,-50.76166915893555,SP333,448,L28
-22.89893913269031,-50.77384567260742,SP333,449,L28
-22.90336608886713,-50.78208160400391,SP333,450,L28
-22.902557,-50.792021,SP333,451,L28
-20.84372044849886,-48.25952062899093,SP351,129,L28
-20.84630966199995,-48.26859664899996,SP351,130,L28
-20.8488365985781,-48.27770713268439,SP351,131,L28
-20.85154724099993,-48.28739547699996,SP351,132,L28
-20.85409927399996,-48.29698944099993,SP351,133,L28
-20.85824775699996,-48.30536651599994,SP351,134,L28
-20.86262321499993,-48.31387710599995,SP351,135,L28
-20.86721801799996,-48.32219695999999,SP351,136,L28
-20.87157630899998,-48.33064651499996,SP351,137,L28
-20.87610816999995,-48.33884811399997,SP351,138,L28
-20.88003730799994,-48.34650421099997,SP351,139,L28
-20.88436311539573,-48.35445131696932,SP351,140,L28
-20.88870239299996,-48.36276626599994,SP351,141,L28
-20.89325141899997,-48.37099075299994,SP351,142,L28
-20.89722442599998,-48.37875747699997,SP351,143,L28
-20.90192985499993,-48.38728713999996,SP351,144,L28
-20.90632820099995,-48.39583206199995,SP351,145,L28
-20.91089248699996,-48.40410613999996,SP351,146,L28
-20.91535377499997,-48.41276931799995,SP351,147,L28
-20.92020416299994,-48.42128372199994,SP351,148,L28
-20.92623710599997,-48.42855453499993,SP351,149,L28
-20.93293189999997,-48.43579101599994,SP351,150,L28
-20.868452,-48.305355,SPA135/351,0,L28
-20.86845207199997,-48.30535507199994,SPA135/351,1,L28
-21.72653770446777,-49.37502670288086,SPA245/333,1,L28
-21.7321891784668,-49.36749267578126,SPA245/333,2,L28
-21.726538,-49.375027,SPA245/333,3,L28
-21.73878669738764,-49.35095977783203,SPA245/333,4,L28
-21.74024772644043,-49.34159851074213,SPA245/333,5,L28
-21.74689483642578,-49.3350257873534,SPA245/333,6,L28
-21.75359344482416,-49.32854080200184,SPA245/333,7,L28
-21.7586612701416,-49.320556640625,SPA245/333,8,L28
-21.76344108581543,-49.3123664855957,SPA245/333,9,L28
-21.76823425292969,-49.30416107177734,SPA245/333,10,L28
-21.77366065979004,-49.29646682739252,SPA245/333,11,L28
-21.78048324584955,-49.29026031494141,SPA245/333,12,L28
-21.78858757019043,-49.28644561767578,SPA245/333,13,L28
-21.19725227399994,-47.87606430099998,SPA321/322,0,L28
-21.19196128799996,-47.86788177499994,SPA321/322,1,L28
-21.18651199299995,-47.86278915399997,SPA321/322,2,L28
-21.17978858899994,-47.85638427699997,SPA321/322,3,L28
-21.177271,-47.853647,SPA321/322,4,L28
-21.166401,-47.894374,SPA325/322,0,L28
-21.16607665999993,-47.88998031599994,SPA325/322,1,L28
-21.16575813299994,-47.88030242899998,SPA325/322,2,L28
-21.16725349399997,-47.87094497699997,SPA325/322,3,L28
-21.17134666399994,-47.86240768399994,SPA325/322,4,L28
-21.17575454699994,-47.85403823899998,SPA325/322,5,L28
-21.17703246999997,-47.84456252999995,SPA325/322,6,L28
-21.17848968499993,-47.83526992799995,SPA325/322,7,L28
-21.17811202999997,-47.82568740799995,SPA325/322,8,L28
-21.048972,-47.822903,SPA327/330,0,L28
-21.04601287799994,-47.81669998199994,SPA327/330,1,L28
-21.046013,-47.8167,SPA327/330,1,L28
-21.04200363199993,-47.80809783899997,SPA327/330,2,L28
-21.03704833999996,-47.79745483399995,SPA327/330,3,L28
-21.03249931299996,-47.78768539399995,SPA327/330,4,L28
-21.028751,-47.779222,SPA327/330,5,L28
-21.027898,-47.777482,SPA327/330,6,L28
-21.11479377699993,-48.04371643099994,SPA343/322,0,L28
-21.10654449499998,-48.04494476299993,SPA343/322,1,L28
-21.09790611299996,-48.04718780499997,SPA343/322,2,L28
-21.08917808499996,-48.04957199099994,SPA343/322,3,L28
-21.08021163899997,-48.05075454699994,SPA343/322,4,L28
-21.07160377499997,-48.04826736499995,SPA343/322,5,L28
-21.06307411199998,-48.04506301899994,SPA343/322,6,L28
-21.05440139799998,-48.04272079499998,SPA343/322,7,L28
-21.04621505699993,-48.04203414899996,SPA343/322,8,L28
-21.03788948099998,-48.04055404699994,SPA343/322,9,L28
-20.80163,-47.888749,SPA355/330,0,L28
-20.79794883699998,-47.88343048099995,SPA355/330,1,L28
-20.79179763799993,-47.87643814099994,SPA355/330,2,L28
-20.78573417699994,-47.86972045899995,SPA355/330,3,L28
-20.78382492099996,-47.86064147899998,SPA355/330,4,L28
-20.78154373199993,-47.85102844199996,SPA355/330,5,L28
-20.78005981399997,-47.84188842799995,SPA355/330,6,L28
-20.97095489499998,-48.31811904899996,SPA375/322,0,L28
-20.97819518999995,-48.31970214799998,SPA375/322,1,L28
-20.98692321799996,-48.32190704299995,SPA375/322,2,L28
-20.99374771099997,-48.32527923599997,SPA375/322,3,L28
-22.669481,-50.471526,SPA409/333,0,L28
-22.67108090975506,-50.46532890112252,SPA409/333,1,L28
-22.671081,-50.465329,SPA409/333,1,L28
-22.67358777699138,-50.45612742760312,SPA409/333,2,L28
-22.67465131830443,-50.44667468974097,SPA409/333,3,L28
-20.045203,-47.778343,SPA468/328,0,L28
-20.04479598999995,-47.77031707799995,SPA468/328,1,L28
-20.04289817799997,-47.76203918499994,SPA468/328,2,L28
-20.037722,-47.775262,SPA470/328,0,L28
-20.03996849099997,-47.77163696299993,SPA470/328,1,L28
-22.81381416320801,-50.7867317199707,SPA502/266,1,L28
-23.64170524499999,-49.28696114,SP249,144,L29
-23.63313069,-49.28327048,SP249,145,L29
-23.6251675,-49.27896575,SP249,146,L29
-23.6169129,-49.27403683,SP249,147,L29
-23.60926679,-49.269434265,SP249,148,L29
-23.6002555,-49.26834871,SP249,149,L29
-23.59172739,-49.26562594000001,SP249,150,L29
-23.58417464,-49.26066537,SP249,151,L29
-23.57720664,-49.25426949,SP249,152,L29
-23.56862002,-49.251732475,SP249,153,L29
-23.56006777,-49.249942875,SP249,154,L29
-23.55119466,-49.248838265,SP249,155,L29
-23.541846615,-49.249737815,SP249,156,L29
-23.532838465,-49.25036855999999,SP249,157,L29
-21.223944895,-47.77699856,SP255,3,L29
-21.232246345,-47.780627665,SP255,4,L29
-21.240723925,-47.784331085,SP255,5,L29
-21.24903923,-47.78799028500001,SP255,6,L29
-21.257392465,-47.79168706999998,SP255,7,L29
-21.26582794,-47.795366705,SP255,8,L29
-21.2736649,-47.79997182500001,SP255,9,L29
-21.28075236,-47.806257485,SP255,10,L29
-21.28895412,-47.81076659499999,SP255,11,L29
-21.297027815,-47.814936625,SP255,12,L29
-21.305108095,-47.81913669,SP255,13,L29
-21.313304115,-47.82338101,SP255,14,L29
-21.321541975,-47.82733797999999,SP255,15,L29
-21.329785885,-47.83139353999999,SP255,16,L29
-21.337909905,-47.83532731,SP255,17,L29
-21.345920125,-47.839234515,SP255,18,L29
-21.35436137,-47.84339392,SP255,19,L29
-21.36253597,-47.84738457,SP255,20,L29
-21.3707498,-47.85138808500001,SP255,21,L29
-21.378973545,-47.85540234500001,SP255,22,L29
-21.38716113,-47.859423305,SP255,23,L29
-21.3953796,-47.86345559999999,SP255,24,L29
-21.40359999,-47.86745589,SP255,25,L29
-21.411807335,-47.871479275,SP255,26,L29
-21.420203985,-47.875579875,SP255,27,L29
-21.428298615,-47.87959411,SP255,28,L29
-21.43656339,-47.88380058999999,SP255,29,L29
-21.445134585,-47.88779439,SP255,30,L29
-21.45282702,-47.89158322,SP255,31,L29
-21.4610627,-47.89557718,SP255,32,L29
-21.46927374,-47.89962656999999,SP255,33,L29
-21.47747555,-47.90364148,SP255,34,L29
-21.485694615,-47.907653615,SP255,35,L29
-21.49389971,-47.911686615,SP255,36,L29
-21.502520845,-47.915877755,SP255,37,L29
-21.51032238,-47.919693915,SP255,38,L29
-21.518742455,-47.92388626,SP255,39,L29
-21.52672282,-47.92778184500001,SP255,40,L29
-21.53474641,-47.9317016,SP255,41,L29
-21.54312554,-47.93580826,SP255,42,L29
-21.5513282,-47.939828215,SP255,43,L29
-21.559583525,-47.943862415,SP255,44,L29
-21.567966095,-47.94731074000001,SP255,45,L29
-21.576626795,-47.95001846,SP255,46,L29
-21.58545869,-47.952002155,SP255,47,L29
-21.59425013,-47.95413303,SP255,48,L29
-21.60307904,-47.95634728,SP255,49,L29
-21.611641815,-47.95927653,SP255,50,L29
-21.61991846,-47.96307292,SP255,51,L29
-21.628289435,-47.96691077999999,SP255,52,L29
-21.636052015,-47.97190816,SP255,53,L29
-21.643265945,-47.97761320999999,SP255,54,L29
-21.650511495,-47.98347575,SP255,55,L29
-21.657672705,-47.98931723500001,SP255,56,L29
-21.66485627,-47.99509902500001,SP255,57,L29
-21.67206118,-48.00097798,SP255,58,L29
-21.679260215,-48.00677715,SP255,59,L29
-21.68683222,-48.01292717999999,SP255,60,L29
-21.69370479,-48.01844107,SP255,61,L29
-21.70088968,-48.024272465,SP255,62,L29
-21.708075865,-48.030122145,SP255,63,L29
-21.71439678,-48.035243085,SP255,64,L29
-21.722505905,-48.04178101,SP255,65,L29
-21.72994881,-48.047846295,SP255,66,L29
-21.736760415,-48.05340306499999,SP255,67,L29
-21.74403056,-48.05929109999999,SP255,68,L29
-21.75089681,-48.06524511,SP255,69,L29
-21.757367045,-48.072250055,SP255,70,L29
-21.762140515,-48.07895644,SP255,71,L29
-21.767610975,-48.08815829,SP255,72,L29
-21.772478525,-48.096500905,SP255,73,L29
-21.77717179,-48.10447411,SP255,74,L29
-21.781979775,-48.11273960499999,SP255,75,L29
-21.786065135,-48.119708775,SP255,76,L29
-21.79156645,-48.12909861,SP255,77,L29
-21.795700655,-48.13602533,SP255,78,L29
-21.80054875,-48.14422713,SP255,79,L29
-21.806682015,-48.15130039500001,SP255,80,L29
-21.812811615,-48.158054925,SP255,81,L29
-21.81470521,-48.167450505,SP255,82,L29
-21.817001665,-48.176704395,SP255,83,L29
-21.817412225,-48.18710841499999,SP255,84,L29
-21.81704103,-48.19679336,SP255,85,L29
-21.817287925,-48.20645729,SP255,86,L29
-21.822117855,-48.21453329000001,SP255,87,L29
-21.82747566,-48.222306295,SP255,88,L29
-21.832860365,-48.230135215,SP255,89,L29
-21.838252255,-48.23793585,SP255,90,L29
-21.84363381,-48.245750415,SP255,91,L29
-21.84899328,-48.25350104000001,SP255,92,L29
-21.85436805,-48.261277965,SP255,93,L29
-21.85978304,-48.269087,SP255,94,L29
-21.86645777,-48.27590586499999,SP255,95,L29
-21.873490835,-48.281619495,SP255,96,L29
-21.880698085,-48.287462745,SP255,97,L29
-21.887928295,-48.2933764,SP255,98,L29
-21.89513501,-48.29915727500001,SP255,99,L29
-21.902378215,-48.304999915,SP255,100,L29
-21.909498185,-48.310847,SP255,101,L29
-21.91676669,-48.31678178,SP255,102,L29
-21.92395689,-48.32261805,SP255,103,L29
-21.93118808,-48.32849516,SP255,104,L29
-21.938408855,-48.33433428,SP255,105,L29
-21.94557922,-48.34020542000001,SP255,106,L29
-21.95280173,-48.34601281000001,SP255,107,L29
-21.96002312,-48.35190664000001,SP255,108,L29
-21.967269605,-48.35780036999999,SP255,109,L29
-21.97452234,-48.36366914,SP255,110,L29
-21.98166136,-48.36956035999999,SP255,111,L29
-21.989005765,-48.37554367,SP255,112,L29
-21.995978515,-48.380779995,SP255,113,L29
-22.00335834,-48.386043755,SP255,114,L29
-22.010730195,-48.39134615499999,SP255,115,L29
-22.018138115,-48.39661388,SP255,116,L29
-22.025465475,-48.401941915,SP255,117,L29
-22.033203485,-48.40740089499999,SP255,118,L29
-22.041118315,-48.413070695,SP255,119,L29
-22.0478197,-48.41790352,SP255,120,L29
-22.05524961,-48.42314328499999,SP255,121,L29
-22.062637275,-48.428433515,SP255,122,L29
-22.070005445,-48.43377084,SP255,123,L29
-22.077911095,-48.43937537,SP255,124,L29
-22.085047365,-48.444516865,SP255,125,L29
-22.092447085,-48.44996463,SP255,126,L29
-22.10008074,-48.45507659,SP255,127,L29
-22.108968655,-48.455523145,SP255,128,L29
-22.11801196,-48.455850465,SP255,129,L29
-22.12668337,-48.458463345,SP255,130,L29
-22.135369785,-48.461105225,SP255,131,L29
-22.143556735,-48.46507367,SP255,132,L29
-22.15197264,-48.470778415,SP255,133,L29
-22.15872895,-48.475199955,SP255,134,L29
-22.167223245,-48.478547365,SP255,135,L29
-22.17437359,-48.48453224999999,SP255,136,L29
-22.18124286,-48.490791125,SP255,137,L29
-22.185864515,-48.499193075,SP255,138,L29
-22.192283065,-48.50544087999999,SP255,139,L29
-22.2000459,-48.510362855,SP255,140,L29
-22.207696995,-48.515281655,SP255,141,L29
-22.21479167,-48.51978495,SP255,142,L29
-22.22313828,-48.52506446,SP255,143,L29
-22.230644465,-48.53031911,SP255,144,L29
-22.23716167,-48.536815945,SP255,145,L29
-22.244753575,-48.542229335,SP255,146,L29
-22.25225252,-48.54759395,SP255,147,L29
-22.27459,-48.563601,SP255,150,L29
-22.304031,-48.575558,SP255,154,L29
-22.313271,-48.574192,SP255,155,L29
-22.322001,-48.572929,SP255,156,L29
-22.33136378,-48.57214224499999,SP255,157,L29
-22.34013065,-48.572280985,SP255,158,L29
-22.349261125,-48.57240674,SP255,159,L29
-22.35852671,-48.57229905000001,SP255,160,L29
-22.36583077,-48.571127115,SP255,161,L29
-22.375970975,-48.56947427,SP255,162,L29
-22.385216885,-48.56798995,SP255,163,L29
-22.39425997,-48.56647321,SP255,164,L29
-22.403167655,-48.56500948500001,SP255,165,L29
-22.41203955,-48.563528365,SP255,166,L29
-22.421117535,-48.56332590000001,SP255,167,L29
-22.43013989,-48.563436985,SP255,168,L29
-22.43925057,-48.5635562,SP255,169,L29
-22.44756975,-48.563650555,SP255,170,L29
-22.456400905,-48.561489485,SP255,171,L29
-22.463150815,-48.55663857999999,SP255,172,L29
-22.47143008,-48.551917245,SP255,173,L29
-22.478018435,-48.545693325,SP255,174,L29
-22.48613889,-48.54262778,SP255,175,L29
-22.494465075,-48.539404105,SP255,176,L29
-22.50267435,-48.54304414999999,SP255,177,L29
-22.50994896,-48.54835521499999,SP255,178,L29
-22.517493175,-48.553883935,SP255,179,L29
-22.52580634,-48.554221025,SP255,180,L29
-22.53494176,-48.554186485,SP255,181,L29
-22.54337141,-48.556975775,SP255,182,L29
-22.551973555,-48.55981793,SP255,183,L29
-22.56146821,-48.562951875,SP255,184,L29
-22.570895265,-48.56375614,SP255,185,L29
-22.57939012,-48.56361045,SP255,186,L29
-22.588419075,-48.56346090000001,SP255,187,L29
-22.59742421,-48.56333728,SP255,188,L29
-22.6064595,-48.563194185,SP255,189,L29
-22.61546659,-48.56304304500001,SP255,190,L29
-22.624445355,-48.56369997,SP255,191,L29
-22.632945685,-48.56701616000001,SP255,192,L29
-22.64177757,-48.57046544000001,SP255,193,L29
-22.649875585,-48.573666875,SP255,194,L29
-22.658346835,-48.57699563,SP255,195,L29
-22.666849265,-48.58032175499999,SP255,196,L29
-22.675274685,-48.58365608,SP255,197,L29
-22.683745865,-48.5869977,SP255,198,L29
-22.692423775,-48.58899501,SP255,199,L29
-22.7014497,-48.588419,SP255,200,L29
-22.71050186,-48.58850447000001,SP255,201,L29
-22.71906763499999,-48.59169321000001,SP255,202,L29
-22.727424905,-48.59537249500001,SP255,203,L29
-22.734762605,-48.60115502999999,SP255,204,L29
-22.74195889,-48.606819485,SP255,205,L29
-22.74902329,-48.61287529000001,SP255,206,L29
-22.754368105,-48.620648075,SP255,207,L29
-22.759617335,-48.62851655,SP255,208,L29
-22.76583512,-48.635658815,SP255,209,L29
-22.77283469,-48.64192375,SP255,210,L29
-22.779973645,-48.64605308,SP255,211,L29
-22.787505245,-48.65033530000001,SP255,212,L29
-22.794064385,-48.657676145,SP255,213,L29
-22.80034447,-48.66471906,SP255,214,L29
-22.806605005,-48.67173021999999,SP255,215,L29
-22.812875145,-48.67872209,SP255,216,L29
-22.81906622,-48.68613992500001,SP255,217,L29
-22.824979145,-48.69396784,SP255,218,L29
-22.830247695,-48.70093863,SP255,219,L29
-22.83624126,-48.70882944,SP255,220,L29
-22.84196528,-48.71632462499999,SP255,221,L29
-22.84785929,-48.724029525,SP255,222,L29
-22.85362732,-48.73162278,SP255,223,L29
-22.860306645,-48.73803035999999,SP255,224,L29
-22.867516425,-48.743850525,SP255,225,L29
-22.87271826,-48.75165363,SP255,226,L29
-22.880225775,-48.75687114999998,SP255,227,L29
-22.888555185,-48.76053398000001,SP255,228,L29
-22.896756985,-48.76395223,SP255,229,L29
-22.90509377,-48.768267135,SP255,230,L29
-22.91179911,-48.77485439,SP255,231,L29
-22.91839695,-48.781389105,SP255,232,L29
-22.925102585,-48.78799884,SP255,233,L29
-22.93307482,-48.792022995,SP255,234,L29
-22.9421658,-48.79422453,SP255,235,L29
-22.949836335,-48.79883728,SP255,236,L29
-22.957292415,-48.80392022499999,SP255,237,L29
-23.334559375,-49.071760445,SP255,289,L29
-23.343195335,-49.07554446999999,SP255,290,L29
-23.3517098,-49.078449875,SP255,291,L29
-23.36013127,-49.08173182000001,SP255,292,L29
-23.368862225,-49.08410766,SP255,293,L29
-23.375942295,-49.08976597000001,SP255,294,L29
-23.38328045,-49.0945372,SP255,295,L29
-23.39227091,-49.09348667,SP255,296,L29
-23.40120907499999,-49.092423055,SP255,297,L29
-23.41027152,-49.091723235,SP255,298,L29
-23.418103395,-49.09592303,SP255,299,L29
-23.425609245,-49.10146049,SP255,300,L29
-23.43352302,-49.106265185,SP255,301,L29
-23.442352355,-49.108065785,SP255,302,L29
-23.450805425,-49.113049985,SP255,303,L29
-23.455980075,-49.119719975,SP255,304,L29
-23.46108405,-49.12632002,SP255,305,L29
-23.467819545,-49.135185005,SP255,306,L29
-23.47328713,-49.14224425499998,SP255,307,L29
-23.479085585,-49.14974071,SP255,308,L29
-23.48027451,-49.15954579,SP255,309,L29
-23.478372085,-49.16832123,SP255,310,L29
-23.478557275,-49.17807910000001,SP255,311,L29
-23.47949866,-49.18774155,SP255,312,L29
-23.48401119,-49.1962115,SP255,313,L29
-23.48922936,-49.20410861500001,SP255,314,L29
-23.495903015,-49.21061657,SP255,315,L29
-23.50327804,-49.215723925,SP255,316,L29
-23.509808545,-49.22211944499999,SP255,317,L29
-23.515972025,-49.22885635,SP255,318,L29
-23.52088282,-49.236996855,SP255,319,L29
-23.52559232500001,-49.24495124000001,SP255,320,L29
-23.53444,-49.250541,SP255,321,L29
-23.542681,-49.249664,SP255,322,L29
-23.55163,-49.248974,SP255,323,L29
-23.560344,-49.249936,SP255,324,L29
-23.569299,-49.251863,SP255,325,L29
-23.577955,-49.254856,SP255,326,L29
-23.584771,-49.26119,SP255,327,L29
-23.592619,-49.266104,SP255,328,L29
-23.601305,-49.268403,SP255,329,L29
-23.609903,-49.269785,SP255,330,L29
-23.617839,-49.274507,SP255,331,L29
-23.625711,-49.279295,SP255,332,L29
-23.633809,-49.283543,SP255,333,L29
-23.642485,-49.287408,SP255,334,L29
-23.644860125,-49.29524219,SP255,335,L29
-23.64486,-49.295242,SP255,335,L29
-23.642479065,-49.30465594499999,SP255,336,L29
-23.639488155,-49.31385435999999,SP255,337,L29
-23.642741835,-49.32275180499999,SP255,338,L29
-23.64721091,-49.33131027,SP255,339,L29
-23.65155014,-49.339455575,SP255,340,L29
-23.65810405,-49.346550985,SP255,341,L29
-23.66538342,-49.35235387000001,SP255,342,L29
-23.67318694,-49.35695513500001,SP255,343,L29
-23.68047352,-49.36239751000001,SP255,344,L29
-23.686278745,-49.36990548000001,SP255,345,L29
-23.691367005,-49.37788196,SP255,346,L29
-23.698024345,-49.383857785,SP255,347,L29
-23.70114291,-49.39343531,SP255,348,L29
-23.703628675,-49.402658905,SP255,349,L29
-23.704767485,-49.41226313999999,SP255,350,L29
-23.70198108,-49.42152384000001,SP255,351,L29
-23.70089227,-49.431111555,SP255,352,L29
-23.702674945,-49.440699665,SP255,353,L29
-23.703096505,-49.45051309999998,SP255,354,L29
-23.70344744500001,-49.4602854,SP255,355,L29
-23.70597686,-49.46938884,SP255,356,L29
-23.710006,-49.475502825,SP255,357,L29
-21.753228,-48.072808,SP257,0,L29
-21.750905545,-48.07765831,SP257,1,L29
-21.750906,-48.077658,SP257,1,L29
-21.74647692,-48.085996675,SP257,2,L29
-21.74054740666667,-48.09333615999999,SP257,3,L29
-21.734371345,-48.09997778499999,SP257,4,L29
-21.725697125,-48.10108010500001,SP257,5,L29
-21.71736760333333,-48.0976428,SP257,6,L29
-21.71044815,-48.09143869499998,SP257,7,L29
-21.70359270333333,-48.08521871666667,SP257,8,L29
-21.696537305,-48.079623315,SP257,9,L29
-21.686906182,-48.08019629000001,SP257,10,L29
-21.682030555,-48.07496606,SP257,11,L29
-21.67562521666666,-48.06823832999999,SP257,12,L29
-21.66816389,-48.062732925,SP257,13,L29
-21.66037849,-48.058376275,SP257,14,L29
-21.652248615,-48.053796955,SP257,15,L29
-21.644481085,-48.04945118,SP257,16,L29
-21.63645792,-48.04495878,SP257,17,L29
-21.62823368,-48.040327185,SP257,18,L29
-21.62033417333333,-48.03588417666666,SP257,19,L29
-21.614512,-48.032617,SP257,20,L29
-23.809609,-49.41155,SP281,43,L29
-23.806891135,-49.41402419000001,SP281,44,L29
-23.799381025,-49.41926665999999,SP281,45,L29
-23.79150816,-49.42396647,SP281,46,L29
-23.78244609,-49.42742929000001,SP281,47,L29
-23.77569374499999,-49.432398065,SP281,48,L29
-23.771287075,-49.440757955,SP281,49,L29
-23.764909505,-49.44717161,SP281,50,L29
-23.75658919,-49.45071201499999,SP281,51,L29
-23.748173915,-49.45417015999999,SP281,52,L29
-23.73936095,-49.455928925,SP281,53,L29
-23.73084323,-49.45866799500001,SP281,54,L29
-23.72219992,-49.46310830500001,SP281,55,L29
-23.714987575,-49.469172085,SP281,56,L29
-23.711036805,-49.47712551999999,SP281,57,L29
-23.71415681500001,-49.48505568000001,SP281,58,L29
-23.715689535,-49.49530412000001,SP281,59,L29
-23.71444401,-49.502973625,SP281,60,L29
-23.70788863,-49.5095547,SP281,61,L29
-23.70343323,-49.51588707499999,SP281,62,L29
-23.694407805,-49.52191494,SP281,63,L29
-23.68566174,-49.524324555,SP281,64,L29
-23.67787896,-49.52859323,SP281,65,L29
-23.66961491,-49.532743265,SP281,66,L29
-23.66227492000001,-49.538801185,SP281,67,L29
-23.653645475,-49.54009713,SP281,68,L29
-23.64472713,-49.541302305,SP281,69,L29
-23.63860216,-49.548688015,SP281,70,L29
-23.63306,-49.556356,SP281,71,L29
-22.322193375,-48.572883445,SP304,294,L29
-22.31239704,-48.57424563,SP304,295,L29
-22.33135,-48.572165,SP304,296,L29
-21.988025,-47.887888,SP318,235,L29
-21.98472421,-47.88701911,SP318,236,L29
-21.97604995,-47.88864669,SP318,237,L29
-21.967132565,-47.89027975999999,SP318,238,L29
-21.958227155,-47.892075705,SP318,239,L29
-21.94938438,-47.89376882,SP318,240,L29
-21.94048802,-47.89549503,SP318,241,L29
-21.931684725,-47.897255385,SP318,242,L29
-21.92271889,-47.89892261999999,SP318,243,L29
-21.91377774,-47.900616315,SP318,244,L29
-21.90194037,-47.90293103666667,SP318,245,L29
-21.89600942,-47.90405573499999,SP318,246,L29
-21.887139585,-47.905736605,SP318,247,L29
-21.878262065,-47.90745627,SP318,248,L29
-21.869611425,-47.90914638500001,SP318,249,L29
-21.861717425,-47.91059276999999,SP318,250,L29
-21.8517066,-47.91163655499999,SP318,251,L29
-21.84274228,-47.91107471,SP318,252,L29
-21.83379436,-47.90961421,SP318,253,L29
-21.82485612,-47.90814246,SP318,254,L29
-21.815560425,-47.90647108999999,SP318,255,L29
-21.8070388,-47.90500007499999,SP318,256,L29
-21.79814826,-47.90345723999999,SP318,257,L29
-21.788532785,-47.90177495,SP318,258,L29
-21.780316575,-47.900450425,SP318,259,L29
-21.77104838,-47.90007925499999,SP318,260,L29
-21.762298075,-47.90097441,SP318,261,L29
-21.75346889,-47.903122875,SP318,262,L29
-21.744817075,-47.90610144499999,SP318,263,L29
-21.736227595,-47.909106075,SP318,264,L29
-21.72747978,-47.91229328,SP318,265,L29
-21.71864457,-47.91527658500001,SP318,266,L29
-21.710316425,-47.91823321999999,SP318,267,L29
-21.701808035,-47.921171595,SP318,268,L29
-21.693225255,-47.924179945,SP318,269,L29
-21.68416512,-47.92735921000001,SP318,270,L29
-21.676160185,-47.930209505,SP318,271,L29
-21.667115385,-47.93336698,SP318,272,L29
-21.658380265,-47.93636436,SP318,273,L29
-21.65037831,-47.93915552,SP318,274,L29
-21.64181903,-47.94214824499999,SP318,275,L29
-21.633225825,-47.94515143,SP318,276,L29
-21.624636605,-47.948247065,SP318,277,L29
-21.616063885,-47.95118011,SP318,278,L29
-21.60833869,-47.95380425000001,SP318,279,L29
-21.59853317,-47.95490487,SP318,280,L29
-21.36029637,-47.72372596000001,SP328,290,L29
-21.35349917,-47.72984807,SP328,291,L29
-21.346192155,-47.734543675,SP328,292,L29
-21.3435486,-47.742513275,SP328,293,L29
-21.33952083,-47.75112504499999,SP328,294,L29
-21.335384675,-47.75970097,SP328,295,L29
-21.33141682,-47.767988415,SP328,296,L29
-21.327582835,-47.77647386,SP328,297,L29
-21.3240981,-47.7853873,SP328,298,L29
-21.32057931,-47.79417161,SP328,299,L29
-21.316846605,-47.80348598,SP328,300,L29
-21.313296945,-47.81225275,SP328,301,L29
-21.309904615,-47.82075119,SP328,302,L29
-21.301327,-47.817165,SP328,303,L29
-21.28345708,-47.81353739,SP328,305,L29
-21.27543700666667,-47.81802297333333,SP328,306,L29
-21.26759,-47.817473,SP328,307,L29
-21.25919768,-47.818682055,SP328,308,L29
-21.25011098,-47.81942189,SP328,309,L29
-21.24112477,-47.81916738,SP328,310,L29
-21.23144211,-47.818112165,SP328,311,L29
-21.22192876,-47.81664892,SP328,312,L29
-21.75532408,-47.564730355,SP330,241,L29
-21.749556135,-47.57152349499999,SP330,242,L29
-21.74276309,-47.578029185,SP330,243,L29
-21.73524175,-47.583304755,SP330,244,L29
-21.72641439,-47.58653263,SP330,245,L29
-21.71821173,-47.58950007999999,SP330,246,L29
-21.70958928,-47.59269822,SP330,247,L29
-21.70101287,-47.59579868999999,SP330,248,L29
-21.69246740666667,-47.59904839666667,SP330,249,L29
-21.68402926,-47.60208154,SP330,250,L29
-21.675515715,-47.60511987499999,SP330,251,L29
-21.66690554,-47.60761157,SP330,252,L29
-21.65765884,-47.609145465,SP330,253,L29
-21.64952224,-47.61049733,SP330,254,L29
-21.640306145,-47.612001155,SP330,255,L29
-21.63119196,-47.613520975,SP330,256,L29
-21.623608275,-47.61476530999999,SP330,257,L29
-21.61381000666667,-47.61644938333334,SP330,258,L29
-21.604586495,-47.61947887,SP330,259,L29
-21.59613443,-47.62246316,SP330,260,L29
-21.587179385,-47.62552235,SP330,261,L29
-21.578789295,-47.62850726999999,SP330,262,L29
-21.570440745,-47.631385845,SP330,263,L29
-21.56191616,-47.63440484500001,SP330,264,L29
-21.553028895,-47.63749378,SP330,265,L29
-21.54460263,-47.63947917,SP330,266,L29
-21.53580846,-47.641139005,SP330,267,L29
-21.52712617,-47.64272094,SP330,268,L29
-21.5183059,-47.642904845,SP330,269,L29
-21.50889892666666,-47.64220953333334,SP330,270,L29
-21.5000978,-47.64171325,SP330,271,L29
-21.490445235,-47.64120021,SP330,272,L29
-21.48182095,-47.640675105,SP330,273,L29
-21.4724852,-47.640307615,SP330,274,L29
-21.46402375,-47.642485865,SP330,275,L29
-21.45507724,-47.64541379,SP330,276,L29
-21.44675126,-47.64801779500001,SP330,277,L29
-21.43809984,-47.65082592,SP330,278,L29
-21.42950255,-47.65387171,SP330,279,L29
-21.421601145,-47.65867155000001,SP330,280,L29
-21.415399005,-47.66352156,SP330,281,L29
-21.40744577,-47.66971242999999,SP330,282,L29
-21.400525765,-47.676039335,SP330,283,L29
-21.39647395,-47.68444174499999,SP330,284,L29
-21.3930764,-47.693381275,SP330,285,L29
-21.386625055,-47.700007345,SP330,286,L29
-21.379025265,-47.706257205,SP330,287,L29
-21.372323595,-47.71160076999999,SP330,288,L29
-21.365087705,-47.71744062499999,SP330,289,L29
-21.35836876,-47.72332680666667,SP330,290,L29
-21.34846082,-47.72414497,SP330,291,L29
-21.33951041,-47.72444843500001,SP330,292,L29
-21.332072465,-47.72750864000001,SP330,293,L29
-21.323285015,-47.73162809999999,SP330,294,L29
-21.314979805,-47.735490625,SP330,295,L29
-21.30614835,-47.73965708,SP330,296,L29
-21.298381355,-47.74332653499998,SP330,297,L29
-21.29057742,-47.74692721,SP330,298,L29
-21.281882435,-47.750986195,SP330,299,L29
-21.273484115,-47.754944055,SP330,300,L29
-21.26419007,-47.75529628000001,SP330,301,L29
-21.255951845,-47.754506055,SP330,302,L29
-21.247144625,-47.75655562,SP330,303,L29
-21.238375195,-47.75860428,SP330,304,L29
-21.229337465,-47.75950365999999,SP330,305,L29
-21.22045328,-47.75901479499999,SP330,306,L29
-21.210932865,-47.75858178500001,SP330,307,L29
-21.20361749,-47.75934167,SP330,308,L29
-21.19188943,-47.757566795,SP330,309,L29
-21.184207945,-47.75717944,SP330,310,L29
-21.175150515,-47.75666099,SP330,311,L29
-21.1660536,-47.756221255,SP330,312,L29
-21.15709427,-47.756563225,SP330,313,L29
-21.14824003,-47.75841617500001,SP330,314,L29
-21.13977563,-47.761744505,SP330,315,L29
-21.13185266,-47.76652128,SP330,316,L29
-21.12444151,-47.771854575,SP330,317,L29
-21.11696732,-47.77726081,SP330,318,L29
-21.11631289,-47.78351718999999,SP334,318,L29
-21.11105202333333,-47.77565799666668,SP334,319,L29
-21.10539397,-47.76845183666666,SP334,320,L29
-21.09908167,-47.760932905,SP334,321,L29
-21.09483421,-47.75314778500001,SP334,322,L29
-21.09077982,-47.74456826999999,SP334,323,L29
-21.08672828,-47.73601546000001,SP334,324,L29
-21.082696785,-47.727395365,SP334,325,L29
-21.07768103,-47.71949427500001,SP334,326,L29
-21.07190549,-47.71215841500001,SP334,327,L29
-21.066125725,-47.70478438,SP334,328,L29
-21.06030776,-47.69732447,SP334,329,L29
-21.056378685,-47.688857105,SP334,330,L29
-21.05201623,-47.68008998000001,SP334,331,L29
-21.04478195,-47.67561942,SP334,332,L29
-21.03607371,-47.673281915,SP334,333,L29
-21.02759494,-47.670387905,SP334,334,L29
-21.019163715,-47.66667416000001,SP334,335,L29
-21.010576345,-47.66292139,SP334,336,L29
-21.00249583,-47.65944066,SP334,337,L29
-20.993916725,-47.65571204,SP334,338,L29
-20.98556756,-47.65207649,SP334,339,L29
-20.97664550333333,-47.64821278333333,SP334,340,L29
-20.96893533,-47.64461071000001,SP334,341,L29
-20.96041829,-47.64108243,SP334,342,L29
-20.952071985,-47.637420725,SP334,343,L29
-20.94440545,-47.6340894599999,SP334,344,L29
-20.93513744,-47.62996936333334,SP334,345,L29
-20.927006265,-47.62653395,SP334,346,L29
-20.918651235,-47.62287852500001,SP334,347,L29
-20.91112731666667,-47.61964148000001,SP334,348,L29
-20.90244447666667,-47.61917426666667,SP334,349,L29
-20.893387985,-47.61913323,SP334,350,L29
-20.88437927,-47.61827053499999,SP334,351,L29
-20.87771475,-47.61203218,SP334,352,L29
-20.872464335,-47.60425733999999,SP334,353,L29
-20.864515105,-47.600452565,SP334,354,L29
-20.85581972,-47.600870255,SP334,355,L29
-20.84685362,-47.60135986333334,SP334,356,L29
-20.83789435,-47.6015559875,SP334,357,L29
-20.82963754,-47.59780059499999,SP334,358,L29
-20.82284725333333,-47.59126550000001,SP334,359,L29
-20.81618327,-47.58475224750001,SP334,360,L29
-20.80947618,-47.57829977000001,SP334,361,L29
-20.802794645,-47.57177491,SP334,362,L29
-20.79623927,-47.565367945,SP334,363,L29
-20.78960198,-47.558936605,SP334,364,L29
-20.78297951,-47.55232728,SP334,365,L29
-20.776236025,-47.545977835,SP334,366,L29
-20.76959633,-47.53954569,SP334,367,L29
-20.762555055,-47.53357387,SP334,368,L29
-20.753757755,-47.531492575,SP334,369,L29
-20.74489173,-47.53130783499999,SP334,370,L29
-20.73616091,-47.52971092,SP334,371,L29
-20.72958439,-47.522,SP334,372,L29
-20.72478572,-47.51542285000001,SP334,373,L29
-20.718322135,-47.50821718000001,SP334,374,L29
-20.7098983,-47.50479207999999,SP334,375,L29
-20.701495515,-47.501477425,SP334,376,L29
-20.6918841,-47.49835463,SP334,377,L29
-20.68411558,-47.49660403,SP334,378,L29
-20.675245775,-47.495469025,SP334,379,L29
-20.666195485,-47.49447800999999,SP334,380,L29
-20.657484205,-47.49233451000002,SP334,381,L29
-20.650841815,-47.48591304,SP334,382,L29
-20.64441978,-47.479404035,SP334,383,L29
-20.637114105,-47.47202210000001,SP334,384,L29
-20.63082957,-47.46624244500001,SP334,385,L29
-20.623134995,-47.46115559,SP334,386,L29
-20.614266375,-47.45632603,SP334,387,L29
-20.607017265,-47.452647465,SP334,388,L29
-20.60156268,-47.445058985,SP334,389,L29
-20.593616145,-47.44055256,SP334,390,L29
-20.5864435,-47.43473993,SP334,391,L29
-20.580295055,-47.427960945,SP334,392,L29
-20.571769245,-47.424339155,SP334,393,L29
-20.56414287,-47.41908618999999,SP334,394,L29
-20.56037612,-47.41021075999999,SP334,395,L29
-20.553331115,-47.41022306499999,SP334,396,L29
-20.5461503,-47.41632821,SP334,397,L29
-20.53886589,-47.42195273000001,SP334,398,L29
-20.53034048,-47.42346179,SP334,399,L29
-20.52248836,-47.41939463,SP334,400,L29
-20.51447978,-47.41504598,SP334,401,L29
-20.50642686,-47.41077833,SP334,402,L29
-20.49792323,-47.40684834999989,SP334,403,L29
-20.48932854,-47.40853214000001,SP334,404,L29
-20.480232355,-47.41070559,SP334,405,L29
-20.47147,-47.412949,SP334,406,L29
-20.62984215,-47.21111592,SP345,11,L29
-20.62609984,-47.21985862,SP345,12,L29
-20.6223385,-47.22858300999999,SP345,13,L29
-20.619870095,-47.237610375,SP345,14,L29
-20.62257405,-47.24671514000001,SP345,15,L29
-20.62535448,-47.255467115,SP345,16,L29
-20.62442493,-47.26519415500001,SP345,17,L29
-20.62176232,-47.274338525,SP345,18,L29
-20.62064049,-47.28341453,SP345,19,L29
-20.622121895,-47.293163185,SP345,20,L29
-20.61956406,-47.30209654999999,SP345,21,L29
-20.615982045,-47.31109168499999,SP345,22,L29
-20.612043845,-47.319697505,SP345,23,L29
-20.60475231,-47.32501095,SP345,24,L29
-20.595809465,-47.326615485,SP345,25,L29
-20.588500375,-47.33170697999999,SP345,26,L29
-20.58170858,-47.33811326,SP345,27,L29
-20.57771924,-47.3465166,SP345,28,L29
-20.576118935,-47.35670463,SP345,29,L29
-20.575003875,-47.363824635,SP345,30,L29
-20.573831965,-47.37097223999999,SP345,31,L29
-20.572484235,-47.379888645,SP345,32,L29
-20.570972735,-47.389422155,SP345,33,L29
-20.56949794,-47.398883825,SP345,34,L29
-20.566572875,-47.4080471,SP345,35,L29
-20.56034946,-47.41487418,SP345,36,L29
-20.555084325,-47.42259544000001,SP345,37,L29
-20.55504266,-47.431585615,SP345,38,L29
-20.55750002,-47.439843825,SP345,39,L29
-21.746085145,-48.10719182500001,SPA004/257,1,L29
-21.75196039,-48.11406645,SPA004/257,2,L29
-21.755331585,-48.12228838999999,SPA004/257,3,L29
-21.7596642,-48.13126252,SPA004/257,4,L29
-20.631613,-47.212257,SPA011/345,0,L29
-20.637282045,-47.2163495,SPA011/345,1,L29
-20.624284,-47.295358,SPA020/345,0,L29
-20.629354715,-47.2921701,SPA020/345,1,L29
-20.629355,-47.29217,SPA020/345,1,L29
-20.63357311,-47.28428174,SPA020/345,2,L29
-23.811358,-49.410972,SPA043/281,0,L29
-23.819622945,-49.413333295,SPA043/281,1,L29
-23.82557248,-49.42048835,SPA043/281,2,L29
-23.828197,-49.428409,SPA043/281,3,L29
-21.623772,-47.965854,SPA051/255,0,L29
-21.62346678,-47.97412162,SPA051/255,1,L29
-21.623126565,-47.98370092000001,SPA051/255,2,L29
-21.62273631,-47.99377611666668,SPA051/255,3,L29
-21.622452755,-48.00281069499999,SPA051/255,4,L29
-21.62212745,-48.01233825,SPA051/255,5,L29
-21.620769645,-48.02179566,SPA051/255,6,L29
-21.61562443,-48.02949056,SPA051/255,7,L29
-21.60936128,-48.03670305499999,SPA051/255,8,L29
-21.60230001,-48.04441932,SPA051/255,9,L29
-21.59622088,-48.05090060000001,SPA051/255,10,L29
-21.59027362,-48.05859534,SPA051/255,11,L29
-21.58831211,-48.06659923500001,SPA051/255,12,L29
-21.774018,-48.102155,SPA074/255,0,L29
-21.76885243,-48.10769809,SPA074/255,1,L29
-21.768852,-48.107698,SPA074/255,1,L29
-21.7621176099999,-48.11472382,SPA074/255,2,L29
-21.756115,-48.120881,SPA074/255,3,L29
-21.74934639,-48.12535781,SPA074/255,4,L29
-21.792784,-48.134014,SPA077/255,0,L29
-21.7904019999999,-48.142802,SPA077/255,1,L29
-21.791016,-48.15263399999999,SPA077/255,2,L29
-21.805999,-48.193316,SPA085/255,0,L29
-21.808940415,-48.190785175,SPA085/255,1,L29
-21.940999,-48.338199,SPA106/255,0,L29
-21.93832181,-48.34565972,SPA106/255,1,L29
-21.938322,-48.34566,SPA106/255,1,L29
-21.93505739,-48.35474447,SPA106/255,2,L29
-21.931622325,-48.364327755,SPA106/255,3,L29
-21.92838581,-48.373358545,SPA106/255,4,L29
-21.925326435,-48.38191215000001,SPA106/255,5,L29
-21.92207472,-48.39093776999999,SPA106/255,6,L29
-21.918730515,-48.39990406,SPA106/255,7,L29
-21.988927,-48.376072,SPA112/255,0,L29
-21.9894787,-48.385175415,SPA112/255,1,L29
-21.989479,-48.385175,SPA112/255,1,L29
-22.001914,-48.385974,SPA114/255,0,L29
-21.995534025,-48.39083945,SPA114/255,1,L29
-21.995534,-48.390839,SPA114/255,1,L29
-22.003137,-48.384584,SPA115/255,0,L29
-22.008730265,-48.37847938500001,SPA115/255,1,L29
-22.00873,-48.378479,SPA115/255,1,L29
-22.01501013,-48.371566375,SPA115/255,2,L29
-22.021321315,-48.364613545,SPA115/255,3,L29
-22.02763928,-48.35769389,SPA115/255,4,L29
-22.03394094,-48.35072284,SPA115/255,5,L29
-22.040256815,-48.34377262,SPA115/255,6,L29
-22.04350176,-48.338118295,SPA115/255,7,L29
-22.15040652,-48.48112735,SPA133/255,1,L29
-22.150407,-48.481127,SPA133/255,1,L29
-22.1463689,-48.48978622,SPA133/255,2,L29
-22.142479565,-48.498129785,SPA133/255,3,L29
-22.13807329,-48.50636287500001,SPA133/255,4,L29
-22.133901815,-48.51485746,SPA133/255,5,L29
-22.184755,-48.499358,SPA138/255,0,L29
-22.17804106,-48.50408539000001,SPA138/255,1,L29
-22.178041,-48.504085,SPA138/255,1,L29
-22.170551715,-48.509424235,SPA138/255,2,L29
-22.16314087,-48.51473052,SPA138/255,3,L29
-22.15572248,-48.520026535,SPA138/255,4,L29
-22.149985,-48.524106,SPA138/255,5,L29
-22.51475532,-48.55170562,SPA179/255,0,L29
-22.51294817109721,-48.55338503860999,SPA179/255,0,L29
-22.662924815,-48.58821699,SPA196/255,1,L29
-22.65685434,-48.5950023,SPA196/255,2,L29
-22.69487526999999,-48.58198106,SPA198/255,1,L29
-22.694875,-48.581981,SPA198/255,1,L29
-22.698832245,-48.57326133000001,SPA198/255,2,L29
-22.705189775,-48.566799555,SPA198/255,3,L29
-22.71031645,-48.558294605,SPA198/255,4,L29
-22.717793535,-48.561661465,SPA198/255,5,L29
-22.803161,-48.666721,SPA214/255,0,L29
-22.8065439999999,-48.66681199999991,SPA214/255,1,L29
-22.806653,-48.666875,SPA214/255,1,L29
-21.753586,-47.56164,SPA241/330,0,L29
-21.75081231,-47.55595409,SPA241/330,1,L29
-21.750812,-47.555954,SPA241/330,1,L29
-21.74701528,-47.547229505,SPA241/330,2,L29
-21.743144005,-47.53851385999999,SPA241/330,3,L29
-21.73929869,-47.52977394,SPA241/330,4,L29
-21.73621801,-47.520773585,SPA241/330,5,L29
-21.734172045,-47.51129854999999,SPA241/330,6,L29
-21.732199015,-47.5018606,SPA241/330,7,L29
-21.73021538,-47.49264860000001,SPA241/330,8,L29
-21.72607952,-47.48433726,SPA241/330,9,L29
-21.72037866,-47.476880715,SPA241/330,10,L29
-21.71464785,-47.469467315,SPA241/330,11,L29
-21.832877,-48.15306,SPA268/310,0,L29
-21.83045335,-48.15354014,SPA268/310,1,L29
-21.830453,-48.15354,SPA268/310,1,L29
-21.821824175,-48.15597251,SPA268/310,2,L29
-21.815899,-48.157545,SPA268/310,3,L29
-21.81708871,-48.17809871,SPA271/310,0,L29
-21.81181031444288,-48.17756675166996,SPA271/310,1,L29
-21.204248,-47.761284,SPA307/330,0,L29
-21.200080695,-47.76694478,SPA307/330,1,L29
-21.200081,-47.766945,SPA307/330,1,L29
-21.194640285,-47.77458034,SPA307/330,2,L29
-21.18915655,-47.782245215,SPA307/330,3,L29
-21.115492,-47.782833,SPA318/330,0,L29
-21.120817915,-47.78624228,SPA318/330,1,L29
-21.120818,-47.786242,SPA318/330,1,L29
-21.129353,-47.788998,SPA318/330,2,L29
-21.095921,-47.756607,SPA321/334,0,L29
-21.090122,-47.753637,SPA321/334,1,L29
-21.0812415,-47.7529315,SPA321/334,2,L29
-21.072138,-47.75272400000001,SPA321/334,3,L29
-21.067373305,-47.74485262500001,SPA321/334,4,L29
-21.024625435,-47.67759556500001,SPA334/334,1,L29
-21.027723115,-47.68686989999999,SPA334/334,2,L29
-21.03079608,-47.696053335,SPA334/334,3,L29
-21.03557142,-47.704288495,SPA334/334,4,L29
-21.03985322,-47.712408655,SPA334/334,5,L29
-21.04187119,-47.72126136,SPA334/334,6,L29
-21.050346885,-47.72536908,SPA334/334,7,L29
-21.057865325,-47.730609035,SPA334/334,8,L29
-21.06328978,-47.738441265,SPA334/334,9,L29
-21.067096,-47.744592,SPA334/334,10,L29
-23.64154357,-49.32069516,SPA338/255,0,L29
-23.63431985,-49.3205700199999,SPA338/255,1,L29
-20.905521,-47.615635,SPA348/334,0,L29
-20.90276553,-47.610368565,SPA348/334,1,L29
-20.902766,-47.610369,SPA348/334,1,L29
-20.89800643,-47.60225908500001,SPA348/334,2,L29
-20.891164295,-47.60009192,SPA348/334,3,L29
-20.872999,-47.60004,SPA352/334,0,L29
-20.87878343,-47.59970812000001,SPA352/334,1,L29
-20.88390327,-47.59971385,SPA352/334,2,L29
-20.633159,-47.470363,SPA384/334,0,L29
-20.62773899,-47.47061205,SPA384/334,1,L29
-20.627739,-47.470612,SPA384/334,1,L29
-20.62123869,-47.47273651500001,SPA384/334,2,L29
-20.61444909,-47.47905781,SPA384/334,3,L29
-20.60791549,-47.485110965,SPA384/334,4,L29
-20.555688,-47.439598,SPA397/334,2,L29
-20.560124855,-47.44109782500001,SPA397/334,3,L29
-20.560125,-47.441098,SPA397/334,3,L29
-20.56907224,-47.44243962500001,SPA397/334,4,L29
-20.57725825,-47.44595987,SPA397/334,5,L29
-20.580140375,-47.45467052499999,SPA397/334,6,L29
-20.583353485,-47.463511425,SPA397/334,7,L29
-20.59017121,-47.4678232325,SPA397/334,8,L29
-20.59694388,-47.47365168000001,SPA397/334,9,L29
-20.600099,-47.480272,SPA397/334,10,L29
-21.811363335,-48.199346765,SPI274/310,1,L29
-21.816977905,-48.20674885,SPI274/310,2,L29
-22.3835415714284,-47.61380038648639,SP191,75,L30
-22.38608299090885,-47.62263842272711,SP191,76,L30
-22.38423699435333,-47.631837157603,SP191,77,L30
-22.38240486773003,-47.64103680102676,SP191,78,L30
-22.38352929254381,-47.65027176035636,SP191,79,L30
-22.38862944802469,-47.65804712613152,SP191,80,L30
-22.39524778727656,-47.66469954499996,SP191,81,L30
-22.40182279890217,-47.67139286459679,SP191,82,L30
-22.40846910364439,-47.6781127670842,SP191,83,L30
-22.41532989999996,-47.68490779999985,SP191,84,L30
-22.42331502225903,-47.69031740531545,SP191,85,L30
-22.43067925417972,-47.69652250419614,SP191,86,L30
-22.43764687738923,-47.7032063708624,SP191,87,L30
-22.44461007024285,-47.70987948515011,SP191,88,L30
-22.45157422505957,-47.71656699785193,SP191,89,L30
-22.45862941609977,-47.72315664224237,SP191,90,L30
-22.46692728046207,-47.72804305189067,SP191,91,L30
-22.47468228048837,-47.73360365811537,SP191,92,L30
-22.47914898570019,-47.74172503986273,SP191,93,L30
-22.4857649690739,-47.74810180759243,SP191,94,L30
-22.49143844267502,-47.75507166910819,SP191,95,L30
-22.50000969901936,-47.75224244056625,SP191,96,L30
-22.50431079642073,-47.76020839199725,SP191,97,L30
-22.50463213941453,-47.76971261756091,SP191,98,L30
-22.52196603599998,-47.76665743599983,SP191,99,L30
-22.53063247875559,-47.7719048382259,SP191,100,L30
-22.53819580514454,-47.77843522006856,SP191,101,L30
-22.54021520874983,-47.78735029249987,SP191,102,L30
-22.53828053701574,-47.79641815388402,SP191,103,L30
-22.53613325655181,-47.8054447036335,SP191,104,L30
-22.53599789999987,-47.81452999999982,SP191,105,L30
-22.54167410142441,-47.82183282979571,SP191,106,L30
-22.54762605150199,-47.82895168068655,SP191,107,L30
-22.5535967178858,-47.83605508010163,SP191,108,L30
-22.55911703672979,-47.84384175612718,SP191,109,L30
-22.56320505354711,-47.85252072128367,SP191,110,L30
-22.56654527175385,-47.86146328314339,SP191,111,L30
-22.56350159999995,-47.87038449999994,SP191,112,L30
-22.559062972199,-47.87887020746865,SP191,113,L30
-22.56091723101031,-47.88813401254351,SP191,114,L30
-22.563687,-47.897343,SP191,115,L30
-22.56537172799995,-47.90292155699984,SP191,116,L30
-22.29152973404825,-48.08763984669889,SP197,0,L30
-22.298844,-48.092278,SP197,1,L30
-22.30603297616966,-48.09862635310469,SP197,2,L30
-22.31249052217152,-48.10384066737368,SP197,3,L30
-22.317584,-48.105561,SP197,4,L30
-22.33211420568807,-48.10668892346109,SP197,5,L30
-22.32708769416382,-48.10614953725792,SP197,5,L30
-22.33965519999998,-48.11158879999982,SP197,6,L30
-22.34765692575746,-48.10985259636352,SP197,7,L30
-22.35385808739807,-48.11658358247774,SP197,8,L30
-22.36036268258687,-48.12297987611925,SP197,9,L30
-22.36919865468627,-48.12455209465526,SP197,10,L30
-22.37825873529408,-48.12510683800889,SP197,11,L30
-22.38529175751893,-48.13084545370345,SP197,12,L30
-22.39193832494658,-48.13740541705748,SP197,13,L30
-22.39870351534904,-48.14383924816161,SP197,14,L30
-22.40630170825233,-48.14924849029114,SP197,15,L30
-22.41410371555878,-48.15438109442562,SP197,16,L30
-22.42189306222201,-48.15953163739118,SP197,17,L30
-22.42971886358566,-48.16462839379159,SP197,18,L30
-22.43724712803555,-48.16953611502754,SP197,19,L30
-22.44492595777444,-48.17454199068828,SP197,20,L30
-22.21560787968394,-47.76660416891139,SP225,91,L30
-22.21906788326407,-47.77080339564327,SP225,92,L30
-22.22506035388261,-47.77823185183121,SP225,93,L30
-22.22967238716217,-47.78658463549334,SP225,94,L30
-22.23410799347863,-47.79495636093782,SP225,95,L30
-22.23856209115013,-47.8033178395583,SP225,96,L30
-22.24297660874134,-47.81169940747924,SP225,97,L30
-22.24652020392256,-47.82034245041973,SP225,98,L30
-22.24554072477451,-47.82972138042265,SP225,99,L30
-22.25126369882207,-47.83726586553325,SP225,100,L30
-22.25537392350924,-47.84563651474525,SP225,101,L30
-22.25670153796949,-47.85511499617975,SP225,102,L30
-22.2580776134148,-47.86458724307221,SP225,103,L30
-22.25946838837916,-47.87427530746078,SP225,104,L30
-22.26097605369034,-47.88394476449673,SP225,105,L30
-22.26236409298451,-47.89363237641971,SP225,106,L30
-22.2639183065578,-47.90328772930376,SP225,107,L30
-22.26502950140525,-47.91306752468087,SP225,108,L30
-22.26644583004895,-47.92281493707941,SP225,109,L30
-22.26784481128522,-47.93256532632529,SP225,110,L30
-22.27180720199988,-47.94146203999986,SP225,111,L30
-22.27420972589277,-47.95071365688364,SP225,112,L30
-22.27426504333238,-47.96054386270134,SP225,113,L30
-22.27554535273231,-47.97034512424834,SP225,114,L30
-22.2768192562196,-47.98014754059534,SP225,115,L30
-22.28090426758604,-47.98835003791622,SP225,116,L30
-22.28507311209199,-47.99670504064318,SP225,117,L30
-22.28764785628556,-48.00599846539632,SP225,118,L30
-22.29010156110337,-48.01532490127897,SP225,119,L30
-22.29100768304676,-48.02497799456165,SP225,120,L30
-22.29116299799989,-48.03473396799984,SP225,121,L30
-22.29125402303424,-48.04447445012016,SP225,122,L30
-22.29131264798821,-48.05422159910091,SP225,123,L30
-22.29145723386563,-48.06368858509046,SP225,124,L30
-22.29139278256275,-48.07315539075529,SP225,125,L30
-22.291594,-48.084256,SP225,126,L30
-22.29157073441093,-48.09159537281396,SP225,127,L30
-22.29152973404825,-48.08763984669889,SP225,127,L30
-22.29153,-48.08764,SP225,127,L30
-22.29013652313131,-48.09973335975354,SP225,128,L30
-22.28499162205327,-48.10639221895714,SP225,129,L30
-22.277315,-48.116231,SP225,130,L30
-22.27469227399985,-48.11959743699987,SP225,131,L30
-22.27461501374501,-48.11968056287912,SP225,131,L30
-22.274615,-48.119681,SP225,131,L30
-22.26987476881067,-48.12978082968897,SP225,132,L30
-22.26804705988292,-48.14098048086663,SP225,133,L30
-22.26637651053346,-48.15220416447984,SP225,134,L30
-22.26483196965535,-48.16199478449658,SP225,135,L30
-22.26330409210021,-48.17178789178979,SP225,136,L30
-22.26180070139753,-48.18158483605509,SP225,137,L30
-22.26391920393979,-48.19109501884462,SP225,138,L30
-22.26717518271323,-48.20046308116076,SP225,139,L30
-22.26645852217683,-48.21030758502405,SP225,140,L30
-22.26474055432965,-48.22008978840677,SP225,141,L30
-22.26309052365815,-48.22988333742217,SP225,142,L30
-22.2608921167834,-48.23852093509128,SP225,143,L30
-22.25487792896826,-48.24509298581046,SP225,144,L30
-22.24878579643462,-48.25166080243475,SP225,145,L30
-22.24375229299994,-48.25903891999997,SP225,146,L30
-22.24549677898779,-48.26799444620786,SP225,147,L30
-22.24863612461576,-48.27678206713392,SP225,148,L30
-22.24896778206295,-48.28620512704344,SP225,149,L30
-22.24648503896287,-48.29520133256024,SP225,150,L30
-22.24491665181091,-48.30447195442213,SP225,151,L30
-22.24404109971891,-48.31386354366402,SP225,152,L30
-22.24374872581205,-48.32326773561005,SP225,153,L30
-22.24745357454367,-48.3319289332257,SP225,154,L30
-22.24950701769859,-48.34100689137284,SP225,155,L30
-22.2474683239999,-48.35019089999986,SP225,156,L30
-22.24971696638181,-48.35885324562645,SP225,157,L30
-22.25634952751875,-48.3650318109967,SP225,158,L30
-22.26089489676923,-48.37291598527105,SP225,159,L30
-22.26491820799998,-48.38111593599984,SP225,160,L30
-22.26801463560781,-48.39035205699004,SP225,161,L30
-22.26824551996975,-48.40008997404959,SP225,162,L30
-22.26696505919358,-48.40977892471706,SP225,163,L30
-22.26571490567272,-48.41946031893116,SP225,164,L30
-22.26551878758693,-48.42921087071243,SP225,165,L30
-22.26562585371545,-48.43897259768943,SP225,166,L30
-22.2666756154465,-48.4486471924846,SP225,167,L30
-22.26870636731076,-48.45819691125222,SP225,168,L30
-22.27070896798352,-48.46776440683692,SP225,169,L30
-22.27054027942529,-48.47746253190723,SP225,170,L30
-22.26927577359572,-48.48715454070184,SP225,171,L30
-22.26797366199992,-48.49684541499983,SP225,172,L30
-22.26670395652059,-48.50653408989615,SP225,173,L30
-22.26541955657819,-48.51624864235969,SP225,174,L30
-22.26403318832848,-48.52594476587133,SP225,175,L30
-22.26122676199992,-48.53533371399987,SP225,176,L30
-22.25850282605086,-48.54441301153616,SP225,177,L30
-22.25901048560695,-48.55245818552595,SP225,178,L30
-22.26669251398755,-48.55788550578456,SP225,179,L30
-22.27432498035802,-48.56340853358631,SP225,180,L30
-22.28173759015255,-48.56915559755186,SP225,181,L30
-22.28653439627499,-48.57780992893976,SP225,182,L30
-22.29676554655555,-48.57644222113997,SP225,183,L30
-22.30288773425139,-48.57882781767835,SP225,184,L30
-22.30354463167032,-48.5886048735448,SP225,185,L30
-22.3041507457142,-48.59838507428559,SP225,186,L30
-22.30472641026415,-48.6081683409717,SP225,187,L30
-22.305274371118,-48.61786301723606,SP225,188,L30
-22.30584944625974,-48.62755575379298,SP225,189,L30
-22.30643205237703,-48.63724883702389,SP225,190,L30
-22.30699481215885,-48.64684406230684,SP225,191,L30
-22.30754011319135,-48.65644075125375,SP225,192,L30
-22.30808511466108,-48.66555364626141,SP225,193,L30
-22.30866949999995,-48.67562279999993,SP225,194,L30
-22.30952170899985,-48.69198526899993,SP225,195,L30
-22.30970564166023,-48.6949667638989,SP225,196,L30
-22.3103517170187,-48.70472406724842,SP225,197,L30
-22.31189222287776,-48.71434688738071,SP225,198,L30
-22.31622299256276,-48.72264780240249,SP225,199,L30
-22.3218370153192,-48.73019686577635,SP225,200,L30
-22.32678833861974,-48.73848729564145,SP225,201,L30
-22.32927300966196,-48.74781643705285,SP225,202,L30
-22.33087912331678,-48.75731501642036,SP225,203,L30
-22.33248250335305,-48.76681431114247,SP225,204,L30
-22.33414693353313,-48.77667213993971,SP225,205,L30
-22.33571505654714,-48.78596166388684,SP225,206,L30
-22.33714429999998,-48.79489139999998,SP225,207,L30
-22.33880867701538,-48.8050473599111,SP225,208,L30
-22.3404333757091,-48.81464396940009,SP225,209,L30
-22.3420120700107,-48.82411561050076,SP225,210,L30
-22.34327437441578,-48.8337181088043,SP225,211,L30
-22.34350165943647,-48.84333362386439,SP225,212,L30
-22.34266546863648,-48.85301261932899,SP225,213,L30
-22.3410081984776,-48.86259426418206,SP225,214,L30
-22.33929054918218,-48.87210694487589,SP225,215,L30
-22.3375586506956,-48.8815518964031,SP225,216,L30
-22.3358608742447,-48.89089473329682,SP225,217,L30
-22.33406448502274,-48.90069624225184,SP225,218,L30
-22.33233755501323,-48.91019490726285,SP225,219,L30
-22.33061934029791,-48.91965693853451,SP225,220,L30
-22.32905056148945,-48.92872050561208,SP225,221,L30
-22.32721470662443,-48.93869112827389,SP225,222,L30
-22.32551070189174,-48.94810883554385,SP225,223,L30
-22.32372140114711,-48.95774186542036,SP225,224,L30
-22.32207595477144,-48.96681850514375,SP225,225,L30
-22.32028474918081,-48.97692640250233,SP225,226,L30
-22.31856953843129,-48.98632485695452,SP225,227,L30
-22.31700808798075,-48.99493193697596,SP225,228,L30
-22.32045960509254,-49.00390123179216,SP225,229,L30
-22.32718551014358,-49.01026607824434,SP225,230,L30
-22.33431461601828,-49.01633272127485,SP225,231,L30
-22.34131318935113,-49.02245076582698,SP225,232,L30
-22.34835224317834,-49.02860419780109,SP225,233,L30
-22.35507227049089,-49.03457483829413,SP225,234,L30
-22.36203905299993,-49.04069427299993,SP225,235,L30
-22.33714429999998,-48.79489139999998,SP261,151,L30
-22.33374109999994,-48.79563089999987,SP261,151,L30
-22.324629980049,-48.79643078872164,SP261,152,L30
-22.31561658507962,-48.79707063772031,SP261,153,L30
-22.3066399735938,-48.79770836370807,SP261,154,L30
-22.29766342520378,-48.79834254540907,SP261,155,L30
-22.2886578841804,-48.79898048410934,SP261,156,L30
-22.27985070884881,-48.80059188104508,SP261,157,L30
-22.27204226483565,-48.80526311005371,SP261,158,L30
-22.26427110239001,-48.8100012953809,SP261,159,L30
-22.25638668125544,-48.81453067639933,SP261,160,L30
-22.2476556290606,-48.81473962531772,SP261,161,L30
-22.23962162533638,-48.81014280637788,SP261,162,L30
-22.23173330841468,-48.80526134073551,SP261,163,L30
-22.22393147984553,-48.80043089537629,SP261,164,L30
-22.21612745839968,-48.79560527417254,SP261,165,L30
-22.20844535680294,-48.79083162089653,SP261,166,L30
-22.20075885507219,-48.78606422815147,SP261,167,L30
-22.19306639974781,-48.78130691859791,SP261,168,L30
-22.18511991630595,-48.77660230166367,SP261,169,L30
-22.17684602338653,-48.77249059069106,SP261,170,L30
-22.16803979999986,-48.77014094999993,SP261,171,L30
-22.16083623031119,-48.76464434358206,SP261,172,L30
-22.15529428339568,-48.7574386210897,SP261,173,L30
-22.15194806036379,-48.74838516647117,SP261,174,L30
-22.14688742745159,-48.74244267708075,SP261,175,L30
-22.14210024562436,-48.74879372073058,SP261,176,L30
-22.13480525623669,-48.74558769032416,SP261,177,L30
-22.12997272752511,-48.73764602976717,SP261,178,L30
-22.12227519999993,-48.73386669999995,SP261,179,L30
-22.11347520216515,-48.73581493358529,SP261,180,L30
-22.1048560224998,-48.73795595468738,SP261,181,L30
-22.09600605522132,-48.73765983990217,SP261,182,L30
-22.089077,-48.743993,SP261,183,L30
-22.08308429999983,-48.7441419999999,SP261,184,L30
-22.6403215389999,-50.43722536299993,SP284,447,L30
-22.63125544279637,-50.43961621017713,SP284,448,L30
-22.62553452422253,-50.44717235156162,SP284,449,L30
-22.61956556854125,-50.45504259331176,SP284,450,L30
-22.61383096999981,-50.46256504527257,SP284,451,L30
-22.60812656132293,-50.47010878648206,SP284,452,L30
-22.60238889674514,-50.47762952329066,SP284,453,L30
-22.5964883499999,-50.48545221666649,SP284,454,L30
-22.59054867774177,-50.49324569683853,SP284,455,L30
-22.58464666137291,-50.50106722715157,SP284,456,L30
-22.57871217382525,-50.50886496295022,SP284,457,L30
-22.57304374298957,-50.51631713016013,SP284,458,L30
-22.5659876190503,-50.52283896140557,SP284,459,L30
-22.55765411753611,-50.52769624348434,SP284,460,L30
-22.5502946925925,-50.53189049999986,SP284,461,L30
-22.54293130440863,-50.53607919178353,SP284,462,L30
-22.53555861986342,-50.54024968099856,SP284,463,L30
-22.52702097161268,-50.54507077198144,SP284,464,L30
-22.51850015195055,-50.54992091105242,SP284,465,L30
-22.5106539143145,-50.55436931048371,SP284,466,L30
-22.50254977346879,-50.55832321465795,SP284,467,L30
-22.4943600465997,-50.56220228467265,SP284,468,L30
-22.48617331534643,-50.56609149805677,SP284,469,L30
-22.47795704172432,-50.56998475365265,SP284,470,L30
-22.46974182844968,-50.57387945148923,SP284,471,L30
-22.46137991592508,-50.57742679650937,SP284,472,L30
-22.453166,-50.580528,SP284,473,L30
-22.44586555586966,-50.58314462692482,SP284,474,L30
-22.44473892989129,-50.58351836605738,SP284,474,L30
-22.4373971700175,-50.586210658827,SP284,475,L30
-22.42858787949075,-50.58946948330959,SP284,476,L30
-22.41977296015023,-50.59271378596475,SP284,477,L30
-22.41127653783769,-50.59664499459439,SP284,478,L30
-22.40365361577364,-50.60209078988094,SP284,479,L30
-22.39600657056428,-50.60754430692224,SP284,480,L30
-22.38836836367739,-50.61301112497711,SP284,481,L30
-22.38089755454536,-50.61834619448048,SP284,482,L30
-22.37343468868426,-50.62369185698333,SP284,483,L30
-22.3658017085483,-50.62917632617973,SP284,484,L30
-22.35812982747228,-50.63460749813855,SP284,485,L30
-22.35022061603661,-50.6402612124615,SP284,486,L30
-22.34230567566232,-50.64590607597136,SP284,487,L30
-22.33507307370223,-50.65106389494798,SP284,488,L30
-22.32784125261634,-50.65622284738345,SP284,489,L30
-22.32060673738556,-50.66137832320766,SP284,490,L30
-22.31295387739743,-50.66683758328304,SP284,491,L30
-22.30537372217731,-50.67224775548381,SP284,492,L30
-22.29778906608203,-50.67764897737965,SP284,493,L30
-22.29079126841839,-50.68265521774828,SP284,494,L30
-22.28378908650984,-50.68765581303904,SP284,495,L30
-22.27627164822343,-50.69302437772143,SP284,496,L30
-22.26875420993696,-50.69839294240392,SP284,497,L30
-22.26087739999997,-50.70552409999982,SP284,498,L30
-22.25919356965477,-50.71336883349881,SP284,499,L30
-22.25877561648423,-50.72308540504662,SP284,500,L30
-22.25835197825262,-50.7330179511037,SP284,501,L30
-22.257914243946,-50.74295041591914,SP284,502,L30
-22.2574912235338,-50.75288376590532,SP284,503,L30
-22.25696741133663,-50.76692600132094,SP284,504,L30
-22.2566393948137,-50.77240486529246,SP284,505,L30
-22.2562137199817,-50.78205505558577,SP284,506,L30
-22.25507331951212,-50.79163479024385,SP284,507,L30
-22.25351349479575,-50.80116698598442,SP284,508,L30
-22.25195053839718,-50.81069874932393,SP284,509,L30
-22.2503834452109,-50.82027501841912,SP284,510,L30
-22.24882477179756,-50.82985418923579,SP284,511,L30
-22.24725740648501,-50.83939455540422,SP284,512,L30
-22.24566698036227,-50.84893186504559,SP284,513,L30
-22.24410852119365,-50.85847386460131,SP284,514,L30
-22.24263902289886,-50.86801808226664,SP284,515,L30
-22.24099695171537,-50.87753755104586,SP284,516,L30
-22.239521,-50.886529,SP284,517,L30
-22.2391960999999,-50.88862269999998,SP284,518,L30
-22.23842799999994,-50.89314779999996,SP284,518,L30
-22.23665635723108,-50.90449226933009,SP284,519,L30
-22.23471237282706,-50.91580534639297,SP284,520,L30
-22.23316782682105,-50.92536113973495,SP284,521,L30
-22.23266456899211,-50.93502509224782,SP284,522,L30
-22.23227501609364,-50.94469712826958,SP284,523,L30
-22.23187554038452,-50.95440035913434,SP284,524,L30
-22.23146558424003,-50.96410349324561,SP284,525,L30
-22.23110049177529,-50.9738081811434,SP284,526,L30
-22.23069754964985,-50.98351108793326,SP284,527,L30
-22.23031161780801,-50.99314191287658,SP284,528,L30
-22.22831310219368,-51.00240949908578,SP284,529,L30
-22.22389904596434,-51.01097829013423,SP284,530,L30
-22.21950543099615,-51.01943246826556,SP284,531,L30
-22.21511552218055,-51.02788963637158,SP284,532,L30
-22.21075144117634,-51.03632757176463,SP284,533,L30
-22.20637890714283,-51.04476122857125,SP284,534,L30
-22.20197341220643,-51.05317568295482,SP284,535,L30
-22.19754108023056,-51.06164886853366,SP284,536,L30
-22.19314485816926,-51.07017932899896,SP284,537,L30
-22.18872025816688,-51.07869581333933,SP284,538,L30
-22.18430889106139,-51.08721926910653,SP284,539,L30
-22.17994799434842,-51.09568043783344,SP284,540,L30
-22.17556514987905,-51.10412970845783,SP284,541,L30
-22.17116571855189,-51.11259800723968,SP284,542,L30
-22.16605461146008,-51.12062853236863,SP284,543,L30
-22.16051144812491,-51.12825187749991,SP284,544,L30
-22.15497697288777,-51.13588243542995,SP284,545,L30
-22.14940580569362,-51.14351517555104,SP284,546,L30
-22.14383463849958,-51.15114791567231,SP284,547,L30
-22.13848544224722,-51.15846521975243,SP284,548,L30
-22.13270935013469,-51.1663900421251,SP284,549,L30
-22.130062,-51.170377,SP284,550,L30
-22.12452379999991,-51.17760459999982,SP284,551,L30
-22.124524,-51.177605,SP284,551,L30
-22.51060887599982,-49.30282998199982,SP293,0,L30
-22.50359227138978,-49.30727716317586,SP293,1,L30
-22.49588753391924,-49.31236711420871,SP293,2,L30
-22.4881902629383,-49.31746711949433,SP293,3,L30
-22.48046208464012,-49.32251129162665,SP293,4,L30
-22.47271067891614,-49.32751405471072,SP293,5,L30
-22.464564,-49.332876,SP293,6,L30
-22.46052279999992,-49.33782889999993,SP293,7,L30
-22.45932757488566,-49.3397686470659,SP293,7,L30
-22.45162397989566,-49.34376169286634,SP293,8,L30
-22.44256285921449,-49.34494244169179,SP293,9,L30
-22.43647151958925,-49.35165884041709,SP293,10,L30
-22.43206410943918,-49.35989358488269,SP293,11,L30
-22.43158082029936,-49.36939930632866,SP293,12,L30
-22.4267709043778,-49.37756517583278,SP293,13,L30
-22.42257759999984,-49.38599179999994,SP293,14,L30
-22.41837101650691,-49.39193461266308,SP293,15,L30
-22.41161234654652,-49.39522137993219,SP293,16,L30
-22.4031700999999,-49.40177669999991,SP293,17,L30
-22.39621474909762,-49.39992651238322,SP293,18,L30
-22.38770699756583,-49.39664663793092,SP293,19,L30
-22.37893221545158,-49.39449092646754,SP293,20,L30
-22.36981547809143,-49.39395165702233,SP293,21,L30
-22.36174178476199,-49.39030632362454,SP293,22,L30
-22.34986240548511,-49.38299461065844,SP293,23,L30
-22.343103,-49.378823,SP293,24,L30
-22.33927953457226,-49.37647736563417,SP293,25,L30
-22.33928,-49.376477,SP293,25,L30
-22.28086257099983,-49.08632995399983,SP294,347,L30
-22.28520826134849,-49.09201426315924,SP294,348,L30
-22.2905940199999,-49.09978663333327,SP294,349,L30
-22.29592248586079,-49.10759859117849,SP294,350,L30
-22.30133861587552,-49.11550743207846,SP294,351,L30
-22.3067439099998,-49.12342659749993,SP294,352,L30
-22.312192319622,-49.13131435230122,SP294,353,L30
-22.31595955135123,-49.13984794864849,SP294,354,L30
-22.31734055683739,-49.14916863380807,SP294,355,L30
-22.32103469178077,-49.15797572191764,SP294,356,L30
-22.32474718383816,-49.16677537676749,SP294,357,L30
-22.32844381096197,-49.17558110512607,SP294,358,L30
-22.332922,-49.186495,SP294,359,L30
-22.33583044447829,-49.19308717225914,SP294,360,L30
-22.33411519999981,-49.18894349999994,SP294,360,L30
-22.33966448748873,-49.20227193948529,SP294,361,L30
-22.34351850095328,-49.21144883189987,SP294,362,L30
-22.3466931529868,-49.22050562220755,SP294,363,L30
-22.3472976956096,-49.23013253024379,SP294,364,L30
-22.3478862000261,-49.23976068403114,SP294,365,L30
-22.34847543291926,-49.24941070304823,SP294,366,L30
-22.34907893260174,-49.2590592536049,SP294,367,L30
-22.34967129421324,-49.26870862603965,SP294,368,L30
-22.35027407622135,-49.27835804641671,SP294,369,L30
-22.34575910361275,-49.28624860943984,SP294,370,L30
-22.338698525994,-49.29262270358862,SP294,371,L30
-22.33165759999997,-49.29901807499982,SP294,372,L30
-22.32645745217377,-49.30649034782601,SP294,373,L30
-22.32627733258403,-49.31600027471899,SP294,374,L30
-22.3277484976694,-49.32525715960162,SP294,375,L30
-22.33130794309119,-49.33423270550333,SP294,376,L30
-22.33574541787704,-49.3426486067038,SP294,377,L30
-22.33709516355043,-49.35215369074587,SP294,378,L30
-22.33807771315475,-49.36175927112913,SP294,379,L30
-22.33922,-49.373142,SP294,380,L30
-22.33927953457226,-49.37647736563417,SP294,381,L30
-22.33677286635634,-49.38006625626321,SP294,381,L30
-22.33928,-49.376477,SP294,381,L30
-22.33072029999994,-49.38751229999991,SP294,382,L30
-22.32496520065342,-49.39513574117626,SP294,383,L30
-22.32441878492745,-49.40463697449259,SP294,384,L30
-22.32462597617189,-49.41422261191133,SP294,385,L30
-22.32488111340189,-49.42385928762871,SP294,386,L30
-22.32650900518121,-49.43335894663214,SP294,387,L30
-22.32824890897098,-49.44284263123575,SP294,388,L30
-22.33000064886863,-49.45232412488673,SP294,389,L30
-22.32989321719549,-49.46181743135736,SP294,390,L30
-22.32736578579397,-49.47092267084304,SP294,391,L30
-22.32177157735839,-49.47720621698102,SP294,392,L30
-22.31917627880881,-49.48593907895724,SP294,393,L30
-22.31515771237099,-49.49324576391734,SP294,394,L30
-22.30610094090883,-49.49593952848387,SP294,395,L30
-22.29690224533613,-49.49650578177864,SP294,396,L30
-22.2886329494076,-49.49302774585436,SP294,397,L30
-22.28117648884739,-49.49547009591061,SP294,398,L30
-22.27503463331772,-49.50236855068095,SP294,399,L30
-22.26890333209269,-49.50927535643007,SP294,400,L30
-22.26482357512629,-49.51783362355912,SP294,401,L30
-22.26040332659676,-49.52922269471173,SP294,402,L30
-22.25754149357846,-49.53657837412663,SP294,403,L30
-22.25455897264646,-49.5443347033746,SP294,404,L30
-22.25105148797275,-49.55338688910757,SP294,405,L30
-22.24757778960759,-49.56233662615267,SP294,406,L30
-22.24409829476423,-49.57128332129129,SP294,407,L30
-22.24064055863181,-49.58023859348526,SP294,408,L30
-22.23716377073157,-49.58918719024371,SP294,409,L30
-22.23554296837477,-49.59854641236092,SP294,410,L30
-22.2373762824588,-49.6081145901893,SP294,411,L30
-22.23941941585213,-49.61764688200225,SP294,412,L30
-22.24142421643819,-49.62718720485675,SP294,413,L30
-22.23964853646862,-49.63669471850409,SP294,414,L30
-22.23694927639656,-49.64606239605581,SP294,415,L30
-22.23403175257721,-49.65591823696603,SP294,416,L30
-22.23116544269436,-49.66578801433826,SP294,417,L30
-22.22827380796679,-49.67565146258751,SP294,418,L30
-22.22497280977439,-49.68533794210509,SP294,419,L30
-22.21871626962161,-49.69349367036727,SP294,420,L30
-22.21391638922728,-49.70106236605,SP294,421,L30
-22.21199029780058,-49.70984828628701,SP294,422,L30
-22.21040649612172,-49.71871786343479,SP294,423,L30
-22.20962443166218,-49.72760885250659,SP294,424,L30
-22.21168258239771,-49.73637202364557,SP294,425,L30
-22.21447998636967,-49.74539280998624,SP294,426,L30
-22.21776927778853,-49.7542246081934,SP294,427,L30
-22.22190907289081,-49.7627127292463,SP294,428,L30
-22.22587397906949,-49.77126845813939,SP294,429,L30
-22.22646271110176,-49.78065335757765,SP294,430,L30
-22.2264296347546,-49.79049483274321,SP294,431,L30
-22.2263923251931,-49.80033665672329,SP294,432,L30
-22.2302949326957,-49.80900160437147,SP294,433,L30
-22.23281585045856,-49.8178565880732,SP294,434,L30
-22.22694409498786,-49.82574119746215,SP294,435,L30
-22.22120400705472,-49.83319031556538,SP294,436,L30
-22.21593746941159,-49.84094601882333,SP294,437,L30
-22.21582144145339,-49.85016709690433,SP294,438,L30
-22.21789039999982,-49.85934579999986,SP294,439,L30
-22.21993115845999,-49.86852215559259,SP294,440,L30
-22.22204814881991,-49.87803701665201,SP294,441,L30
-22.22416902865433,-49.88755124274883,SP294,442,L30
-22.2262606460306,-49.89707164416262,SP294,443,L30
-22.22841773878736,-49.90657495558788,SP294,444,L30
-22.23052688950634,-49.91609122564091,SP294,445,L30
-22.23262411648329,-49.92575459728806,SP294,446,L30
-22.22986660536378,-49.9347271988505,SP294,447,L30
-22.22800572716147,-49.94375369166096,SP294,448,L30
-22.23085578699994,-49.95350572399985,SP294,449,L30
-22.22890822057963,-49.96314135888531,SP294,450,L30
-22.233523,-49.969919,SP294,451,L30
-22.23872058399991,-49.97513959599992,SP294,452,L30
-22.17856050499984,-49.97183774399991,SP294,458,L30
-22.17508519525683,-49.97904907786545,SP294,459,L30
-22.17011245950141,-49.98533828798878,SP294,460,L30
-22.16504706411854,-49.99155847400651,SP294,461,L30
-22.15898180554149,-49.99928185793442,SP294,462,L30
-22.15712972869562,-50.00873895130417,SP294,463,L30
-22.15708520606273,-50.01859703631653,SP294,464,L30
-22.15822664352532,-50.02815247084726,SP294,465,L30
-22.15940181345098,-50.03770497367645,SP294,466,L30
-22.16059475524139,-50.04734850615222,SP294,467,L30
-22.16178999811558,-50.05703460255717,SP294,468,L30
-22.16297617041704,-50.06672182616933,SP294,469,L30
-22.16395585005444,-50.07643250280591,SP294,470,L30
-22.16306368647525,-50.08558941106537,SP294,471,L30
-22.16395585005444,-50.07643250280603,SP294,472,L30
-22.14904287874043,-50.0981216014502,SP294,473,L30
-22.14384428106268,-50.10575543951244,SP294,474,L30
-22.14029674967776,-50.11445849728545,SP294,475,L30
-22.13667579999986,-50.12327209999995,SP294,476,L30
-22.13306681997074,-50.13208379843006,SP294,477,L30
-22.12747075870925,-50.13938340479689,SP294,478,L30
-22.12245469999988,-50.14715539999987,SP294,479,L30
-22.11752932562388,-50.15527553257766,SP294,480,L30
-22.11044391980192,-50.16045152920764,SP294,481,L30
-22.10735595397477,-50.16799573577401,SP294,482,L30
-22.10923225887842,-50.17652352336444,SP294,483,L30
-22.1034065803986,-50.18050716212605,SP294,484,L30
-22.10330019711927,-50.1893757345677,SP294,485,L30
-22.10556797566278,-50.19805772222093,SP294,486,L30
-22.10471969237778,-50.20761679428314,SP294,487,L30
-22.10330206666646,-50.21717375855849,SP294,488,L30
-22.10185602843501,-50.22672593406487,SP294,489,L30
-22.10041884740576,-50.2362794948246,SP294,490,L30
-22.10002272057233,-50.24583060796249,SP294,491,L30
-22.09703687568054,-50.25459213629749,SP294,492,L30
-22.09364398954324,-50.26344454771709,SP294,493,L30
-22.09078680982304,-50.27243560451848,SP294,494,L30
-22.08445239058784,-50.27962975425066,SP294,495,L30
-22.07824742095431,-50.28669126176629,SP294,496,L30
-22.073447,-50.295282,SP294,497,L30
-22.0724245231936,-50.30402833457254,SP294,498,L30
-22.07187717054745,-50.3019931589376,SP294,498,L30
-22.075262,-50.312884,SP294,499,L30
-22.07526480530612,-50.31039802179636,SP294,500,L30
-22.07305204588181,-50.32251528793813,SP294,500,L30
-22.07092222347086,-50.33177572298376,SP294,501,L30
-22.06879514574302,-50.34103794229065,SP294,502,L30
-22.06456452103373,-50.34915305668438,SP294,503,L30
-22.05520416421359,-50.35007144374988,SP294,504,L30
-22.04785597184514,-50.35459858093196,SP294,505,L30
-22.04522103041228,-50.36067272646022,SP294,506,L30
-22.04241775530966,-50.36666285221224,SP294,507,L30
-22.03839264847568,-50.37191422399201,SP294,508,L30
-22.03423161333319,-50.37706380222215,SP294,509,L30
-22.0292812693001,-50.38138381896141,SP294,510,L30
-22.02333248276364,-50.38428982199082,SP294,511,L30
-22.01736151674442,-50.38715003522498,SP294,512,L30
-21.99873854645659,-50.39675946377946,SP294,513,L30
-21.99001442729104,-50.40590951486741,SP294,514,L30
-21.98132892165552,-50.41510141446611,SP294,515,L30
-21.97512509023244,-50.42167107209282,SP294,516,L30
-21.96894265551896,-50.42826047011482,SP294,517,L30
-21.96411737210872,-50.43570247551013,SP294,518,L30
-21.9625956145623,-50.44460959958138,SP294,519,L30
-21.96106804099333,-50.45351535678162,SP294,520,L30
-21.95936463931611,-50.46349257363569,SP294,521,L30
-21.95765319821646,-50.47346881245727,SP294,522,L30
-21.95594359800214,-50.48344550410644,SP294,523,L30
-21.95400237971523,-50.49337326192158,SP294,524,L30
-21.95121861914134,-50.50310486815129,SP294,525,L30
-21.9485324040923,-50.51243516138499,SP294,526,L30
-21.95121861914134,-50.50310486815129,SP294,527,L30
-21.94082051450209,-50.52891422987004,SP294,528,L30
-21.9324638880596,-50.53278679402979,SP294,529,L30
-21.92576990211921,-50.53908922275189,SP294,530,L30
-21.91934739351331,-50.54611934999991,SP294,531,L30
-21.91613318803036,-50.55511143242637,SP294,532,L30
-21.91304780080083,-50.56415376635511,SP294,533,L30
-21.91067578117264,-50.57334311851844,SP294,534,L30
-21.91186284458314,-50.58281338716717,SP294,535,L30
-21.90867238928126,-50.59176189123009,SP294,536,L30
-21.90489952218633,-50.60052948392281,SP294,537,L30
-21.90095574775449,-50.60926734581727,SP294,538,L30
-21.89699127639523,-50.61799736825486,SP294,539,L30
-21.89321912242053,-50.62681420354215,SP294,540,L30
-21.88937977237146,-50.63558755151922,SP294,541,L30
-21.88552920220491,-50.6443562719117,SP294,542,L30
-21.88166059161722,-50.65311702445752,SP294,543,L30
-21.87780783823757,-50.66188058113039,SP294,544,L30
-21.87388819129376,-50.67061334471072,SP294,545,L30
-21.8700903430767,-50.67932436307683,SP294,546,L30
-21.86626389588088,-50.68802632999189,SP294,547,L30
-21.86242669230751,-50.69672376923057,SP294,548,L30
-21.85861285094114,-50.70543171348424,SP294,549,L30
-21.85318378433448,-50.71291159806493,SP294,550,L30
-21.84532371367186,-50.71806499140616,SP294,551,L30
-21.83916742617441,-50.72508220134222,SP294,552,L30
-21.83365733579285,-50.7327135706895,SP294,553,L30
-21.82815674380271,-50.74035177981818,SP294,554,L30
-21.8226485345607,-50.74798409118728,SP294,555,L30
-21.81711042911235,-50.75565888820785,SP294,556,L30
-21.8115549513214,-50.7633198935021,SP294,557,L30
-21.80603288757345,-50.77100553856763,SP294,558,L30
-21.80051907804136,-50.77869752967349,SP294,559,L30
-21.79543149999995,-50.78704729999998,SP294,560,L30
-21.79234279999991,-50.7956886999999,SP294,561,L30
-21.78904996315771,-50.80458222631568,SP294,562,L30
-21.78579855815025,-50.81358816347285,SP294,563,L30
-21.78251597973474,-50.82258291325741,SP294,564,L30
-21.78000638536423,-50.83182222460506,SP294,565,L30
-21.77756654613108,-50.84103222233091,SP294,566,L30
-21.77514205864645,-50.85024658897225,SP294,567,L30
-21.77267184920163,-50.85944872409266,SP294,568,L30
-21.770227,-50.868825,SP294,569,L30
-21.76883248512598,-50.8738081857188,SP294,570,L30
-21.7676834813148,-50.87820682587875,SP294,570,L30
-21.76624930674154,-50.88894871537435,SP294,571,L30
-21.76524442627516,-50.89827468383049,SP294,572,L30
-21.76424820145917,-50.90760286586015,SP294,573,L30
-21.76324094008328,-50.91692939541662,SP294,574,L30
-21.76228813100744,-50.92626196572775,SP294,575,L30
-21.76128250836655,-50.93565106603194,SP294,576,L30
-21.75994123979314,-50.94497480129188,SP294,577,L30
-21.75307186794282,-50.95522738327668,SP294,578,L30
-21.74923041493184,-50.96069223574813,SP294,579,L30
-21.74361131541548,-50.9685773519696,SP294,580,L30
-21.73817958161345,-50.97630643490191,SP294,581,L30
-21.73266359284889,-50.98397560760486,SP294,582,L30
-21.7271882239196,-50.99167355879621,SP294,583,L30
-21.72170935598416,-50.99936800996574,SP294,584,L30
-21.71621787503091,-51.00705400679664,SP294,585,L30
-21.70926535854164,-51.01685047523807,SP294,586,L30
-21.70544642621616,-51.02223847917435,SP294,587,L30
-21.70002136238509,-51.02983830051181,SP294,588,L30
-21.69448657548776,-51.03759457788829,SP294,589,L30
-21.6890003721366,-51.04531899182228,SP294,590,L30
-21.68356889565655,-51.05294427119935,SP294,591,L30
-21.67813340592227,-51.06056604466016,SP294,592,L30
-21.67271798167934,-51.06820022519065,SP294,593,L30
-21.66727310853651,-51.07581532195114,SP294,594,L30
-21.66066258728904,-51.08204933787113,SP294,595,L30
-21.65179473871285,-51.08525592471892,SP294,596,L30
-21.64664056628294,-51.09288245799752,SP294,597,L30
-21.64158732437352,-51.10082776400901,SP294,598,L30
-21.63989822100876,-51.11007700874677,SP294,599,L30
-21.63676272176548,-51.11893555133122,SP294,600,L30
-21.63164115916635,-51.1274492069939,SP294,601,L30
-21.62571790244493,-51.13550597548584,SP294,602,L30
-21.6197612226232,-51.14353794841543,SP294,603,L30
-21.61380958571414,-51.15157392857134,SP294,604,L30
-21.60714537674028,-51.15893223244012,SP294,605,L30
-21.60044759999994,-51.16455089999994,SP294,606,L30
-21.59543132394481,-51.17171557831198,SP294,607,L30
-21.58892716190456,-51.1772037453967,SP294,608,L30
-21.58293145838343,-51.18348776562106,SP294,609,L30
-21.57762788978766,-51.19042348340048,SP294,610,L30
-21.57276414598527,-51.19862647153268,SP294,611,L30
-21.56823929207917,-51.2070309259624,SP294,612,L30
-21.56559145332022,-51.21602879511698,SP294,613,L30
-21.56421941682828,-51.22539530606781,SP294,614,L30
-21.5606892125063,-51.23426374110898,SP294,615,L30
-21.55749891957072,-51.24771969207172,SP294,616,L30
-21.55596179999998,-51.26019429999985,SP294,617,L30
-21.55511238683823,-51.26735583862649,SP294,618,L30
-21.55429845442751,-51.27452142872556,SP294,619,L30
-21.55395920150528,-51.28172469080732,SP294,620,L30
-21.55269018960564,-51.29117612652323,SP294,621,L30
-21.54950708339095,-51.30023664221449,SP294,622,L30
-21.54635963078749,-51.30930878949862,SP294,623,L30
-21.5442585281757,-51.31866508900634,SP294,624,L30
-21.54243170227244,-51.32809316540511,SP294,625,L30
-21.53976451862053,-51.3373449446895,SP294,626,L30
-21.53468988765809,-51.3505092070402,SP294,627,L30
-21.53287460230655,-51.35526189877868,SP294,628,L30
-21.52955614265244,-51.36408111424259,SP294,629,L30
-21.52622670618388,-51.37289220504652,SP294,630,L30
-21.52178623480154,-51.3812670524228,SP294,631,L30
-21.51736052871433,-51.38965081085127,SP294,632,L30
-21.51284079509878,-51.39798416878746,SP294,633,L30
-21.50828639051474,-51.40629585799445,SP294,634,L30
-21.5037603945666,-51.41462524154645,SP294,635,L30
-21.499279,-51.423168,SP294,636,L30
-21.49338399999982,-51.43004469999994,SP294,637,L30
-21.49304569999998,-51.43037229999987,SP294,637,L30
-21.48955973093911,-51.43898197790048,SP294,638,L30
-21.48673236717548,-51.447970815725,SP294,639,L30
-21.48397943090646,-51.45697857160434,SP294,640,L30
-21.48250051194532,-51.46644254573363,SP294,641,L30
-21.48092369999983,-51.47589329999988,SP294,642,L30
-21.47616196231365,-51.48412612931145,SP294,643,L30
-21.47272663517231,-51.4929457165515,SP294,644,L30
-21.47406323174999,-51.50242604825696,SP294,645,L30
-21.47556608432438,-51.51210724545081,SP294,646,L30
-21.47481518485012,-51.52559613393441,SP294,647,L30
-21.47301189999996,-51.53084789999991,SP294,648,L30
-21.46933847609751,-51.53951093707303,SP294,649,L30
-21.46555365059771,-51.54813976581,SP294,650,L30
-21.46173979999992,-51.55682909999996,SP294,651,L30
-21.45794024634137,-51.56550644146319,SP294,652,L30
-21.45413623695185,-51.57419128935277,SP294,653,L30
-21.44982609297801,-51.58255819394663,SP294,654,L30
-21.44338047130009,-51.58951134419135,SP294,655,L30
-21.43677605219818,-51.59671736542646,SP294,656,L30
-21.430406,-51.603579,SP294,657,L30
-21.42446404311562,-51.61008624117449,SP294,658,L30
-21.42359310086493,-51.61094873374685,SP294,658,L30
-21.41765711912939,-51.61739012285983,SP294,659,L30
-21.4117117546246,-51.6238221062751,SP294,660,L30
-21.40620566364134,-51.63145625988778,SP294,661,L30
-21.40163812304422,-51.63975652932555,SP294,662,L30
-21.39710327668791,-51.64807497052719,SP294,663,L30
-21.3925265261538,-51.65637070269213,SP294,664,L30
-21.38790828170835,-51.66464252422281,SP294,665,L30
-21.38331931025141,-51.67295674249755,SP294,666,L30
-21.37880257840339,-51.68130927209131,SP294,667,L30
-21.3742103832335,-51.68962252395193,SP294,668,L30
-21.3696440159078,-51.69794862983388,SP294,669,L30
-21.36505985025406,-51.70626581299962,SP294,670,L30
-21.36050398768259,-51.71461630626288,SP294,671,L30
-21.35593874309995,-51.72296108100085,SP294,672,L30
-21.35164922304438,-51.73143606264961,SP294,673,L30
-21.34793798046496,-51.7401848576742,SP294,674,L30
-21.34313846651577,-51.75161270912015,SP294,675,L30
-21.34004173846142,-51.7582131323606,SP294,676,L30
-21.33912618584861,-51.7675684965796,SP294,677,L30
-21.33875705585706,-51.77704372192846,SP294,678,L30
-21.33836381753355,-51.78651852986502,SP294,679,L30
-21.33799644721643,-51.79599395460099,SP294,680,L30
-21.33760474734788,-51.80589114605419,SP294,681,L30
-21.33722806123689,-51.81578487850572,SP294,682,L30
-21.33685698676305,-51.82991144526972,SP294,683,L30
-21.33944396311836,-51.83427773728192,SP294,684,L30
-21.34416959705663,-51.84185777661201,SP294,685,L30
-22.68540085999996,-47.67619626399988,SP304,169,L30
-22.68307667501637,-47.68720563581997,SP304,170,L30
-22.6824130313471,-47.690317168055,SP304,170,L30
-22.68050470089622,-47.69976672458375,SP304,171,L30
-22.6791930899862,-47.70928487736598,SP304,172,L30
-22.67782099050265,-47.7189397977653,SP304,173,L30
-22.67652039515071,-47.72860462775849,SP304,174,L30
-22.67519452379895,-47.73826662969429,SP304,175,L30
-22.67389089545441,-47.74793142272712,SP304,176,L30
-22.67399732099523,-47.75749729067195,SP304,177,L30
-22.67647952937051,-47.76635903356629,SP304,178,L30
-22.67071891116655,-47.77372247649993,SP304,179,L30
-22.66405855658348,-47.78043896939494,SP304,180,L30
-22.65748201631868,-47.78726249316878,SP304,181,L30
-22.65222289322691,-47.79510802390417,SP304,182,L30
-22.64900746168206,-47.80396472102785,SP304,183,L30
-22.64564202053907,-47.81265095584081,SP304,184,L30
-22.63891829642654,-47.81930720058619,SP304,185,L30
-22.63220722424228,-47.82598870675981,SP304,186,L30
-22.62736919266336,-47.83398516411472,SP304,187,L30
-22.62393143254803,-47.84278266081367,SP304,188,L30
-22.61872597964981,-47.8502163256016,SP304,189,L30
-22.61117142053632,-47.8558200354787,SP304,190,L30
-22.60559826778598,-47.86333840186996,SP304,191,L30
-22.60165569999998,-47.87130229999985,SP304,192,L30
-22.59647269503103,-47.87119660248442,SP304,193,L30
-22.59203047012614,-47.87881307180908,SP304,194,L30
-22.58701492208036,-47.88850403348097,SP304,195,L30
-22.58204962784413,-47.89324409461068,SP304,196,L30
-22.57438921897426,-47.89798380495711,SP304,197,L30
-22.56537172799995,-47.90292155699984,SP304,198,L30
-22.56629244972771,-47.90978892207431,SP304,199,L30
-22.56570721610979,-47.91792906247241,SP304,200,L30
-22.56502972944736,-47.92720612328225,SP304,201,L30
-22.5642924580128,-47.9365448605987,SP304,202,L30
-22.56351349430247,-47.94741248074638,SP304,203,L30
-22.56530817544899,-47.95810323053877,SP304,204,L30
-22.56755730804412,-47.96874507487536,SP304,205,L30
-22.5674816771711,-47.9783811552108,SP304,206,L30
-22.56730215399051,-47.988018166823,SP304,207,L30
-22.56711277515387,-47.99765379733042,SP304,208,L30
-22.56695006015656,-48.0072899282278,SP304,209,L30
-22.56941876819394,-48.01625911089968,SP304,210,L30
-22.57303726388875,-48.02492310555544,SP304,211,L30
-22.57296230295475,-48.03466903763592,SP304,212,L30
-22.57249772857136,-48.04436168571419,SP304,213,L30
-22.56745312952302,-48.05266488766074,SP304,214,L30
-22.56480740076477,-48.06169233403948,SP304,215,L30
-22.56546280285704,-48.07131770571413,SP304,216,L30
-22.56613136931139,-48.08094222310369,SP304,217,L30
-22.5658460058874,-48.09056693523792,SP304,218,L30
-22.56492172980098,-48.10017001004492,SP304,219,L30
-22.56411078378363,-48.10880218648641,SP304,220,L30
-22.56495153511174,-48.11738315524929,SP304,221,L30
-22.56687966085855,-48.12583551085851,SP304,222,L30
-22.570966,-48.138559,SP304,223,L30
-22.57312632775597,-48.14259734293114,SP304,224,L30
-22.57131542476048,-48.13916777700353,SP304,224,L30
-22.57798009007081,-48.15188396312044,SP304,225,L30
-22.57753339314246,-48.1619815139432,SP304,226,L30
-22.569926,-48.167072,SP304,227,L30
-22.56268392942246,-48.16872858091926,SP304,228,L30
-22.56019808589201,-48.17100700414926,SP304,228,L30
-22.55407459312971,-48.17809991832048,SP304,229,L30
-22.54714198350502,-48.18435679278338,SP304,230,L30
-22.53973457241864,-48.19012493988794,SP304,231,L30
-22.53247325210446,-48.19606771934014,SP304,232,L30
-22.52716650446916,-48.20099648156418,SP304,233,L30
-22.51998886834525,-48.2016448640287,SP304,234,L30
-22.51261719999997,-48.20205689999989,SP304,235,L30
-22.50643980638966,-48.19939041821073,SP304,236,L30
-22.49975420833317,-48.19949267708329,SP304,237,L30
-22.49323784447876,-48.19664656879838,SP304,238,L30
-22.48692340175046,-48.19099426105026,SP304,239,L30
-22.48123926164658,-48.18452033847518,SP304,240,L30
-22.4719204819167,-48.18302473526217,SP304,241,L30
-22.46283153629105,-48.18052017048835,SP304,242,L30
-22.45386819578761,-48.17755853463326,SP304,243,L30
-22.44492595777444,-48.17454199068828,SP304,244,L30
-22.43986629684315,-48.17362280951943,SP304,245,L30
-22.44038189065327,-48.18304514836921,SP304,246,L30
-22.44089748446351,-48.19246748721923,SP304,247,L30
-22.43995686086379,-48.20169264581796,SP304,248,L30
-22.43288134878878,-48.20769240728623,SP304,249,L30
-22.42476130638073,-48.21271942466655,SP304,250,L30
-22.41755102421172,-48.21869675940894,SP304,251,L30
-22.41844388714514,-48.22807606532228,SP304,252,L30
-22.41833594985894,-48.23733482354294,SP304,253,L30
-22.41358478025063,-48.24553184540667,SP304,254,L30
-22.40942396472889,-48.25099851323762,SP304,255,L30
-22.405313,-48.259821,SP304,256,L30
-22.40521249999995,-48.26190799999995,SP304,257,L30
-22.4050245875444,-48.26424593914578,SP304,257,L30
-22.40419708740149,-48.27398580236212,SP304,258,L30
-22.40443138492225,-48.28372563082036,SP304,259,L30
-22.40549385407348,-48.29344200336749,SP304,260,L30
-22.40711353352708,-48.30298297607253,SP304,261,L30
-22.40568002382963,-48.3122071246807,SP304,262,L30
-22.40188896144252,-48.32111948246268,SP304,263,L30
-22.39882908428564,-48.33024865999988,SP304,264,L30
-22.39925277960515,-48.33991613289447,SP304,265,L30
-22.3956651736388,-48.34883651977066,SP304,266,L30
-22.3915405552238,-48.35759874179088,SP304,267,L30
-22.3873814729368,-48.36632193424283,SP304,268,L30
-22.38643204782841,-48.37537429751814,SP304,269,L30
-22.38852208559344,-48.38517368749404,SP304,270,L30
-22.39019640287707,-48.39382092820458,SP304,271,L30
-22.39203135847731,-48.40307322975764,SP304,272,L30
-22.39086136722085,-48.4124103080759,SP304,273,L30
-22.39138150333321,-48.42174463666657,SP304,274,L30
-22.39405030670235,-48.4307970120642,SP304,275,L30
-22.39671464782532,-48.43985065153658,SP304,276,L30
-22.39943773058485,-48.44908415319139,SP304,277,L30
-22.40217931320984,-48.45831192232481,SP304,278,L30
-22.40489479497342,-48.46754645925915,SP304,279,L30
-22.40559927560963,-48.47704651719505,SP304,280,L30
-22.40405005312482,-48.4864594984374,SP304,281,L30
-22.39903769727738,-48.49467354863867,SP304,282,L30
-22.39124198942631,-48.50025132114706,SP304,283,L30
-22.38317903040036,-48.50550969715159,SP304,284,L30
-22.3751141696622,-48.51076646562717,SP304,285,L30
-22.36703756623803,-48.5160025082393,SP304,286,L30
-22.36067394025628,-48.52286280025623,SP304,287,L30
-22.35473048697236,-48.53013040548933,SP304,288,L30
-22.34880129874483,-48.53740967235126,SP304,289,L30
-22.34288132774554,-48.54469350173389,SP304,290,L30
-22.33694477900542,-48.55193553775302,SP304,291,L30
-22.33102625601896,-48.5591843993131,SP304,292,L30
-22.32509553525318,-48.56646232940999,SP304,293,L30
-22.68307667501637,-47.68720563581985,SP308,174,L30
-22.67820827437305,-47.68801637214477,SP308,174,L30
-22.66515304958551,-47.68744045415708,SP308,175,L30
-22.6564823679999,-47.68985165999986,SP308,176,L30
-22.64785290051674,-47.69241345219621,SP308,177,L30
-22.63920089557871,-47.69489805096447,SP308,178,L30
-22.63054942619738,-47.69736891904188,SP308,179,L30
-22.62308806042006,-47.70208226105324,SP308,180,L30
-22.61645499305189,-47.7085353925973,SP308,181,L30
-22.60931082987531,-47.71427231701239,SP308,182,L30
-22.60041022679576,-47.71332134563323,SP308,183,L30
-22.59147264477906,-47.71092262732997,SP308,184,L30
-22.58250834758315,-47.70989352087959,SP308,185,L30
-22.57542097080284,-47.71598398759119,SP308,186,L30
-22.56868001570081,-47.72247244925211,SP308,187,L30
-22.56239654093213,-47.72941819249808,SP308,188,L30
-22.55799798793964,-47.7374171939697,SP308,189,L30
-22.55482370343941,-47.74596616076423,SP308,190,L30
-22.54748315480674,-47.75178263357873,SP308,191,L30
-22.54126552022461,-47.75669801872653,SP308,192,L30
-22.53505346146386,-47.76162083390727,SP308,193,L30
-22.530781,-47.764549,SP308,194,L30
-22.52196603599998,-47.76665743599983,SP308,195,L30
-22.50235541999984,-47.3997275989999,SP310,153,L30
-22.50031244901623,-47.40656039553334,SP310,154,L30
-22.49762888845555,-47.41568048053983,SP310,155,L30
-22.49490154899996,-47.4247896729999,SP310,156,L30
-22.49214799070603,-47.43407011855709,SP310,157,L30
-22.48938389497516,-47.44334802669034,SP310,158,L30
-22.48664991333266,-47.45263331973723,SP310,159,L30
-22.48390784891973,-47.46187819365002,SP310,160,L30
-22.48118686773978,-47.4711289179997,SP310,161,L30
-22.47841622614584,-47.48036379240284,SP310,162,L30
-22.47563302023025,-47.48959742250986,SP310,163,L30
-22.47292244495515,-47.49884351064463,SP310,164,L30
-22.46938282092225,-47.50779796566979,SP310,165,L30
-22.46558348588172,-47.51665326629467,SP310,166,L30
-22.46225280399989,-47.52567044299991,SP310,167,L30
-22.46173463087484,-47.53528264937501,SP310,168,L30
-22.45873778202213,-47.54443027260981,SP310,169,L30
-22.45409130149824,-47.5528713329623,SP310,170,L30
-22.44802448699988,-47.56036260599984,SP310,171,L30
-22.44108649950277,-47.56633762358393,SP310,172,L30
-22.43317404791497,-47.57093985640472,SP310,173,L30
-22.42500664699895,-47.5750977398157,SP310,174,L30
-22.41690105542938,-47.57936471025375,SP310,175,L30
-22.408108,-47.586534,SP310,176,L30
-22.40542423663209,-47.58884322507249,SP310,177,L30
-22.40247105245362,-47.59136450390611,SP310,177,L30
-22.402471,-47.591365,SP310,177,L30
-22.39549997029474,-47.59743743594424,SP310,178,L30
-22.38907380699982,-47.60407462699983,SP310,179,L30
-22.38221218007567,-47.61154174527979,SP310,180,L30
-22.37603215606731,-47.61820296303107,SP310,181,L30
-22.36927606207621,-47.62555359497634,SP310,182,L30
-22.36310184513252,-47.63228087392434,SP310,183,L30
-22.35818349099986,-47.63994062499989,SP310,184,L30
-22.35276228769743,-47.64714438715203,SP310,185,L30
-22.34496538986951,-47.6516041513276,SP310,186,L30
-22.33595243371519,-47.65167971730347,SP310,187,L30
-22.32798042848663,-47.65611833151297,SP310,188,L30
-22.31943631053599,-47.65839994164458,SP310,189,L30
-22.31299866138869,-47.66466890252173,SP310,190,L30
-22.30530918127687,-47.66907517280709,SP310,191,L30
-22.29742812619514,-47.67343437783348,SP310,192,L30
-22.28576876087715,-47.67902924123251,SP310,193,L30
-22.28144671913248,-47.68215130264689,SP310,194,L30
-22.278544209129,-47.69040131992767,SP310,195,L30
-22.27451874219946,-47.69849152204017,SP310,196,L30
-22.26739419492554,-47.70395313570469,SP310,197,L30
-22.25831601776184,-47.70320637124739,SP310,198,L30
-22.24946499070717,-47.70432236888837,SP310,199,L30
-22.243601,-47.712126,SP310,200,L30
-22.24168260887615,-47.71640223312068,SP310,201,L30
-22.24015746286852,-47.71981245872365,SP310,201,L30
-22.23622756699774,-47.72854916844858,SP310,202,L30
-22.23231631599998,-47.73729186799989,SP310,203,L30
-22.22838217518961,-47.74599577960396,SP310,204,L30
-22.22446742685889,-47.75470937862338,SP310,205,L30
-22.218775,-47.764773,SP310,206,L30
-22.21560787968394,-47.76660416891149,SP310,207,L30
-22.21228968849363,-47.76811143201735,SP310,207,L30
-22.20369687637708,-47.77178278803615,SP310,208,L30
-22.1951757243134,-47.77562296310902,SP310,209,L30
-22.18667165691392,-47.77945907893053,SP310,210,L30
-22.17815760979278,-47.78327065762096,SP310,211,L30
-22.16963133583027,-47.78705264011775,SP310,212,L30
-22.16113487810065,-47.79090575124746,SP310,213,L30
-22.15276642297141,-47.79473134872597,SP310,214,L30
-22.14434284312051,-47.79843013512715,SP310,215,L30
-22.13653511199988,-47.80329136136913,SP310,216,L30
-22.12880848219163,-47.80828855281709,SP310,217,L30
-22.12102508599997,-47.81319440999988,SP310,218,L30
-22.11329885469377,-47.81809423065442,SP310,219,L30
-22.10556619823757,-47.82298379063099,SP310,220,L30
-22.09785910426467,-47.82791306486087,SP310,221,L30
-22.09016939499986,-47.83286724299984,SP310,222,L30
-22.08241448905517,-47.83788896699099,SP310,223,L30
-22.07468203389402,-47.84294192557763,SP310,224,L30
-22.06686849501881,-47.84787596644509,SP310,225,L30
-22.05910507004643,-47.8528880050859,SP310,226,L30
-22.051542,-47.857663,SP310,227,L30
-22.04537482399991,-47.86159459399983,SP310,228,L30
-22.25754149357846,-49.53657837412663,SP331,165,L30
-22.26149288056558,-49.54622947940437,SP331,166,L30
-22.26508446465095,-49.55481546465097,SP331,167,L30
-22.27165524126798,-49.56098788791439,SP331,168,L30
-22.27975538779322,-49.56548556760549,SP331,169,L30
-22.28136049925456,-49.57428786440227,SP331,170,L30
-22.28700010636555,-49.58139081949275,SP331,171,L30
-22.29283733555332,-49.58853526895183,SP331,172,L30
-22.29636049683671,-49.59705683456872,SP331,173,L30
-22.29870100322569,-49.60597099677409,SP331,174,L30
-22.29836521132881,-49.61505575504053,SP331,175,L30
-22.30358708478246,-49.62279759565206,SP331,176,L30
-22.30781886077068,-49.63100575746836,SP331,177,L30
-22.31646019999982,-49.63352619999989,SP331,178,L30
-22.32569909999989,-49.63405789999986,SP331,179,L30
-22.33453101754884,-49.63662156861528,SP331,180,L30
-22.34285582701472,-49.64029454651818,SP331,181,L30
-22.35118380269,-49.64395774703144,SP331,182,L30
-22.35951447616276,-49.64761684764147,SP331,183,L30
-22.36749170143253,-49.65227590773617,SP331,184,L30
-22.37027487725612,-49.66096114491756,SP331,185,L30
-22.37078638034382,-49.67079023872362,SP331,186,L30
-22.37130343980874,-49.68061859609895,SP331,187,L30
-22.37229733626799,-49.6903943157871,SP331,188,L30
-22.37439763018671,-49.69972410125484,SP331,189,L30
-22.37648482492187,-49.70905670160897,SP331,190,L30
-22.37847668216006,-49.71847949478138,SP331,191,L30
-22.37945979571532,-49.72806044600662,SP331,192,L30
-22.38043198788557,-49.73764274209407,SP331,193,L30
-22.38277931056962,-49.74694720480113,SP331,194,L30
-22.38789319999984,-49.76668919999992,SP331,196,L30
-22.38726113726318,-49.76433418555541,SP331,196,L30
-22.39029688432697,-49.77289557019174,SP331,197,L30
-22.39450342004062,-49.78420550835109,SP331,198,L30
-22.39775323151571,-49.7929828155057,SP331,199,L30
-22.40098391787825,-49.8017672764194,SP331,200,L30
-22.40642018251191,-49.80961018495151,SP331,201,L30
-22.40872548930685,-49.81872832888376,SP331,202,L30
-22.40874756371954,-49.82833148050463,SP331,203,L30
-22.40870796544016,-49.83803153061467,SP331,204,L30
-22.40974697120203,-49.84762657149457,SP331,205,L30
-22.41641231699998,-49.86018735699986,SP331,207,L30
-21.79543919999986,-50.78705289999982,SP425,374,L30
-21.79918958615065,-50.79045320185962,SP425,375,L30
-21.80605926994804,-50.79663902176156,SP425,376,L30
-21.81291095951229,-50.80284589941715,SP425,377,L30
-21.81986399111929,-50.80914376866771,SP425,378,L30
-21.82681264705872,-50.81544482975767,SP425,379,L30
-21.83377166871145,-50.82173595889566,SP425,380,L30
-21.84075647329212,-50.82799799714833,SP425,381,L30
-21.84755887864162,-50.83414143505513,SP425,382,L30
-21.85434113730793,-50.84030003850677,SP425,383,L30
-21.86144866248833,-50.84674311156203,SP425,384,L30
-21.86856486814827,-50.85317625880498,SP425,385,L30
-21.87567330905574,-50.85964020053268,SP425,386,L30
-21.88280801490708,-50.86607631496513,SP425,387,L30
-21.88994852890551,-50.87250426844503,SP425,388,L30
-21.89684091214991,-50.87874416785519,SP425,389,L30
-21.903528,-50.884782,SP425,390,L30
-21.91038062241068,-50.89099661748713,SP425,391,L30
-21.90843419999987,-50.88922179999993,SP425,391,L30
-21.91647331153405,-50.89651235490824,SP425,392,L30
-21.92397439292023,-50.90342033097329,SP425,393,L30
-21.92982423463354,-50.91176895205973,SP425,394,L30
-21.93556646085722,-50.92019956714819,SP425,395,L30
-21.9401985660877,-50.92702933917514,SP425,396,L30
-21.94484872297738,-50.93384719734053,SP425,397,L30
-21.95009502481969,-50.94156112925543,SP425,398,L30
-21.95436961669526,-50.94782312188619,SP425,399,L30
-21.958644208571,-50.954085114517,SP425,400,L30
-21.9639922996771,-50.96190177245819,SP425,401,L30
-21.96932866301984,-50.96972576272418,SP425,402,L30
-21.97467966300144,-50.97757259458472,SP425,403,L30
-21.98001003018862,-50.98543332349902,SP425,404,L30
-21.98552802271269,-50.99316129079433,SP425,405,L30
-21.99117880638846,-51.000625772092,SP425,406,L30
-21.99684394326999,-51.00807917905183,SP425,407,L30
-22.00264864302818,-51.01565071593159,SP425,408,L30
-22.00831451500272,-51.02318391968396,SP425,409,L30
-22.01402715927998,-51.03068139555006,SP425,410,L30
-22.01942396517018,-51.03785043257898,SP425,411,L30
-22.0252173190475,-51.0455401895673,SP425,412,L30
-22.03102590974351,-51.05321867602834,SP425,413,L30
-22.03668081090132,-51.06069215307933,SP425,414,L30
-22.0423282012373,-51.06817154547019,SP425,415,L30
-22.04794427756121,-51.07562603486315,SP425,416,L30
-22.05357316574964,-51.08307072628089,SP425,417,L30
-22.0591873680076,-51.09052742825583,SP425,418,L30
-22.06517096348136,-51.09848700113554,SP425,419,L30
-22.07079031766767,-51.1059432731447,SP425,420,L30
-22.07639243059447,-51.11341133200142,SP425,421,L30
-22.08206552959172,-51.12096033469372,SP425,422,L30
-22.0877391942031,-51.12850890104323,SP425,423,L30
-22.09337994316923,-51.13603951092875,SP425,424,L30
-22.09902746951644,-51.14356630769976,SP425,425,L30
-22.10471263289151,-51.15114070311756,SP425,426,L30
-22.11038785152664,-51.15872184925325,SP425,427,L30
-22.11604369181271,-51.16627332982443,SP425,428,L30
-22.124749,-51.177864,SP425,429,L30
-22.12732470455762,-51.18133886884123,SP425,430,L30
-22.12452379999991,-51.17760459999982,SP425,430,L30
-22.13134699999995,-51.19274229999996,SP425,431,L30
-22.13320335170545,-51.19950576007028,SP425,432,L30
-22.13573850199197,-51.20879726927063,SP425,433,L30
-22.1382965967199,-51.2180956247168,SP425,434,L30
-22.14085197547109,-51.22739553268229,SP425,435,L30
-22.14345076707247,-51.23684244088332,SP425,436,L30
-22.146301,-51.247485,SP425,437,L30
-22.14864456225263,-51.25575639660354,SP425,438,L30
-22.14757732435174,-51.25163639949204,SP425,438,L30
-22.15124488875796,-51.26521043519704,SP425,439,L30
-22.15383124415092,-51.27466883178982,SP425,440,L30
-22.15635376280318,-51.28391413376045,SP425,441,L30
-22.15888127033668,-51.2931592623363,SP425,442,L30
-22.16138242753618,-51.30227392046544,SP425,443,L30
-22.1638796857244,-51.31138928554542,SP425,444,L30
-22.16636688808956,-51.32050678520392,SP425,445,L30
-22.16892802273719,-51.32989314659392,SP425,446,L30
-22.1715852299493,-51.33925230500466,SP425,447,L30
-22.17402594729862,-51.34839747303413,SP425,448,L30
-22.17606871968354,-51.35763703391586,SP425,449,L30
-22.17916410999987,-51.36929631299989,SP425,450,L30
-22.32708769416382,-48.10614953725792,SPA005/197,0,L30
-22.31906502357418,-48.10794892678706,SPA005/197,1,L30
-22.31181832444008,-48.11315592739584,SPA005/197,2,L30
-22.30475551708736,-48.11907128844786,SPA005/197,3,L30
-22.292096,-48.12938,SPA005/197,4,L30
-22.29209644099996,-48.12937955799987,SPA005/197,5,L30
-22.46052279999992,-49.33782889999993,SPA006/293,0,L30
-22.46001735384652,-49.33749083033023,SPA006/293,0,L30
-22.45921998199992,-49.33695750499993,SPA006/293,0,L30
-22.4031700999999,-49.40177669999991,SPA017/293,0,L30
-22.40818377899984,-49.40336366799988,SPA017/293,1,L30
-22.27469227399985,-48.11959743699998,SPA130/225,0,L30
-22.28192361799989,-48.12580672699994,SPA130/225,1,L30
-22.26491820799998,-48.38111593599996,SPA159/225,0,L30
-22.2738144563524,-48.3798947739553,SPA159/225,1,L30
-22.28231653137107,-48.38219763575382,SPA159/225,2,L30
-22.29009626634905,-48.38690606973865,SPA159/225,3,L30
-22.29813823788771,-48.39104869259467,SPA159/225,4,L30
-22.30717456792706,-48.3919680023883,SPA159/225,5,L30
-22.31610956152673,-48.39365589499772,SPA159/225,6,L30
-22.32504722354031,-48.39533078150208,SPA159/225,7,L30
-22.33399969099986,-48.39685302199996,SPA159/225,8,L30
-22.34305100012409,-48.39759268811099,SPA159/225,9,L30
-22.35722005499997,-48.3932002059999,SPA159/225,11,L30
-22.26491820799998,-48.38111593599984,SPA160/225,0,L30
-22.25619639898099,-48.38234606398208,SPA160/225,1,L30
-22.24828952599984,-48.38511685499986,SPA160/225,2,L30
-22.28576876087715,-47.67902924123251,SPA193/310,0,L30
-22.27821568672169,-47.67352975956044,SPA193/310,1,L30
-22.27148852599987,-47.66702867699985,SPA193/310,2,L30
-22.26391054777781,-47.66211393199035,SPA193/310,3,L30
-22.25473911787418,-47.66136243689812,SPA193/310,4,L30
-22.24591515916245,-47.65937292072306,SPA193/310,5,L30
-22.23994566186047,-47.65239965337514,SPA193/310,6,L30
-22.23426005816515,-47.64514899042285,SPA193/310,7,L30
-22.22771153030698,-47.63854764300305,SPA193/310,8,L30
-22.22212621199992,-47.62672336999993,SPA193/310,9,L30
-22.30952170899997,-48.69198526899993,SPA195/225,0,L30
-22.30047401157037,-48.6919371857731,SPA195/225,1,L30
-22.29141354395978,-48.69256038183011,SPA195/225,2,L30
-22.28255093199982,-48.6942123799999,SPA195/225,3,L30
-22.2746436958389,-48.69878168632265,SPA195/225,4,L30
-22.26690618621183,-48.70367130235433,SPA195/225,5,L30
-22.25915692143218,-48.70854357705076,SPA195/225,6,L30
-22.251418,-48.713484,SPA195/225,7,L30
-22.24547574899998,-48.71722130099994,SPA195/225,8,L30
-22.58701492208036,-47.88850403348097,SPA195/304,1,L30
-22.59580371398698,-47.88671361823128,SPA195/304,2,L30
-22.60213128899989,-47.8848678679999,SPA195/304,3,L30
-22.38726113726318,-49.76433418555541,SPA195/331,0,L30
-22.38299950199985,-49.76090638799992,SPA195/331,1,L30
-22.38789319999984,-49.76668919999992,SPA196/331,0,L30
-22.39665371882575,-49.76559395874563,SPA196/331,1,L30
-22.40509747575391,-49.76407279227612,SPA196/331,2,L30
-22.41399026096258,-49.76321958149043,SPA196/331,3,L30
-22.42271414330389,-49.76540927920888,SPA196/331,4,L30
-22.43136052503155,-49.7681281137414,SPA196/331,5,L30
-22.43622739299991,-49.768294982,SPA196/331,6,L30
-22.56537172799995,-47.90292155699984,SPA198/304,0,L30
-22.56030854799997,-47.90482307099995,SPA198/304,1,L30
-22.24168260887603,-47.71640223312056,SPA200/310,0,L30
-22.24408477199086,-47.72571691010114,SPA200/310,1,L30
-22.24663293144903,-47.7350727842276,SPA200/310,2,L30
-22.24914426263251,-47.74443749134201,SPA200/310,3,L30
-22.25163631047099,-47.75380838352538,SPA200/310,4,L30
-22.25413443150518,-47.76317683316171,SPA200/310,5,L30
-22.25654999889832,-47.77249162435339,SPA200/310,6,L30
-22.25909629830397,-47.78177010282934,SPA200/310,7,L30
-22.2614377880991,-47.79109639416572,SPA200/310,8,L30
-22.25923963332656,-47.80038026631679,SPA200/310,9,L30
-22.25636156299987,-47.80955812799982,SPA200/310,10,L30
-22.56502972944736,-47.92720612328225,SPA201/304,0,L30
-22.5560903239288,-47.92570400378929,SPA201/304,1,L30
-22.55141584699987,-47.92142990699983,SPA201/304,2,L30
-22.57131542476048,-48.13916777700353,SPA223/304,0,L30
-22.57103681319762,-48.14894731675673,SPA223/304,1,L30
-22.56935649099995,-48.15940950199996,SPA223/304,2,L30
-22.56268392942246,-48.16872858091926,SPA227/304,0,L30
-22.56935649099995,-48.15940950199996,SPA227/304,1,L30
-22.31700808798075,-48.99493193697596,SPA228/225,0,L30
-22.31064294948396,-48.99982291132034,SPA228/225,1,L30
-22.30753306186784,-49.00887692487062,SPA228/225,2,L30
-22.30992467973556,-49.0185439770338,SPA228/225,3,L30
-22.31218009301659,-49.02784990100486,SPA228/225,4,L30
-22.31399993699983,-49.03533967399984,SPA228/225,5,L30
-22.33411519999981,-49.18894349999994,SPA360/294,0,L30
-22.341780425732,-49.18418824043482,SPA360/294,1,L30
-22.34826957792421,-49.17758779968761,SPA360/294,2,L30
-22.35359323697224,-49.16993841107166,SPA360/294,3,L30
-22.36144705438926,-49.16559659047163,SPA360/294,4,L30
-22.37010233468652,-49.16286653344281,SPA360/294,5,L30
-22.37900710383002,-49.16262348318139,SPA360/294,6,L30
-22.38792690219299,-49.16370655110353,SPA360/294,7,L30
-22.39653407768236,-49.16166966461623,SPA360/294,8,L30
-22.40190104290093,-49.15435448778857,SPA360/294,9,L30
-22.40603550775796,-49.14568377294057,SPA360/294,10,L30
-22.41027447199991,-49.13915469899986,SPA360/294,11,L30
-22.26040332659676,-49.52922269471173,SPA402/294,0,L30
-22.26881381256089,-49.53267355249181,SPA402/294,1,L30
-22.27723297292789,-49.53612754466587,SPA402/294,2,L30
-22.28646029999982,-49.53992149999993,SPA402/294,3,L30
-22.28568092973796,-49.53958313866349,SPA402/294,3,L30
-22.2187162696215,-49.69349367036727,SPA420/294,0,L30
-22.21631172027304,-49.68444677210255,SPA420/294,1,L30
-22.21203175309682,-49.67745335939821,SPA420/294,2,L30
-22.21130652899996,-49.66977957299998,SPA420/294,3,L30
-22.13134699999995,-51.19274229999996,SPA431/425,0,L30
-22.12513283160587,-51.19905559023118,SPA431/425,1,L30
-22.11891866321179,-51.20536888046252,SPA431/425,2,L30
-22.11270449481782,-51.21168217069373,SPA431/425,3,L30
-22.10472513868115,-51.21129872103289,SPA431/425,4,L30
-22.09689337874511,-51.21290581557826,SPA431/425,5,L30
-22.08855706070028,-51.21141336162441,SPA431/425,6,L30
-22.08042698687797,-51.20789602626002,SPA431/425,7,L30
-22.0722969130556,-51.20437869089563,SPA431/425,8,L30
-22.06481103259341,-51.2082420235617,SPA431/425,9,L30
-22.06188408165048,-51.2164933909919,SPA431/425,10,L30
-22.05625914564968,-51.22301662301471,SPA431/425,11,L30
-22.04925448179478,-51.22843961301788,SPA431/425,12,L30
-22.04224981793976,-51.23386260302101,SPA431/425,13,L30
-22.03514490907907,-51.23910521648115,SPA431/425,14,L30
-22.02605887906874,-51.24096303163499,SPA431/425,15,L30
-22.14757732435174,-51.25163639949204,SPA437/425,0,L30
-22.15685584637879,-51.25118472080953,SPA437/425,1,L30
-22.16598667740357,-51.25029680351524,SPA437/425,2,L30
-22.44586555586966,-50.58314462692482,SPA475/284,0,L30
-22.26087739999997,-50.70552409999982,SPA498/284,0,L30
-22.25956776283397,-50.70481090010514,SPA498/284,0,L30
-22.25525762509471,-50.69802568512478,SPA498/284,1,L30
-22.25441495351578,-50.6887610256673,SPA498/284,2,L30
-22.25543714455108,-50.67910930094365,SPA498/284,3,L30
-22.25612791256907,-50.66971888881773,SPA498/284,4,L30
-22.25665741759155,-50.66031932428115,SPA498/284,5,L30
-22.258219,-50.651709,SPA498/284,6,L30
-22.25696741133663,-50.76692600132094,SPA504/284,0,L30
-22.25391272999985,-50.76671091599992,SPA504/284,0,L30
-22.00980076299993,-50.39076008399985,SPA511/294,0,L30
-22.00852333999995,-50.38851177199995,SPA511/294,0,L30
-22.2391960999999,-50.88862269999998,SPA517/284,0,L30
-22.23805540699993,-50.88849176899998,SPA517/284,0,L30
-21.76883248512598,-50.8738081857188,SPA570/294,0,L30
-21.7690412,-50.87397,SPA570/294,1,L30
-21.79973327961318,-50.89670134081524,SPA570/294,5,L30
-21.80668962984254,-50.90273753783134,SPA570/294,6,L30
-21.81279557621923,-50.90951039178208,SPA570/294,7,L30
-21.81422889996418,-50.91913047989016,SPA570/294,8,L30
-21.81552557633398,-50.92865989180155,SPA570/294,9,L30
-21.82312532675871,-50.93307572550958,SPA570/294,10,L30
-21.831689585307,-50.93613078088828,SPA570/294,11,L30
-21.8401055150099,-50.93913292417488,SPA570/294,12,L30
-21.84865336596141,-50.94280357072194,SPA570/294,13,L30
-21.85715302531918,-50.94612500887047,SPA570/294,14,L30
-21.8654499224715,-50.94957806646073,SPA570/294,15,L30
-21.87373316408537,-50.95349778672431,SPA570/294,16,L30
-21.76625661399981,-50.88894947999984,SPA571/294,0,L30
-21.75766519523495,-50.88704235701658,SPA571/294,1,L30
-21.74932824604645,-50.89013770718332,SPA571/294,2,L30
-21.74025197924732,-50.8903502336604,SPA571/294,3,L30
-21.73131407260053,-50.88933099295957,SPA571/294,4,L30
-21.72244357132763,-50.88760245870731,SPA571/294,5,L30
-21.71354723179627,-50.88586174291669,SPA571/294,6,L30
-21.70465109793975,-50.88411830101882,SPA571/294,7,L30
-21.69583176861175,-50.88214281896717,SPA571/294,8,L30
-21.68701243928376,-50.88016733691563,SPA571/294,9,L30
-21.6779106539999,-50.87875676999982,SPA571/294,10,L30
-21.67008712389037,-50.87420310260951,SPA571/294,11,L30
-21.66252450857115,-50.86916311086492,SPA571/294,12,L30
-21.65436125989129,-50.86573149325892,SPA571/294,13,L30
-21.64533472500915,-50.86470034393852,SPA571/294,14,L30
-21.63632834870185,-50.86336868270912,SPA571/294,15,L30
-21.75307186794282,-50.95522738327668,SPA578/294,0,L30
-21.76164997563785,-50.95849476317284,SPA578/294,1,L30
-21.70926535854164,-51.01685047523807,SPA585/294,0,L30
-21.71146452885438,-51.01824700516975,SPA585/294,0,L30
-21.70238180299998,-51.06204155299998,SPA592/294,0,L30
-21.70930462803631,-51.06785847346544,SPA592/294,1,L30
-21.71637071525913,-51.07379577032936,SPA592/294,2,L30
-21.72346556367592,-51.07969852395865,SPA592/294,3,L30
-21.73064912678245,-51.08540580926052,SPA592/294,4,L30
-21.73918655473818,-51.08875538191352,SPA592/294,5,L30
-21.74761639998962,-51.0920391927167,SPA592/294,6,L30
-21.75604624524135,-51.09532300351998,SPA592/294,7,L30
-21.76453482201953,-51.09862969294261,SPA592/294,8,L30
-21.77302339879793,-51.10193638236534,SPA592/294,9,L30
-21.78149955034479,-51.10525565186265,SPA592/294,10,L30
-21.78858112762498,-51.11138903399813,SPA592/294,11,L30
-21.79284892960106,-51.11863606723381,SPA592/294,12,L30
-21.78944072936918,-51.12763418678361,SPA592/294,13,L30
-21.7878659599553,-51.13707552253254,SPA592/294,14,L30
-21.78591620906195,-51.14642884467878,SPA592/294,15,L30
-21.79039037560159,-51.15478745527071,SPA592/294,16,L30
-21.79468479556425,-51.16212198229414,SPA592/294,17,L30
-21.79066500759501,-51.17082961552308,SPA592/294,18,L30
-21.60714537674028,-51.15893223244012,SPA605/294,0,L30
-21.61570338339101,-51.16214456283365,SPA605/294,1,L30
-21.61838587599993,-51.16508986499985,SPA605/294,2,L30
-21.55749891957072,-51.24771969207172,SPA616/294,0,L30
-21.56405640813949,-51.2542324772245,SPA616/294,1,L30
-21.55596179999998,-51.26019429999985,SPA617/294,0,L30
-21.55478972999998,-51.25929999499982,SPA617/294,0,L30
-21.53468988765809,-51.35050920704009,SPA627/294,0,L30
-21.54314357037521,-51.3541474830743,SPA627/294,1,L30
-21.55121203527295,-51.35414553179634,SPA627/294,2,L30
-21.55972138352779,-51.35114710848679,SPA627/294,3,L30
-21.42446404311562,-51.61008624117449,SPA658/294,0,L30
-21.41773747947752,-51.60377127461651,SPA658/294,1,L30
-21.41109114380885,-51.59715874600403,SPA658/294,2,L30
-21.40447837926126,-51.59057690739905,SPA658/294,3,L30
-21.39798547377166,-51.58392391682452,SPA658/294,4,L30
-21.33692172646408,-51.82986076092953,SPA683/294,0,L30
-21.32768227320025,-51.83038758557001,SPA683/294,1,L30
-21.32100711914445,-51.83040239894002,SPA683/294,2,L30
-22.40671700752313,-47.67631687435955,SPI083/191,0,L30
-22.40932324709939,-47.66718928829614,SPI083/191,1,L30
-22.40965773280118,-47.65800841348782,SPI083/191,2,L30
-22.40592893846815,-47.64972675324492,SPI083/191,3,L30
-22.39994907357101,-47.64358318640524,SPI083/191,4,L30
-22.4028414658091,-47.63382429319382,SPI083/191,5,L30
-22.40668265525341,-47.62440775774252,SPI083/191,6,L30
-22.41093671014335,-47.61517153310575,SPI083/191,7,L30
-22.41085251151191,-47.60565360046638,SPI083/191,8,L30
-22.40460391061282,-47.59766710741104,SPI083/191,9,L30
-22.40542423663209,-47.58884322507249,SPI083/191,10,L30
-22.52196603599998,-47.76665743599983,SPI194/308,0,L30
-22.51619358002409,-47.75965627779368,SPI194/308,1,L30
-22.50972253381093,-47.75350362929731,SPI194/308,2,L30
-22.50000969901936,-47.75224244056625,SPI194/308,3,L30
-22.04363505418117,-47.86225999712089,SP310,228,L31
-22.03338003050657,-47.86032138269503,SP310,229,L31
-22.02578019839095,-47.85885454391909,SP310,230,L31
-22.01662660435062,-47.85717377452884,SP310,231,L31
-22.00838760043313,-47.86085481892884,SP310,232,L31
-22.00264670766548,-47.86806619379634,SP310,233,L31
-21.99676315240952,-47.87546610028029,SP310,234,L31
-21.9916465431255,-47.88317314714536,SP310,235,L31
-21.98868128595226,-47.89254385993887,SP310,236,L31
-21.98589889145149,-47.9013493578583,SP310,237,L31
-21.98301478576367,-47.91062005471044,SP310,238,L31
-21.98008138622247,-47.9198540335784,SP310,239,L31
-21.97684749877127,-47.93025100687232,SP310,240,L31
-21.97439044173019,-47.93803361353502,SP310,241,L31
-21.97145608643931,-47.94740012930233,SP310,242,L31
-21.96864856782942,-47.95650047271909,SP310,243,L31
-21.96571485823419,-47.96579037985532,SP310,244,L31
-21.96280608341989,-47.97490721261249,SP310,245,L31
-21.95746944444445,-47.98290804913244,SP310,246,L31
-21.95196928670466,-47.99058835662439,SP310,247,L31
-21.94648996519824,-47.99830981471748,SP310,248,L31
-21.94094176025464,-48.00599056946282,SP310,249,L31
-21.93537799748402,-48.01364684596082,SP310,250,L31
-21.92986328494021,-48.02133047488641,SP310,251,L31
-21.92432488269419,-48.02899224719219,SP310,252,L31
-21.91878389750953,-48.0366328954234,SP310,253,L31
-21.91326745082231,-48.04427336054852,SP310,254,L31
-21.90771011511917,-48.05195421581261,SP310,255,L31
-21.9021722184357,-48.05962472759315,SP310,256,L31
-21.89681606310215,-48.06705695832288,SP310,257,L31
-21.89111168907635,-48.07493403420203,SP310,258,L31
-21.88570820240139,-48.08236409323884,SP310,259,L31
-21.87973283701819,-48.08959011735399,SP310,260,L31
-21.87548321427592,-48.09814099955096,SP310,261,L31
-21.87026806956229,-48.10592122756885,SP310,262,L31
-21.86472793961517,-48.11354691002331,SP310,263,L31
-21.85940832244866,-48.12086425730211,SP310,264,L31
-21.85397816160445,-48.12843497611029,SP310,265,L31
-21.84841133756333,-48.13613219209939,SP310,266,L31
-21.84262647056037,-48.14453341869186,SP310,267,L31
-21.83740792926487,-48.15174486329944,SP310,268,L31
-21.83192806351215,-48.1594022950588,SP310,269,L31
-21.82644831861853,-48.16707047593569,SP310,270,L31
-21.82181990215556,-48.17352707370391,SP310,271,L31
-21.81607404754752,-48.18142110163556,SP310,272,L31
-21.81045572061434,-48.18921749039299,SP310,273,L31
-21.80497478366611,-48.19692239621055,SP310,274,L31
-21.79904376831608,-48.20507847803674,SP310,275,L31
-21.79315608542981,-48.21270558930516,SP310,276,L31
-21.78698277710386,-48.22015609069564,SP310,277,L31
-21.78093968047211,-48.22754403436112,SP310,278,L31
-21.77509133798287,-48.23464349961613,SP310,279,L31
-21.76930357930445,-48.24176779451607,SP310,280,L31
-21.76344692022249,-48.2489231102258,SP310,281,L31
-21.75738039024343,-48.25625932722397,SP310,282,L31
-21.75139323916515,-48.26347523050958,SP310,283,L31
-21.74548165079385,-48.27074165933962,SP310,284,L31
-21.73955111459609,-48.27801383439768,SP310,285,L31
-21.73355936993669,-48.28529694924781,SP310,286,L31
-21.72760925995768,-48.29252592395507,SP310,287,L31
-21.72153713935713,-48.29994828939509,SP310,288,L31
-21.71572033903233,-48.30705324105708,SP310,289,L31
-21.70972051064819,-48.31433312005225,SP310,290,L31
-21.7036935586447,-48.32164919473626,SP310,291,L31
-21.69766003583096,-48.32885015358152,SP310,292,L31
-21.69099432767573,-48.33541345104813,SP310,293,L31
-21.68569294277377,-48.34311012880002,SP310,294,L31
-21.67973742985009,-48.35037965562177,SP310,295,L31
-21.67380005889428,-48.35762294152013,SP310,296,L31
-21.66783723681683,-48.36486723945701,SP310,297,L31
-21.66186847038279,-48.37218752601451,SP310,298,L31
-21.65589412018329,-48.37939554929908,SP310,299,L31
-21.64926676797444,-48.38600719204878,SP310,300,L31
-21.64252113146644,-48.39238311233352,SP310,301,L31
-21.63578116562999,-48.39890951701111,SP310,302,L31
-21.62908699891652,-48.40533529241269,SP310,303,L31
-21.62233646755083,-48.41179962992254,SP310,304,L31
-21.61559802175548,-48.4182909723967,SP310,305,L31
-21.60890717847887,-48.4247498324418,SP310,306,L31
-21.60219853846188,-48.43120111081436,SP310,307,L31
-21.59550788747111,-48.43763413912841,SP310,308,L31
-21.58875280346425,-48.44410914770872,SP310,309,L31
-21.58203244381278,-48.45060325195579,SP310,310,L31
-21.57530031756986,-48.45706293265213,SP310,311,L31
-21.5686106173468,-48.46354964994674,SP310,312,L31
-21.56313578669351,-48.47123495712599,SP310,313,L31
-21.55781080125203,-48.4790697281271,SP310,314,L31
-21.55256504296374,-48.48669916548842,SP310,315,L31
-21.54713213091266,-48.4946002016552,SP310,316,L31
-21.54176283927083,-48.50240799104765,SP310,317,L31
-21.53637531074033,-48.51022185578741,SP310,318,L31
-21.53105475256515,-48.51795153511038,SP310,319,L31
-21.52566280047071,-48.525695095247,SP310,320,L31
-21.52039540410873,-48.53345752803264,SP310,321,L31
-21.51474930811248,-48.54161142605586,SP310,322,L31
-21.50964735593469,-48.54898751587823,SP310,323,L31
-21.50430653758954,-48.55669960021891,SP310,324,L31
-21.49900939551748,-48.56444304472851,SP310,325,L31
-21.49363906237147,-48.57221074275136,SP310,326,L31
-21.4882880907136,-48.58000703674571,SP310,327,L31
-21.4829280169493,-48.58777122704188,SP310,328,L31
-21.47724696875327,-48.59598158707581,SP310,329,L31
-21.47196886061069,-48.60362468547961,SP310,330,L31
-21.46677854274637,-48.61113118608577,SP310,331,L31
-21.46137367629331,-48.61894915950561,SP310,332,L31
-21.45601286329048,-48.62671107256707,SP310,333,L31
-21.45066680801813,-48.63442766075875,SP310,334,L31
-21.44525438576256,-48.64222591392662,SP310,335,L31
-21.43989144520916,-48.64998768587385,SP310,336,L31
-21.4342927939371,-48.6580774214001,SP310,337,L31
-21.42913033578738,-48.66551465397669,SP310,338,L31
-21.42376934632815,-48.67324948392908,SP310,339,L31
-21.41831788037911,-48.68109344228037,SP310,340,L31
-21.41298992131888,-48.68873523026588,SP310,341,L31
-21.40762070609938,-48.69650371841591,SP310,342,L31
-21.40226991936858,-48.70422625357159,SP310,343,L31
-21.39683486639712,-48.71195318800194,SP310,344,L31
-21.39146659124618,-48.71974252346858,SP310,345,L31
-21.38567629947746,-48.72744723364891,SP310,346,L31
-21.38073114471276,-48.7351559517804,SP310,347,L31
-21.37531290773193,-48.74292214675389,SP310,348,L31
-21.3699371878541,-48.75065260155508,SP310,349,L31
-21.36454480332352,-48.75840615764946,SP310,350,L31
-21.35913962991022,-48.76616341516275,SP310,351,L31
-21.35302408976646,-48.77327427231971,SP310,352,L31
-21.34691721715914,-48.78030851193508,SP310,353,L31
-21.34073910486432,-48.78737948212041,SP310,354,L31
-21.3347533997371,-48.79460368833172,SP310,355,L31
-21.3284814302638,-48.80149509705114,SP310,356,L31
-21.32234289166517,-48.80856735379599,SP310,357,L31
-21.31615329582643,-48.81563202868763,SP310,358,L31
-21.31003664849635,-48.82269671707693,SP310,359,L31
-21.30375981988238,-48.82984691140641,SP310,360,L31
-21.29769580890742,-48.83677794027606,SP310,361,L31
-21.29157013918259,-48.84381294133817,SP310,362,L31
-21.28543052258372,-48.8508047787788,SP310,363,L31
-21.27918176510382,-48.85786385175236,SP310,364,L31
-21.27288968718245,-48.86461494007337,SP310,365,L31
-21.26648089453196,-48.8713539422769,SP310,366,L31
-21.2600562156874,-48.87809760010096,SP310,367,L31
-21.25325277088559,-48.8851901936283,SP310,368,L31
-21.24722720144699,-48.89143679825036,SP310,369,L31
-21.24063240409226,-48.8982561543743,SP310,370,L31
-21.23419458214609,-48.90498642328693,SP310,371,L31
-21.22774205086299,-48.9117597963409,SP310,372,L31
-21.22127879082899,-48.91845400115037,SP310,373,L31
-21.21479749218092,-48.92519954410442,SP310,374,L31
-21.20870053770432,-48.93153071434027,SP310,375,L31
-21.20186858493306,-48.93867853329581,SP310,376,L31
-21.19543554699443,-48.94533515778262,SP310,377,L31
-21.18896269583449,-48.95207078539865,SP310,378,L31
-21.18248608088895,-48.95879291336423,SP310,379,L31
-21.17606830962463,-48.96550224532135,SP310,380,L31
-21.17030971334467,-48.972869233218,SP310,381,L31
-21.16457356337668,-48.98034768341068,SP310,382,L31
-21.15886886308505,-48.9877906839181,SP310,383,L31
-21.15309183734881,-48.99523227365398,SP310,384,L31
-21.14750936448046,-49.00249179131616,SP310,385,L31
-21.14163577251299,-49.01011146712444,SP310,386,L31
-21.13587752625756,-49.0174862508528,SP310,387,L31
-21.1301634475179,-49.02497005485364,SP310,388,L31
-21.12473153736725,-49.03201636995045,SP310,389,L31
-21.11872818701385,-49.03979321274792,SP310,390,L31
-21.11297681771492,-49.04725266104803,SP310,391,L31
-21.10725981081417,-49.05468418889282,SP310,392,L31
-21.10149190220047,-49.06212178148797,SP310,393,L31
-21.09575998538879,-49.06955736830239,SP310,394,L31
-21.08989851781892,-49.07714684496299,SP310,395,L31
-21.0842634368922,-49.08447500034943,SP310,396,L31
-21.07853956800036,-49.09186129674772,SP310,397,L31
-21.07261818408433,-49.09955632234952,SP310,398,L31
-21.06688233682055,-49.10665313488848,SP310,399,L31
-21.06137104385184,-49.11411321384935,SP310,400,L31
-21.05541526669889,-49.12182278400756,SP310,401,L31
-21.04993979524845,-49.12894245903214,SP310,402,L31
-21.04415759973781,-49.13641710434932,SP310,403,L31
-21.03839779907062,-49.14393796415489,SP310,404,L31
-21.03265814089427,-49.15127080319734,SP310,405,L31
-21.02691628552239,-49.15870363832973,SP310,406,L31
-21.02119582175806,-49.16610591621904,SP310,407,L31
-21.01559305699149,-49.17333028531639,SP310,408,L31
-21.0096555632539,-49.18102968167935,SP310,409,L31
-21.00393033973381,-49.18844666409324,SP310,410,L31
-20.99815977461959,-49.19590768115315,SP310,411,L31
-20.99289435850462,-49.20267635768083,SP310,412,L31
-20.98664783298337,-49.2106826291098,SP310,413,L31
-20.98095640463372,-49.21805872233173,SP310,414,L31
-20.97497719746186,-49.22562009255316,SP310,415,L31
-20.96938002009219,-49.23285668909664,SP310,416,L31
-20.9635886208692,-49.24025206297709,SP310,417,L31
-20.95776004915889,-49.24769575251478,SP310,418,L31
-20.95079216167491,-49.25428179952443,SP310,419,L31
-20.94408932780583,-49.2602773590888,SP310,420,L31
-20.93721600501969,-49.26644853437731,SP310,421,L31
-20.93051977103774,-49.27245098535543,SP310,422,L31
-20.92334518128646,-49.27881011765839,SP310,423,L31
-20.91644373697231,-49.28498843668141,SP310,424,L31
-20.90954173210326,-49.29114886348027,SP310,425,L31
-20.90263430037707,-49.29734651675511,SP310,426,L31
-20.89563822551818,-49.30343020333852,SP310,427,L31
-20.8887256039663,-49.3097303463594,SP310,428,L31
-20.88180748415706,-49.31589376000967,SP310,429,L31
-20.87488705140353,-49.3220752243146,SP310,430,L31
-20.86797450969949,-49.32821755234959,SP310,431,L31
-20.86107316354265,-49.33435251740251,SP310,432,L31
-20.85417343767218,-49.34064214662677,SP310,433,L31
-20.84722751049019,-49.34678845182576,SP310,434,L31
-20.840089591942,-49.35308777848125,SP310,435,L31
-20.83346325156863,-49.35894124038669,SP310,436,L31
-20.82655587131159,-49.36542923411032,SP310,437,L31
-20.82345549844715,-49.37448690001315,SP310,438,L31
-20.82335679896466,-49.38408568188012,SP310,439,L31
-20.82322452349174,-49.39348194989274,SP310,440,L31
-20.82476576932737,-49.40336069128234,SP310,441,L31
-20.82398742781732,-49.412444023413,SP310,442,L31
-20.82231403292489,-49.42160817396774,SP310,443,L31
-20.81986550159252,-49.4311536276033,SP310,444,L31
-20.81631761467344,-49.43990095464388,SP310,445,L31
-20.81575879676507,-49.44954055425462,SP310,446,L31
-20.81524325255087,-49.45856823365714,SP310,447,L31
-20.81461197308125,-49.46867381015628,SP310,448,L31
-20.81306981834839,-49.47814756844662,SP310,449,L31
-20.8113533168797,-49.48762141888089,SP310,450,L31
-20.80962912975485,-49.49699033229881,SP310,451,L31
-20.80788977531135,-49.50645553808356,SP310,452,L31
-20.80616868876918,-49.51586503367572,SP310,453,L31
-20.80440081523699,-49.52556924082858,SP310,454,L31
-21.68880624533556,-48.33757934995149,SP326,293,L31
-21.68004089245744,-48.33850457070856,SP326,294,L31
-21.67104520591542,-48.33810661519937,SP326,295,L31
-21.66200023246924,-48.33765260870334,SP326,296,L31
-21.65293312305122,-48.33716061135704,SP326,297,L31
-21.64389973588018,-48.33674853926657,SP326,298,L31
-21.63489097408693,-48.33631966659907,SP326,299,L31
-21.62587846412706,-48.33588056920107,SP326,300,L31
-21.61652510123275,-48.3353734852635,SP326,301,L31
-21.60811126006326,-48.33499944311149,SP326,302,L31
-21.59967845011705,-48.33458902090134,SP326,303,L31
-21.591971727178,-48.33418197845982,SP326,304,L31
-21.58329659127185,-48.3337625599528,SP326,305,L31
-21.57422938752241,-48.33334557756064,SP326,306,L31
-21.5652421860875,-48.33288241635673,SP326,307,L31
-21.55474341770995,-48.33244271028218,SP326,308,L31
-21.5472885461717,-48.33210377976027,SP326,309,L31
-21.53815957163305,-48.33167381171492,SP326,310,L31
-21.52901844809072,-48.33124007941728,SP326,311,L31
-21.52022242378853,-48.33082050098452,SP326,312,L31
-21.51105457532155,-48.33036888197682,SP326,313,L31
-21.50204300740442,-48.33014429452014,SP326,314,L31
-21.49323940920685,-48.32968510931253,SP326,315,L31
-21.48409306509216,-48.32927741379985,SP326,316,L31
-21.47490935467659,-48.32883442824794,SP326,317,L31
-21.46657640710172,-48.32870173407735,SP326,318,L31
-21.45766388060989,-48.32818663730427,SP326,319,L31
-21.44794116403517,-48.32771279608776,SP326,320,L31
-21.439222499196,-48.32731908269952,SP326,321,L31
-21.42971266691304,-48.32666619438339,SP326,322,L31
-21.42232481817075,-48.32652464500313,SP326,323,L31
-21.41171553981203,-48.32600235458801,SP326,324,L31
-21.4023481089173,-48.32555658185195,SP326,325,L31
-21.39351670230569,-48.32516120330703,SP326,326,L31
-21.38455552049082,-48.32461918065319,SP326,327,L31
-21.37545000322627,-48.32411383782321,SP326,328,L31
-21.36687888773579,-48.32391348320768,SP326,329,L31
-21.35769374851696,-48.32347560131686,SP326,330,L31
-21.34815484048496,-48.32306081868516,SP326,331,L31
-21.33886261552568,-48.32264623117014,SP326,332,L31
-21.32981980583964,-48.32224453405263,SP326,333,L31
-21.32070616782618,-48.32187898389461,SP326,334,L31
-21.31226010814081,-48.32357375081513,SP326,335,L31
-21.30501357339172,-48.32628915025159,SP326,336,L31
-21.29524452085092,-48.33023325775881,SP326,337,L31
-21.28707030779824,-48.33365580035334,SP326,338,L31
-21.27847930730501,-48.33719940382565,SP326,339,L31
-21.2702904777602,-48.34061390116704,SP326,340,L31
-21.26254739860901,-48.34385287411374,SP326,341,L31
-21.25449236903198,-48.34722273434808,SP326,342,L31
-21.24622566652392,-48.35074607675109,SP326,343,L31
-21.23628164510657,-48.35451863996892,SP326,344,L31
-21.22768283071079,-48.35726778150718,SP326,345,L31
-21.21902681237491,-48.35999606783847,SP326,346,L31
-21.21080300410065,-48.36264750573679,SP326,347,L31
-21.20199991845256,-48.36546087850122,SP326,348,L31
-21.19391592152444,-48.36808721574613,SP326,349,L31
-21.18485367980132,-48.37098900955133,SP326,350,L31
-21.17619145082501,-48.37374496104673,SP326,351,L31
-21.16780265312252,-48.37646217181081,SP326,352,L31
-21.15884643059906,-48.37932377297203,SP326,353,L31
-21.1502536056491,-48.38212195963422,SP326,354,L31
-21.14140527013354,-48.3850571549811,SP326,355,L31
-21.13298722133768,-48.38763128728533,SP326,356,L31
-21.12438115611623,-48.39036348389859,SP326,357,L31
-21.11546139524671,-48.3932928180737,SP326,358,L31
-21.10741257496017,-48.39587420102638,SP326,359,L31
-21.09876882091795,-48.39867702326247,SP326,360,L31
-21.08998446059128,-48.40151885531729,SP326,361,L31
-21.08125757378332,-48.40432237532917,SP326,362,L31
-21.07285587911099,-48.40695132861384,SP326,363,L31
-21.06423320398987,-48.40986381011372,SP326,364,L31
-21.05516506275458,-48.41272430120185,SP326,365,L31
-21.04651370574699,-48.41554953851285,SP326,366,L31
-21.03793818208256,-48.41832540711754,SP326,367,L31
-21.02969648334561,-48.42089951287397,SP326,368,L31
-21.02113598383273,-48.42368539503359,SP326,369,L31
-21.01265619988061,-48.42643296072589,SP326,370,L31
-21.00364060481992,-48.42939458013153,SP326,371,L31
-20.99514861905454,-48.4321381411293,SP326,372,L31
-20.98677724673697,-48.43486190341361,SP326,373,L31
-20.9778850232277,-48.43774048222149,SP326,374,L31
-20.96913893722743,-48.44055441809472,SP326,375,L31
-20.95966710382197,-48.44363146251155,SP326,376,L31
-20.95041590700782,-48.44662143331327,SP326,377,L31
-20.94212091419253,-48.44926595772963,SP326,378,L31
-20.9352254783559,-48.45137931628323,SP326,379,L31
-21.16400351767803,-47.99134820172143,SP333,83,L31
-21.16546693121788,-47.99969926408134,SP333,84,L31
-21.16663223354718,-48.00936204548266,SP333,85,L31
-21.16781204243333,-48.01890564490234,SP333,86,L31
-21.16903551786185,-48.02859741531164,SP333,87,L31
-21.17015953665596,-48.03841835926345,SP333,88,L31
-21.17133932737335,-48.04765163020969,SP333,89,L31
-21.17250129195821,-48.05728061747556,SP333,90,L31
-21.17308355598334,-48.06687470759931,SP333,91,L31
-21.17443670226355,-48.07625826455945,SP333,92,L31
-21.17705615757873,-48.08554603890075,SP333,93,L31
-21.17965374974595,-48.09469181975615,SP333,94,L31
-21.18006551231156,-48.10403003312796,SP333,95,L31
-21.1760726287868,-48.11253160440293,SP333,96,L31
-21.17401905347231,-48.12125847370203,SP333,97,L31
-21.17886884560505,-48.12860133615729,SP333,98,L31
-21.18551169722392,-48.13631451939543,SP333,99,L31
-21.1905382734949,-48.14371038376977,SP333,100,L31
-21.19486999047199,-48.15169121557781,SP333,101,L31
-21.19942057270373,-48.16020310249036,SP333,102,L31
-21.20218985376431,-48.16951209887733,SP333,103,L31
-21.20478055555556,-48.17890647670497,SP333,104,L31
-21.20635759238853,-48.1884041602868,SP333,105,L31
-21.20805212460992,-48.19779530930115,SP333,106,L31
-21.21062015898737,-48.20599969701333,SP333,107,L31
-21.2154222136934,-48.21405573397779,SP333,108,L31
-21.22064277556449,-48.22215548512217,SP333,109,L31
-21.22634166666667,-48.22955074451419,SP333,110,L31
-21.23181065228416,-48.2367510483444,SP333,111,L31
-21.23797114081097,-48.24380757785394,SP333,112,L31
-21.24403789695941,-48.25010236847525,SP333,113,L31
-21.24845407059117,-48.25862185435491,SP333,114,L31
-21.25307144196719,-48.26755021423765,SP333,115,L31
-21.25665772014476,-48.27416144162761,SP333,116,L31
-21.26177609969482,-48.28211946892265,SP333,117,L31
-21.26788732258341,-48.29152097144774,SP333,118,L31
-21.27269840749626,-48.29935092471268,SP333,119,L31
-21.27674184148856,-48.30839298078946,SP333,120,L31
-21.28008106895332,-48.31760464672254,SP333,121,L31
-21.28340961156831,-48.32663664357752,SP333,122,L31
-21.28690245476757,-48.3362787540059,SP333,123,L31
-21.29044576039146,-48.34491788520547,SP333,124,L31
-21.2965216354806,-48.35171247592992,SP333,125,L31
-21.30272564939409,-48.35855918271217,SP333,126,L31
-21.30834724343746,-48.36471551566126,SP333,127,L31
-21.31472603536516,-48.3717241020436,SP333,128,L31
-21.32112035109208,-48.37861255417283,SP333,129,L31
-21.32735164320931,-48.38549634906754,SP333,130,L31
-21.33385358081924,-48.39259737283052,SP333,131,L31
-21.34006400270675,-48.39940435908439,SP333,132,L31
-21.34645261930005,-48.40641910373365,SP333,133,L31
-21.35272961771929,-48.41327874617132,SP333,134,L31
-21.35919134528851,-48.42032193944046,SP333,135,L31
-21.36539312445866,-48.42712298866577,SP333,136,L31
-21.37177934598775,-48.43402840673944,SP333,137,L31
-21.37798503442382,-48.4408303386915,SP333,138,L31
-21.38431148695698,-48.44776490189988,SP333,139,L31
-21.39050863474621,-48.45450977386346,SP333,140,L31
-21.39724781043373,-48.46208096771815,SP333,141,L31
-21.40297175248209,-48.46972208724008,SP333,142,L31
-21.40814834956263,-48.47660337328637,SP333,143,L31
-21.41277361136111,-48.48289815546931,SP333,144,L31
-21.41920088608945,-48.49149415259665,SP333,145,L31
-21.42406927571952,-48.49934276155094,SP333,146,L31
-21.42884492844719,-48.50847584678707,SP333,147,L31
-21.43339315509591,-48.51659710768843,SP333,148,L31
-21.43777270329779,-48.52550259202814,SP333,149,L31
-21.44169859512576,-48.53328262516772,SP333,150,L31
-21.44642593913494,-48.54231279082152,SP333,151,L31
-21.45037782109323,-48.54989591418192,SP333,152,L31
-21.45460410087081,-48.5577994597075,SP333,153,L31
-21.45903230940996,-48.56657402945311,SP333,154,L31
-21.46378237508964,-48.57559791457034,SP333,155,L31
-21.46823939937187,-48.58412519486352,SP333,156,L31
-21.47218719952939,-48.59170508176724,SP333,157,L31
-21.47689103990264,-48.60126798727232,SP333,158,L31
-21.48149553377771,-48.61022091912708,SP333,159,L31
-21.48564856485323,-48.61812589034928,SP333,160,L31
-21.49042205878735,-48.62695172065305,SP333,161,L31
-21.49435513110053,-48.63489593718541,SP333,162,L31
-21.49878170176012,-48.64332766764901,SP333,163,L31
-21.50337862534063,-48.65170913356216,SP333,164,L31
-21.50790891914346,-48.66039296394694,SP333,165,L31
-21.51140191761385,-48.66713192767784,SP333,166,L31
-21.51673314615817,-48.67714856769428,SP333,167,L31
-21.52069836036642,-48.68485550946712,SP333,168,L31
-21.52470294703925,-48.69258803175543,SP333,169,L31
-21.52762107786186,-48.70317191175278,SP333,170,L31
-21.5294546134819,-48.71286608050775,SP333,171,L31
-21.53119312396266,-48.72219489773259,SP333,172,L31
-21.53279708789591,-48.73165309348797,SP333,173,L31
-21.53465340265093,-48.74054316686646,SP333,174,L31
-21.53643719666213,-48.74990153251339,SP333,175,L31
-21.53828187726383,-48.75974017900915,SP333,176,L31
-21.54013399336723,-48.76943393183134,SP333,177,L31
-21.54201891616877,-48.77938245781256,SP333,178,L31
-21.54395917242613,-48.78885318764899,SP333,179,L31
-21.54537184146037,-48.79806269133002,SP333,180,L31
-21.54713177769922,-48.80768976679806,SP333,181,L31
-21.54918564467024,-48.8172662428856,SP333,182,L31
-21.55065918528718,-48.82671779229417,SP333,183,L31
-21.5529882673403,-48.83702747829405,SP333,184,L31
-21.5544652993324,-48.84562223729949,SP333,185,L31
-21.55625902990668,-48.85507312566848,SP333,186,L31
-21.55786444423167,-48.86367966040102,SP333,187,L31
-21.55990920957439,-48.87430301249272,SP333,188,L31
-21.56165166755985,-48.88368782712226,SP333,189,L31
-21.563362010006,-48.89272290542594,SP333,190,L31
-21.56496915275279,-48.90148891549393,SP333,191,L31
-21.56693714607459,-48.9119584166615,SP333,192,L31
-21.56870960083566,-48.92137834554953,SP333,193,L31
-21.57050596563493,-48.93096081160213,SP333,194,L31
-21.57235443145421,-48.94073510879747,SP333,195,L31
-21.57407580535374,-48.94999220587833,SP333,196,L31
-21.57579807633453,-48.95910169831463,SP333,197,L31
-21.5776440272469,-48.96889494117768,SP333,198,L31
-21.57936437749748,-48.97831605206852,SP333,199,L31
-21.58105510502289,-48.98747165104472,SP333,200,L31
-21.58275289558002,-48.99736868600909,SP333,201,L31
-21.58468771909515,-49.00679982672026,SP333,202,L31
-21.58644977342815,-49.01606256764681,SP333,203,L31
-21.58822697441192,-49.02569617519013,SP333,204,L31
-21.58998795941503,-49.0351865923567,SP333,205,L31
-21.59173334103067,-49.0445170830747,SP333,206,L31
-21.5935382802307,-49.05417177949218,SP333,207,L31
-21.5952974404752,-49.06358633848748,SP333,208,L31
-21.59698495313317,-49.0723850749086,SP333,209,L31
-21.59870930627486,-49.08195246124711,SP333,210,L31
-21.60061609208296,-49.09215954121543,SP333,211,L31
-21.60238991326285,-49.10271661405145,SP333,212,L31
-23.789047237575,-46.0332741120351,SP055,212,L32
-23.7918425650063,-46.0425228349703,SP055,213,L32
-23.7946941638889,-46.0519961666667,SP055,214,L32
-23.7974904048376,-46.06124897577081,SP055,215,L32
-23.8002623305556,-46.07070599999999,SP055,216,L32
-23.8030679972222,-46.0798576666667,SP055,217,L32
-23.8060338683478,-46.0891806331978,SP055,218,L32
-23.8106069248129,-46.0975620109867,SP055,219,L32
-23.8134695,-46.10695249722221,SP055,220,L32
-23.8162706694761,-46.1162326802097,SP055,221,L32
-23.8190631108672,-46.125307964492,SP055,222,L32
-23.8240094972222,-46.13335099722221,SP055,223,L32
-23.8304852070309,-46.1401250987382,SP055,224,L32
-23.8342624755154,-46.148843135106,SP055,225,L32
-23.8359768333333,-46.1584711638889,SP055,226,L32
-23.8419474156965,-46.165547293686,SP055,227,L32
-23.8500536666667,-46.1685481666667,SP055,228,L32
-23.8588623612722,-46.16696134349759,SP055,229,L32
-23.8670675793135,-46.1696589632662,SP055,230,L32
-23.8736986638889,-46.1726209972222,SP055,231,L32
-23.8793373305556,-46.177903,SP055,232,L32
-23.8811549972222,-46.1874236666667,SP055,233,L32
-23.8830998305556,-46.1966978305556,SP055,234,L32
-23.8875069972222,-46.2043776638889,SP055,235,L32
-23.888197,-46.2110521666667,SP055,236,L32
-23.8957114729266,-46.21419921052381,SP055,237,L32
-23.8933791638889,-46.22038100000001,SP055,238,L32
-23.8898013614008,-46.22587872837839,SP055,239,L32
-23.8901196795008,-46.2355342420672,SP055,240,L32
-23.8937106666667,-46.2443113333333,SP055,241,L32
-23.9004505021122,-46.249562507812,SP055,242,L32
-23.8980441190356,-46.2591460726072,SP055,243,L32
-23.892876,-46.2666283333333,SP055,244,L32
-23.8939019923926,-46.2750928122872,SP055,245,L32
-23.9027001638889,-46.2759403305556,SP055,246,L32
-23.9113429972222,-46.2785303333333,SP055,247,L32
-24.0364867011419,-46.5155179784748,SP055,292,L32
-24.0410705516807,-46.52403945330491,SP055,293,L32
-24.0456436257237,-46.5324589131956,SP055,294,L32
-24.0503634994177,-46.54125915673249,SP055,295,L32
-24.0548817761857,-46.5497318950362,SP055,296,L32
-24.0593000405411,-46.5578677744281,SP055,297,L32
-24.0639273052112,-46.566376604182,SP055,298,L32
-24.0684803864425,-46.5748906276225,SP055,299,L32
-24.0730007588829,-46.5833061704175,SP055,300,L32
-24.0775140421743,-46.5917560035242,SP055,301,L32
-24.0817102847726,-46.5994970417202,SP055,302,L32
-24.0867147702041,-46.60870939367819,SP055,303,L32
-24.0910616343095,-46.61733954101611,SP055,304,L32
-24.0951319528161,-46.6259456049026,SP055,305,L32
-24.0998008078262,-46.634335710578,SP055,306,L32
-24.1041703576693,-46.6428419627621,SP055,307,L32
-24.1086014721011,-46.6513835503503,SP055,308,L32
-24.1130967242615,-46.660090639074,SP055,309,L32
-24.1175153532399,-46.6686061076462,SP055,310,L32
-24.1219328110612,-46.6771619820998,SP055,311,L32
-24.1263489345051,-46.6857226142084,SP055,312,L32
-24.130823260871,-46.69437134773769,SP055,313,L32
-24.1352360060045,-46.7028960896233,SP055,314,L32
-24.1396324186384,-46.7114017279284,SP055,315,L32
-24.144099358966,-46.7199819177041,SP055,316,L32
-24.1485727964335,-46.72859533375289,SP055,317,L32
-24.1530091434941,-46.7371507713107,SP055,318,L32
-24.1574409046452,-46.74576481340079,SP055,319,L32
-24.1618847221131,-46.75426642545741,SP055,320,L32
-24.166285678533,-46.7627773719738,SP055,321,L32
-24.1707466773425,-46.77144532024,SP055,322,L32
-24.17539772302131,-46.7815943511401,SP055,323,L32
-24.1791873458594,-46.78891391025729,SP055,324,L32
-24.1812000880907,-46.79809772696689,SP055,325,L32
-24.1811006909625,-46.80795770870971,SP055,326,L32
-24.183181984139,-46.8171321227864,SP055,327,L32
-24.1881266629594,-46.8253741619254,SP055,328,L32
-24.1930617249047,-46.8335834171783,SP055,329,L32
-24.1980389775238,-46.8418223253898,SP055,330,L32
-24.2029818607734,-46.8499994677205,SP055,331,L32
-24.2079407712714,-46.8582684967281,SP055,332,L32
-24.2128704413546,-46.8664556116539,SP055,333,L32
-24.217848917615,-46.87462809097791,SP055,334,L32
-24.22276770946601,-46.8828800499731,SP055,335,L32
-24.2275921666667,-46.89108033333331,SP055,336,L32
-24.2325940816161,-46.8993031476212,SP055,337,L32
-24.2375696139676,-46.9075492666559,SP055,338,L32
-24.2425165009324,-46.91581860095929,SP055,339,L32
-24.2474959522539,-46.9241134181355,SP055,340,L32
-24.2524554381784,-46.9323324607848,SP055,341,L32
-24.2574114123985,-46.94053691016781,SP055,342,L32
-24.2623439368929,-46.9487761589784,SP055,343,L32
-24.2672830606312,-46.957009622837,SP055,344,L32
-24.2710513243007,-46.9659495444122,SP055,345,L32
-24.2744602900028,-46.9751010612075,SP055,346,L32
-24.2778449367144,-46.9842217364048,SP055,347,L32
-24.2812275625586,-46.9933225606881,SP055,348,L32
-24.284629564934,-47.002446360122,SP055,349,L32
-24.2880415809611,-47.0115805377794,SP055,350,L32
-24.2910410736532,-47.020908084935,SP055,351,L32
-24.2931331156708,-47.03042302421879,SP055,352,L32
-24.29551484935,-47.0401336916845,SP055,353,L32
-24.2984674100789,-47.04878172870539,SP055,354,L32
-24.2982817283852,-47.0584381631082,SP055,355,L32
-24.297736,-47.067971,SP055,356,L32
-24.2971111134115,-47.0783527143509,SP055,357,L32
-24.2965228009816,-47.0882350021271,SP055,358,L32
-24.2967787320898,-47.0979143195197,SP055,359,L32
-24.2974710086407,-47.1077100418679,SP055,360,L32
-24.2991544055407,-47.11686238408511,SP055,361,L32
-24.3009416881464,-47.1259348590414,SP055,362,L32
-24.3011784972222,-47.1349603305556,SP055,363,L32
-24.2981119972222,-47.14348449722219,SP055,364,L32
-24.2937426666667,-47.1522238305556,SP055,365,L32
-24.2923113333333,-47.1612178305556,SP055,366,L32
-24.2922333576161,-47.17042578738911,SP055,367,L32
-24.2950736666667,-47.1791011666667,SP055,368,L32
-24.2888948333333,-47.18475333055561,SP055,369,L32
-24.2846571638889,-47.1937368305556,SP055,370,L32
-24.2827356666667,-47.2034223333333,SP055,371,L32
-24.2808666285335,-47.21291072737681,SP055,372,L32
-24.280933,-47.2223876666667,SP055,373,L32
-24.2818436666667,-47.2321348305556,SP055,374,L32
-24.279081,-47.24136399722219,SP055,375,L32
-24.2757422106335,-47.2506465234135,SP055,376,L32
-24.2758528305556,-47.2599356638889,SP055,377,L32
-24.268467,-47.2651926638889,SP055,378,L32
-24.2665736638889,-47.2748478305556,SP055,379,L32
-24.268104,-47.2829893305556,SP055,380,L32
-24.2670545,-47.2914444972222,SP055,381,L32
-24.2651654972222,-47.3002988333333,SP055,382,L32
-24.2638353272392,-47.3090927228645,SP055,383,L32
-24.2618924318804,-47.3186415634924,SP055,384,L32
-24.2629547124111,-47.32728525732799,SP055,385,L32
-24.2610891853687,-47.3365679090525,SP055,386,L32
-24.2589283270411,-47.3455113263366,SP055,387,L32
-24.2621339550989,-47.3547211019401,SP055,388,L32
-24.2619840350119,-47.3642590850654,SP055,389,L32
-23.4043470412344,-46.3157321814106,SP088,32,L32
-23.4038445628185,-46.3063452576939,SP088,33,L32
-23.4077482611494,-46.2976659159192,SP088,34,L32
-23.4138361354286,-46.2911764479803,SP088,35,L32
-23.4187746559339,-46.28321556069609,SP088,36,L32
-23.4266550298624,-46.280243701629,SP088,37,L32
-23.4310679257697,-46.2718888471473,SP088,38,L32
-23.4362865,-46.2639098333333,SP088,39,L32
-23.4414613989026,-46.2559538698773,SP088,40,L32
-23.4467174104752,-46.2480839645379,SP088,41,L32
-23.4555161929087,-46.2460743600221,SP088,42,L32
-23.464382672788,-46.2450732233693,SP088,43,L32
-23.4729199550415,-46.2431587681435,SP088,44,L32
-23.4785403776127,-46.23581711402051,SP088,45,L32
-23.485555679793,-46.23158667834531,SP088,46,L32
-23.491171929514,-46.2288426298942,SP088,47,L32
-23.4984241304327,-46.2250676248826,SP088,48,L32
-23.5039340687154,-46.22174520708669,SP088,49,L32
-23.5668283862327,-46.1908753125389,SP098,57,L32
-23.5732176757265,-46.1923867219993,SP098,58,L32
-23.5761890416325,-46.1834237209352,SP098,59,L32
-23.5831760695842,-46.17831307989199,SP098,60,L32
-23.5905175,-46.1729423305556,SP098,61,L32
-23.5984676207398,-46.16839299911729,SP098,62,L32
-23.6055607544951,-46.1632548993316,SP098,63,L32
-23.60897960953,-46.1549171297135,SP098,64,L32
-23.6118810576332,-46.1461774794978,SP098,65,L32
-23.6178272288811,-46.13936618512129,SP098,66,L32
-23.6244892069455,-46.1320410725183,SP098,67,L32
-23.6318585453211,-46.1290604164452,SP098,68,L32
-23.6371414313849,-46.1227081776509,SP098,69,L32
-23.645103690376,-46.119078410759,SP098,70,L32
-23.6523077343607,-46.1141112586065,SP098,71,L32
-23.66002311066291,-46.1115878737087,SP098,72,L32
-23.6679655775655,-46.1079609970666,SP098,73,L32
-23.6744295398422,-46.1025356070814,SP098,74,L32
-23.6821472054772,-46.10039216839201,SP098,75,L32
-23.6885413842372,-46.0948036696615,SP098,76,L32
-23.6958664686518,-46.0917471764928,SP098,77,L32
-23.7014085323679,-46.0872448257984,SP098,78,L32
-23.7039506876002,-46.0785637301605,SP098,79,L32
-23.7068735706776,-46.069391399639,SP098,80,L32
-23.709805791137,-46.06029999793489,SP098,81,L32
-23.7109102167871,-46.0508333102149,SP098,82,L32
-23.710332651293,-46.0424025768899,SP098,83,L32
-23.7090763481705,-46.0344100959586,SP098,84,L32
-23.709967104044,-46.0285755599024,SP098,85,L32
-23.7155507195398,-46.0344327173378,SP098,86,L32
-23.7227250483756,-46.03714079255681,SP098,87,L32
-23.7316323333333,-46.0365608305556,SP098,88,L32
-23.7392948305556,-46.0386888305556,SP098,89,L32
-23.7451009972222,-46.044623,SP098,90,L32
-23.7506861666667,-46.0431606638889,SP098,91,L32
-23.7516497972943,-46.0392840470295,SP098,92,L32
-23.7594980664602,-46.0384077966151,SP098,93,L32
-23.7675631482208,-46.03855506859111,SP098,94,L32
-23.7733049046879,-46.04633405731619,SP098,95,L32
-23.779054800284,-46.0540875414099,SP098,96,L32
-23.7861441391748,-46.05805910498529,SP098,97,L32
-23.7955656659195,-46.0579869935309,SP098,98,L32
-24.0284154333495,-46.5006738821693,SPA291/055,1,L32
-24.0248772835098,-46.4917356724416,SPA291/055,2,L32
-24.0218186993525,-46.4822079739676,SPA291/055,3,L32
-24.0188771530755,-46.47301132532241,SPA291/055,4,L32
-24.0160010072829,-46.46365311230041,SPA291/055,5,L32
-24.0136292124674,-46.4540354191219,SPA291/055,6,L32
-24.0110810221809,-46.4445959508659,SPA291/055,7,L32
-24.0077111189977,-46.4354446012536,SPA291/055,8,L32
-24.004306957486,-46.4261861081815,SPA291/055,9,L32
-24.0014433248236,-46.4184539725889,SPA291/055,10,L32
-24.3210679410976,-47.0174816125232,SPA344/055,11,L32
-24.3179049212232,-47.0266884696298,SPA344/055,12,L32
-24.3136872493045,-47.0351714205817,SPA344/055,13,L32
-24.3100385534185,-47.0441855228857,SPA344/055,14,L32
-24.3078158772271,-47.0536758890573,SPA344/055,15,L32
-24.305561900375,-47.0632618837516,SPA344/055,16,L32
-24.3037018333333,-47.0728351638889,SPA344/055,17,L32
-24.3011625,-47.082402,SPA344/055,18,L32
-24.2988896666667,-47.0919876666667,SPA344/055,19,L32
-23.47785189735702,-47.43917961682867,SP075,0,L33
-23.47322353424477,-47.43092295766446,SP075,1,L33
-23.46841094006845,-47.42229162610363,SP075,2,L33
-23.46367972987034,-47.4142005928341,SP075,3,L33
-23.45837721473988,-47.40624654198462,SP075,4,L33
-23.45296277879062,-47.39849657833268,SP075,5,L33
-23.44762642842093,-47.39092476795873,SP075,6,L33
-23.4421652484213,-47.38322412473565,SP075,7,L33
-23.43627346047894,-47.37472391936071,SP075,8,L33
-23.43078517948595,-47.36696540263154,SP075,9,L33
-23.42555390241906,-47.35949579160657,SP075,10,L33
-23.4200656392559,-47.35167982002255,SP075,11,L33
-23.41414224272727,-47.34395464079343,SP075,12,L33
-23.40637151116722,-47.33838882642025,SP075,13,L33
-23.39775568866515,-47.3343836474691,SP075,14,L33
-23.38988343364234,-47.33075392967132,SP075,15,L33
-23.38153357310133,-47.32766401551824,SP075,16,L33
-23.57026704470002,-47.49130010211261,SP079,98,L33
-23.57827614163787,-47.48722039881783,SP079,99,L33
-23.58399407869011,-47.48472294568939,SP079,100,L33
-23.59103970612942,-47.48161363052949,SP079,101,L33
-23.5979212928527,-47.47859888311038,SP079,102,L33
-23.6072,-47.46699999999998,SP079,103,L33
-23.614,-47.4624,SP079,104,L33
-23.6188,-47.458,SP079,105,L33
-23.62680000000001,-47.46049999999999,SP079,106,L33
-23.6344,-47.46350000000001,SP079,107,L33
-23.64249999999999,-47.46309999999999,SP079,108,L33
-23.6498,-47.458,SP079,109,L33
-23.65729999999999,-47.4527,SP079,110,L33
-23.66429999999999,-47.44650000000002,SP079,111,L33
-23.67049999999999,-47.43970000000002,SP079,112,L33
-23.6775,-47.4401,SP079,113,L33
-23.6834,-47.447,SP079,114,L33
-23.69149999999999,-47.44830000000001,SP079,115,L33
-23.69970000000001,-47.44560000000001,SP079,116,L33
-23.708,-47.44589999999999,SP079,117,L33
-23.71610000000001,-47.44200000000001,SP079,118,L33
-23.72390000000003,-47.4374,SP079,119,L33
-23.73150000000001,-47.43240000000001,SP079,120,L33
-23.73990000000001,-47.42860000000001,SP079,121,L33
-23.7482,-47.4248,SP079,122,L33
-23.7566,-47.4211,SP079,123,L33
-23.76439999999999,-47.4183,SP079,124,L33
-23.77269999999999,-47.41769999999999,SP079,125,L33
-23.77590000000001,-47.42689999999999,SP079,126,L33
-23.78280000000001,-47.4331,SP079,127,L33
-23.79,-47.43790000000001,SP079,128,L33
-23.7921,-47.4467,SP079,129,L33
-23.7962,-47.4552,SP079,130,L33
-23.803,-47.4616,SP079,131,L33
-23.81059999999999,-47.46430000000003,SP079,132,L33
-23.81899999999999,-47.46059999999999,SP079,133,L33
-23.82749999999998,-47.45730000000001,SP079,134,L33
-23.8365,-47.45630000000001,SP079,135,L33
-23.8452,-47.45390000000001,SP079,136,L33
-23.85390000000002,-47.4564,SP079,137,L33
-23.86169999999999,-47.4615,SP079,138,L33
-23.8629,-47.46960000000001,SP079,139,L33
-23.86580000000001,-47.47839999999999,SP079,140,L33
-23.8723,-47.485,SP079,141,L33
-23.87690000000001,-47.49340000000001,SP079,142,L33
-23.8826,-47.50040000000001,SP079,143,L33
-23.88939999999999,-47.50560000000001,SP079,144,L33
-23.8965,-47.51150000000002,SP079,145,L33
-23.90440000000001,-47.5162,SP079,146,L33
-23.91339999999999,-47.51659999999998,SP079,147,L33
-23.92179999999998,-47.5137,SP079,148,L33
-23.92979999999999,-47.5095,SP079,149,L33
-23.93860000000001,-47.50720000000002,SP079,150,L33
-23.94749999999999,-47.50599999999999,SP079,151,L33
-23.95640000000001,-47.50599999999999,SP079,152,L33
-23.9648,-47.5077,SP079,153,L33
-23.9734,-47.507,SP079,154,L33
-23.9818,-47.50939999999999,SP079,155,L33
-23.99039999999999,-47.51189999999999,SP079,156,L33
-23.99619999999999,-47.51589999999999,SP079,157,L33
-24.00030000000002,-47.52269999999998,SP079,158,L33
-24.00800000000001,-47.52709999999999,SP079,159,L33
-24.01449999999999,-47.5249,SP079,160,L33
-24.02029999999999,-47.53149999999999,SP079,161,L33
-24.02289999999999,-47.53579999999999,SP079,162,L33
-24.02619999999999,-47.5446,SP079,163,L33
-24.02770000000002,-47.55360000000001,SP079,164,L33
-24.033,-47.5593,SP079,165,L33
-24.0374,-47.56690000000001,SP079,166,L33
-24.04550000000001,-47.5687,SP079,167,L33
-24.0532,-47.5713,SP079,168,L33
-24.05869999999998,-47.57359999999999,SP079,169,L33
-24.05439999999999,-47.57689999999999,SP079,170,L33
-24.05629999999998,-47.58510000000001,SP079,171,L33
-24.06329999999999,-47.5909,SP079,172,L33
-24.06819999999998,-47.59790000000001,SP079,173,L33
-24.0711,-47.60339999999999,SP079,174,L33
-24.07839999999999,-47.6063,SP079,175,L33
-24.08469999999999,-47.611,SP079,176,L33
-24.09100000000001,-47.61560000000001,SP079,177,L33
-24.09800000000002,-47.6175,SP079,178,L33
-24.09979999999999,-47.6245,SP079,179,L33
-24.10640000000001,-47.62499999999999,SP079,180,L33
-24.10839999999999,-47.62810000000001,SP079,181,L33
-24.11199999999999,-47.627,SP079,182,L33
-24.1161,-47.62780000000001,SP079,183,L33
-24.1235,-47.629,SP079,184,L33
-24.13130000000002,-47.6302,SP079,185,L33
-24.13669999999999,-47.63720000000001,SP079,186,L33
-24.1415,-47.64529999999997,SP079,187,L33
-24.1498,-47.64760000000002,SP079,188,L33
-24.15800000000001,-47.6508,SP079,189,L33
-24.16640000000001,-47.65120000000001,SP079,190,L33
-24.1745,-47.6508,SP079,191,L33
-24.17910000000001,-47.64429999999998,SP079,192,L33
-24.18160000000001,-47.63560000000002,SP079,193,L33
-24.18469999999999,-47.62760000000001,SP079,194,L33
-24.18770000000001,-47.61930000000001,SP079,195,L33
-24.1961,-47.61969999999999,SP079,196,L33
-24.2023,-47.6136,SP079,197,L33
-24.20959999999999,-47.6106,SP079,198,L33
-24.21799999999998,-47.60939999999999,SP079,199,L33
-24.227,-47.60929999999999,SP079,200,L33
-24.23459999999999,-47.6115,SP079,201,L33
-24.23960000000001,-47.61860000000001,SP079,202,L33
-24.24799999999998,-47.62,SP079,203,L33
-24.25630000000001,-47.62129999999998,SP079,204,L33
-24.2636,-47.6172,SP079,205,L33
-24.27109999999999,-47.61590000000001,SP079,206,L33
-24.27889999999998,-47.617,SP079,207,L33
-24.28719999999998,-47.61889999999999,SP079,208,L33
-24.29460000000001,-47.62189999999999,SP079,209,L33
-24.3033,-47.62260000000001,SP079,210,L33
-24.31069999999999,-47.62459999999999,SP079,211,L33
-24.3149,-47.63089999999999,SP079,212,L33
-24.32150000000002,-47.6375,SP079,213,L33
-23.60652777981494,-47.0336583329473,SP250,45,L33
-23.61356987684754,-47.03954341528262,SP250,46,L33
-23.62093787884909,-47.04510428099213,SP250,47,L33
-23.62662830072813,-47.05231167692426,SP250,48,L33
-23.6348074838473,-47.05525634416255,SP250,49,L33
-23.64294791881483,-47.05835763406208,SP250,50,L33
-23.64909203881115,-47.06331691971052,SP250,51,L33
-23.65273240510572,-47.07218679997561,SP250,52,L33
-23.65711953250158,-47.08033863773823,SP250,53,L33
-23.65582369560923,-47.08923355587739,SP250,54,L33
-23.65549125174595,-47.09776261755297,SP250,55,L33
-23.6559796527898,-47.10540106412054,SP250,56,L33
-23.65508012286937,-47.1148995195075,SP250,57,L33
-23.65417651399301,-47.12446646329082,SP250,58,L33
-23.64943077397007,-47.13240999195802,SP250,59,L33
-23.64803390216071,-47.14209128614814,SP250,60,L33
-23.64696350964329,-47.15181071522985,SP250,61,L33
-23.64742535753755,-47.16125911492691,SP250,62,L33
-23.64774002581754,-47.17005812071542,SP250,63,L33
-23.6504048406777,-47.17762496711106,SP250,64,L33
-23.65537745096833,-47.18515172155492,SP250,65,L33
-23.6625618144722,-47.18949330101399,SP250,66,L33
-23.65961852364202,-47.19652133654739,SP250,67,L33
-23.65461989065673,-47.20364481023831,SP250,68,L33
-23.65825364647755,-47.21099693976026,SP250,69,L33
-23.65738055555556,-47.22491944444444,SP250,70,L33
-23.6614321799631,-47.22593038243948,SP250,71,L33
-23.66600054282579,-47.22683028131048,SP250,72,L33
-23.67158535335806,-47.23432321937741,SP250,73,L33
-23.67692336327861,-47.24126330993936,SP250,74,L33
-23.6820433049884,-47.24878840521299,SP250,75,L33
-23.68328566107107,-47.25779044539376,SP250,76,L33
-23.68536479803109,-47.26672328740187,SP250,77,L33
-23.68484155400414,-47.27398942850161,SP250,78,L33
-23.68051513349476,-47.28187268990752,SP250,79,L33
-23.67477288473305,-47.2888800397182,SP250,80,L33
-23.67743390538616,-47.29752052220564,SP250,81,L33
-23.67651502570661,-47.30660781063596,SP250,82,L33
-23.6743742858111,-47.31545561433808,SP250,83,L33
-23.67673042358944,-47.32479850500294,SP250,84,L33
-23.67787514327926,-47.33423550606091,SP250,85,L33
-23.68263749260463,-47.34134055664185,SP250,86,L33
-23.69115828821774,-47.34195830890898,SP250,87,L33
-23.69719706515718,-47.34879226204982,SP250,88,L33
-23.70522908541938,-47.35272336044104,SP250,89,L33
-23.70938379838364,-47.35660466972456,SP250,90,L33
-23.71391237396173,-47.36273997421253,SP250,91,L33
-23.71480817913528,-47.37147167560106,SP250,92,L33
-23.71629323475929,-47.38023106917632,SP250,93,L33
-23.71851615948264,-47.38903877237271,SP250,94,L33
-23.71353568608147,-47.39419634705419,SP250,95,L33
-23.71483466241628,-47.40176979647481,SP250,96,L33
-23.71140276706644,-47.41013759470979,SP250,97,L33
-23.71610272412818,-47.41513284869675,SP250,98,L33
-23.72345610440295,-47.41767644384451,SP250,99,L33
-23.72509414178342,-47.42619386596814,SP250,100,L33
-23.72860833333334,-47.43306944444445,SP250,101,L33
-23.74363888888889,-47.42687499999999,SP250,102,L33
-23.74417495,-47.42748886999999,SP250,103,L33
-23.75179341,-47.43178851999999,SP250,104,L33
-23.75662934,-47.43844774,SP250,105,L33
-23.76198376,-47.44430628,SP250,106,L33
-23.76159277,-47.45407365,SP250,107,L33
-23.75920477,-47.46349133,SP250,108,L33
-23.75836185,-47.47289009,SP250,109,L33
-23.76541423,-47.47461352999999,SP250,110,L33
-23.77010894,-47.48085146,SP250,111,L33
-23.77700872,-47.48649224,SP250,112,L33
-23.78118253,-47.4924572,SP250,113,L33
-23.78234442,-47.50074623,SP250,114,L33
-23.77918216,-47.50984891,SP250,115,L33
-23.78127837,-47.51763231,SP250,116,L33
-23.78511666,-47.52603236,SP250,117,L33
-23.78509096,-47.53194072,SP250,118,L33
-23.78639828,-47.54020868000001,SP250,119,L33
-23.78547752,-47.54856647999999,SP250,120,L33
-23.78861025,-47.55718953,SP250,121,L33
-23.79416101,-47.56474584,SP250,122,L33
-23.79919278,-47.57204125,SP250,123,L33
-23.80682296,-47.57579183,SP250,124,L33
-23.81168817,-47.58383868000001,SP250,125,L33
-23.81707866,-47.59090392,SP250,126,L33
-23.8181085,-47.60006158000001,SP250,127,L33
-23.81921202,-47.60421681,SP250,128,L33
-23.81442006,-47.60932177,SP250,129,L33
-23.81422259,-47.61833485999999,SP250,130,L33
-23.81462056,-47.62815345,SP250,131,L33
-23.81406905,-47.63755939,SP250,132,L33
-23.81350126,-47.6460424,SP250,133,L33
-23.81773635,-47.65347422,SP250,134,L33
-23.82188119,-47.66195484000001,SP250,135,L33
-23.82921684,-47.66618491,SP250,136,L33
-23.82832725,-47.67490394000001,SP250,137,L33
-23.82194017,-47.68058787,SP250,138,L33
-23.81398358,-47.68374582,SP250,139,L33
-23.80826814,-47.69127639,SP250,140,L33
-23.80812123,-47.69895179,SP250,141,L33
-23.81039257,-47.70688822,SP250,142,L33
-23.818115,-47.70892702,SP250,143,L33
-23.82688813,-47.70683667,SP250,144,L33
-23.83451738,-47.71008371,SP250,145,L33
-23.83922046,-47.71842105,SP250,146,L33
-23.83952398,-47.72817972,SP250,147,L33
-23.83826939,-47.73779762,SP250,148,L33
-23.83675783,-47.74738071000001,SP250,149,L33
-23.83610855,-47.75716399,SP250,150,L33
-23.83553618,-47.76695888,SP250,151,L33
-23.83599309,-47.77672792,SP250,152,L33
-23.84087165,-47.78483745,SP250,153,L33
-23.84536002,-47.79324855,SP250,154,L33
-23.84646375,-47.80234639,SP250,155,L33
-23.85092687,-47.81088912,SP250,156,L33
-23.85413578,-47.81987946000001,SP250,157,L33
-23.85521793,-47.82961347,SP250,158,L33
-23.85772128,-47.83901921,SP250,159,L33
-23.86069709,-47.84829564,SP250,160,L33
-23.86386422,-47.85745919999999,SP250,161,L33
-23.86730823,-47.86652942,SP250,162,L33
-23.87114578,-47.87537202999999,SP250,163,L33
-23.8731464,-47.88484325,SP250,164,L33
-23.8746097,-47.89452820999999,SP250,165,L33
-23.87607156,-47.90421269,SP250,166,L33
-23.8775417,-47.91387052,SP250,167,L33
-23.87899801,-47.92356196,SP250,168,L33
-23.88046467,-47.93324618,SP250,169,L33
-23.88193224,-47.94293008,SP250,170,L33
-23.88339905,-47.95260959,SP250,171,L33
-23.8854096,-47.96208089,SP250,172,L33
-23.88659396,-47.97172765999999,SP250,173,L33
-23.88934143,-47.98107922,SP250,174,L33
-23.89161876,-47.99055417,SP250,175,L33
-23.89189154,-48.00018457,SP250,176,L33
-23.89037456,-48.00981278,SP250,177,L33
-23.5348512,-47.48857321,SP264,102,L33
-23.53841189,-47.48777658,SP264,103,L33
-23.54589459,-47.48303688,SP264,104,L33
-23.55443321,-47.48637660000001,SP264,105,L33
-23.56217145,-47.49150409000001,SP264,106,L33
-23.56816388,-47.49888548,SP264,107,L33
-23.57290947,-47.50726256,SP264,108,L33
-23.576604,-47.51607,SP264,109,L33
-23.57942535,-47.5253143,SP264,110,L33
-23.58460549,-47.53339078,SP264,111,L33
-23.59241707,-47.53759651,SP264,112,L33
-23.60128719,-47.53711722,SP264,113,L33
-23.60923707,-47.54034805999999,SP264,114,L33
-23.61422121,-47.548537,SP264,115,L33
-23.61915478,-47.5564771,SP264,116,L33
-23.62616058,-47.56273817,SP264,117,L33
-23.63313007,-47.56902684,SP264,118,L33
-23.63985026,-47.57554216,SP264,119,L33
-23.64467083,-47.58296647,SP264,120,L33
-23.65328237,-47.58604957,SP264,121,L33
-23.66019819,-47.59190866,SP264,122,L33
-23.66580968,-47.59934661,SP264,123,L33
-23.67435803,-47.60259426,SP264,124,L33
-23.68291727,-47.60584091,SP264,125,L33
-23.6918605,-47.60689244,SP264,126,L33
-23.69705793,-47.61490999,SP264,127,L33
-23.70195641,-47.62320436,SP264,128,L33
-23.70684645,-47.63151952,SP264,129,L33
-23.71319595,-47.63803146,SP264,130,L33
-23.72225146,-47.6387357,SP264,131,L33
-23.73129346,-47.63856144,SP264,132,L33
-23.73824093,-47.64457163,SP264,133,L33
-23.74582347,-47.64942346,SP264,134,L33
-23.75341713,-47.65448521,SP264,135,L33
-23.75928365,-47.65883502000001,SP264,136,L33
-23.76692804,-47.66048983999999,SP264,137,L33
-23.76613921,-47.67009109,SP264,138,L33
-23.77304069,-47.67639081999999,SP264,139,L33
-23.78032164,-47.68230355,SP264,140,L33
-23.78760139,-47.68822296,SP264,141,L33
-23.79449158,-47.69455565999999,SP264,142,L33
-23.80101637,-47.70132454,SP264,143,L33
-23.6026068176623,-46.9299908247628,SP270,34,L33
-23.60196237205301,-46.93950697626288,SP270,35,L33
-23.60661065999401,-46.94826203663047,SP270,36,L33
-23.61108835145052,-46.95580786715051,SP270,37,L33
-23.61550147258106,-46.96374958704049,SP270,38,L33
-23.61504582905418,-46.97291935161485,SP270,39,L33
-23.61325230651559,-46.98239031540452,SP270,40,L33
-23.61216779231996,-46.99174554630923,SP270,41,L33
-23.61354238947085,-47.00059807878763,SP270,42,L33
-23.60878793686843,-47.00915881634353,SP270,43,L33
-23.60536218521404,-47.02023900461408,SP270,44,L33
-23.60600815209948,-47.02880404755947,SP270,45,L33
-23.60102829368918,-47.03642913042649,SP270,46,L33
-23.598031,-47.04494800000001,SP270,47,L33
-23.59673391993333,-47.05419529570201,SP270,48,L33
-23.59088760103616,-47.05924456753672,SP270,49,L33
-23.58378500552552,-47.06120964468427,SP270,50,L33
-23.57620310511027,-47.0639159577556,SP270,51,L33
-23.56966175098556,-47.07061584614447,SP270,52,L33
-23.56224585983355,-47.07574541403968,SP270,53,L33
-23.55660442276627,-47.08285306602601,SP270,54,L33
-23.5531054106103,-47.09165935370725,SP270,55,L33
-23.55260339138248,-47.101769214733,SP270,56,L33
-23.55574956771413,-47.11057685921862,SP270,57,L33
-23.55187911828054,-47.11868378706191,SP270,58,L33
-23.54938671474977,-47.12995513448703,SP270,59,L33
-23.54494278560556,-47.13470165905743,SP270,60,L33
-23.54118164826235,-47.13968414810359,SP270,61,L33
-23.53248641076797,-47.14367567195578,SP270,62,L33
-23.53078576926277,-47.14849508111481,SP270,63,L33
-23.53367805027128,-47.15674780822765,SP270,64,L33
-23.53392302493627,-47.16640674626652,SP270,65,L33
-23.53547758924019,-47.17534303067053,SP270,66,L33
-23.53856952084598,-47.18406008270203,SP270,67,L33
-23.533184611477,-47.19076669063382,SP270,68,L33
-23.53005999891261,-47.19978194848554,SP270,69,L33
-23.53173635979804,-47.208906299754,SP270,70,L33
-23.53387151791968,-47.21810708410639,SP270,71,L33
-23.53192799122298,-47.22649527098992,SP270,72,L33
-23.53046456130048,-47.23599772622983,SP270,73,L33
-23.53122739253977,-47.24634062692417,SP270,74,L33
-23.52508921206601,-47.25252219450282,SP270,75,L33
-23.51714848854277,-47.25723324752603,SP270,76,L33
-23.51439165107857,-47.26553721153381,SP270,77,L33
-23.51384513950274,-47.27453470353592,SP270,78,L33
-23.50939580939556,-47.27875592752354,SP270,79,L33
-23.5095783685554,-47.2896941291053,SP270,80,L33
-23.51206458819644,-47.29925282241024,SP270,81,L33
-23.51508082965416,-47.3095553288669,SP270,82,L33
-23.51586317038171,-47.31886947442572,SP270,83,L33
-23.51344557350838,-47.32660998707147,SP270,84,L33
-23.51052695484824,-47.33582935983913,SP270,85,L33
-23.51097722273508,-47.34550933552994,SP270,86,L33
-23.51056623163828,-47.3553893747501,SP270,87,L33
-23.50819327719814,-47.36185698094337,SP270,88,L33
-23.50238120016941,-47.37124839021106,SP270,89,L33
-23.49849623410702,-47.37914660118895,SP270,90,L33
-23.4956900266803,-47.38790554674392,SP270,91,L33
-23.49477464996914,-47.39812734704731,SP270,92,L33
-23.49856117767959,-47.40664319070228,SP270,93,L33
-23.50488636653715,-47.41383538299259,SP270,94,L33
-23.51120305007083,-47.42096937701577,SP270,95,L33
-23.51530830783176,-47.42864105603456,SP270,96,L33
-23.52066467579878,-47.43594464208363,SP270,97,L33
-23.52539564569503,-47.44338411435336,SP270,98,L33
-23.52748293846342,-47.45415273071478,SP270,99,L33
-23.52938487405499,-47.46403705331338,SP270,100,L33
-23.53126982023151,-47.47381360160741,SP270,101,L33
-23.53311275658858,-47.48335462291904,SP270,102,L33
-23.53487237146822,-47.49242434993921,SP270,103,L33
-23.53608609788586,-47.50228677605759,SP270,104,L33
-23.53013646447932,-47.50906641941449,SP270,105,L33
-23.52513063251851,-47.5166367898,SP270,106,L33
-23.52560515610181,-47.52578938993467,SP270,107,L33
-23.52015162840789,-47.53364392052373,SP270,108,L33
-23.5136890785883,-47.53969686996954,SP270,109,L33
-23.51062013806121,-47.54907405664598,SP270,110,L33
-23.50944343316993,-47.55917252060112,SP270,111,L33
-23.5120493165469,-47.56865898413653,SP270,112,L33
-23.5145962850121,-47.57785097409937,SP270,113,L33
-23.51703350492326,-47.586551697022,SP270,114,L33
-23.51904439572986,-47.59642878881557,SP270,115,L33
-23.4392795436124,-47.1086904769971,SP280,54,L33
-23.43704035350152,-47.11763837671341,SP280,55,L33
-23.43189121037958,-47.12576740543641,SP280,56,L33
-23.42865939886168,-47.13493275309229,SP280,57,L33
-23.4261934892711,-47.14439328745804,SP280,58,L33
-23.42282451320897,-47.15312775116257,SP280,59,L33
-23.42198051436477,-47.16291300426511,SP280,60,L33
-23.42120317148233,-47.172869178242,SP280,61,L33
-23.42050225369594,-47.1826842817245,SP280,62,L33
-23.41980175143088,-47.19245398348428,SP280,63,L33
-23.41913878339795,-47.20190892213268,SP280,64,L33
-23.41844511112137,-47.21197626262164,SP280,65,L33
-23.41897840010854,-47.22199612846327,SP280,66,L33
-23.42138193893907,-47.23127992858546,SP280,67,L33
-23.42311890037821,-47.23978911587602,SP280,68,L33
-23.42070160950273,-47.24884235309651,SP280,69,L33
-23.41543201024273,-47.2571900322742,SP280,70,L33
-23.41439214813782,-47.26659325730742,SP280,71,L33
-23.4115425531374,-47.27535703872206,SP280,72,L33
-23.40861828570155,-47.2849783658779,SP280,73,L33
-23.40704369076676,-47.29444444470056,SP280,74,L33
-23.40562761242179,-47.30405369581792,SP280,75,L33
-23.40417403662353,-47.31453827001483,SP280,76,L33
-23.40277577795986,-47.32433358749378,SP280,77,L33
-23.40110908936933,-47.33374537254322,SP280,78,L33
-23.39825653074229,-47.34361407294681,SP280,79,L33
-23.43947487910904,-47.10718000719203,SPA053/280,0,L33
-23.44711164610281,-47.11263444819474,SPA053/280,1,L33
-23.45496543567284,-47.12004049303104,SPA053/280,2,L33
-23.46205692459655,-47.12637822849133,SPA053/280,3,L33
-23.46952174705039,-47.13180264489255,SPA053/280,4,L33
-23.47748602620366,-47.13502366659235,SPA053/280,5,L33
-23.48609451858288,-47.1366893300741,SPA053/280,6,L33
-23.49373370435463,-47.14121762293347,SPA053/280,7,L33
-23.5029586973189,-47.14203245146531,SPA053/280,8,L33
-23.51199464977937,-47.14280522684555,SPA053/280,9,L33
-23.55155311838943,-47.11903954436012,SPA060/270,0,L33
-23.61433303727523,-47.4649573423175,SPA104/079,0,L33
-23.61596301630149,-47.47427509664796,SPA104/079,1,L33
-23.61967481215464,-47.48376945901759,SPA104/079,2,L33
-23.62238996817692,-47.49289275488433,SPA104/079,3,L33
-23.62845985331574,-47.49994431188621,SPA104/079,4,L33
-23.63257903737781,-47.50870335425366,SPA104/079,5,L33
-23.63705672674972,-47.5175873550358,SPA104/079,6,L33
-23.64168006723327,-47.5258084487261,SPA104/079,7,L33
-23.64377266735746,-47.53530412851732,SPA104/079,8,L33
-23.64655673700252,-47.54443130308427,SPA104/079,9,L33
-23.64584643611515,-47.55413767123051,SPA104/079,10,L33
-23.64726078565738,-47.56360114914013,SPA104/079,11,L33
-23.85969722222222,-47.84547777777778,SPA160/250,0,L33
-23.85183191638677,-47.84151699845539,SPA160/250,1,L33
-23.84448682619954,-47.83560295375971,SPA160/250,2,L33
-23.83714710866112,-47.82974612067765,SPA160/250,3,L33
-23.83129591517617,-47.82287029537745,SPA160/250,4,L33
-23.82396516000335,-47.81756916757449,SPA160/250,5,L33
-23.81638735646036,-47.81214612797111,SPA160/250,6,L33
-23.80891643039994,-47.80607191147888,SPA160/250,7,L33
-23.8032257431135,-47.80087833126933,SPA160/250,8,L33
-23.79865534984538,-47.795110882483,SPA160/250,9,L33
-23.79431899014819,-47.78736755188527,SPA160/250,10,L33
-23.79086455540445,-47.77924135641494,SPA160/250,11,L33
-23.79162866656699,-47.76837049295546,SPA160/250,12,L33
-23.79493934791736,-47.75939722196256,SPA160/250,13,L33
-23.7936422400923,-47.75015964783433,SPA160/250,14,L33
-23.79602292441459,-47.73962618952836,SPA160/250,15,L33
-23.51069214005014,-47.35542098331423,SPI087/270,0,L33
-23.50912877460581,-47.36207924533592,SPI087/270,1,L33
-23.50403138298994,-47.37196315885758,SPI087/270,2,L33
-23.49490855397012,-47.39118025395904,SPI091/270,0,L33
-23.48631414787314,-47.38884255939275,SPI091/270,1,L33
-23.47927477628344,-47.38340139031077,SPI091/270,2,L33
-23.47082208951396,-47.38182065800541,SPI091/270,3,L33
-23.46275415437028,-47.38046236689334,SPI091/270,4,L33
-23.4543780714047,-47.38272904406214,SPI091/270,5,L33
-23.44664319300328,-47.38674864549277,SPI091/270,6,L33
-23.59930000000001,-47.46010000000001,SPI103/079,1,L33
-23.59219999999999,-47.4542,SPI103/079,2,L33
-23.51895000000001,-46.92869999999998,SP029,32,L34
-23.52067690355842,-46.93313262994994,SP029,33,L34
-23.5345319757898,-46.93866213078746,SP029,35,L34
-23.54195555555557,-46.93669465731967,SP029,36,L34
-23.54612518167146,-46.93545011232909,SP029,37,L34
-23.5598548783851,-46.93193105414774,SP029,38,L34
-23.56677819296951,-46.92721036663142,SP029,39,L34
-23.5744878181224,-46.92317632463449,SP029,40,L34
-23.58230066545848,-46.92020768068563,SP029,41,L34
-23.59110335768704,-46.92043236250319,SP029,42,L34
-23.59936819832168,-46.91809308283624,SP029,43,L34
-23.60251382937081,-46.91859144560131,SP029,44,L34
-23.57359688778754,-46.71348175190751,SP270,10,L34
-23.57692727130172,-46.72251734662004,SP270,11,L34
-23.58062340588946,-46.729492761211,SP270,12,L34
-23.58468611111111,-46.7386986149482,SP270,13,L34
-23.58652543296343,-46.74911155052689,SP270,14,L34
-23.58624722588147,-46.75909323927882,SP270,15,L34
-23.58432934666947,-46.76836825238947,SP270,16,L34
-23.58345326900729,-46.77779828057051,SP270,17,L34
-23.58487393250288,-46.78707777777777,SP270,18,L34
-23.58966571905935,-46.7957294774065,SP270,19,L34
-23.59300277777778,-46.80497777777777,SP270,20,L34
-23.59053333333333,-46.81393442569592,SP270,21,L34
-23.59093367046324,-46.82259998369153,SP270,22,L34
-23.59100040440767,-46.83199373700886,SP270,23,L34
-23.59520555555556,-46.83956699549724,SP270,24,L34
-23.60000833333334,-46.84699444444444,SP270,25,L34
-23.59841666666666,-46.8559064191831,SP270,26,L34
-23.59619444444444,-46.8663638888889,SP270,27,L34
-23.59556666666666,-46.87563333333333,SP270,28,L34
-23.59985833333333,-46.88251388888889,SP270,29,L34
-23.59899166666667,-46.89204166666666,SP270,30,L34
-23.60040833333333,-46.90156817587724,SP270,31,L34
-23.60236388888889,-46.91125631570806,SP270,32,L34
-23.60338686853883,-46.92129850536001,SP270,33,L34
-23.60208333333333,-46.92658333333333,SP270,34,L34
-23.6026068176623,-46.9299908247628,SP270,34,L34
-23.52533376495909,-46.75029934015459,SP280,13,L34
-23.52332502265869,-46.75813877392015,SP280,14,L34
-23.52049182671748,-46.76751185820369,SP280,15,L34
-23.5203851118511,-46.77767514474946,SP280,16,L34
-23.51806348572919,-46.78722091553045,SP280,17,L34
-23.51457765710737,-46.79587902345735,SP280,18,L34
-23.51137943443458,-46.80539246040302,SP280,19,L34
-23.51025135987606,-46.81698024450223,SP280,20,L34
-23.50843295542538,-46.82499413868657,SP280,21,L34
-23.50703719399419,-46.83542231855189,SP280,22,L34
-23.50619102252922,-46.84513334364235,SP280,23,L34
-23.50527417516138,-46.85542089751245,SP280,24,L34
-23.50469338899897,-46.86397997974821,SP280,25,L34
-23.50488501481487,-46.87284361143244,SP280,26,L34
-23.50507392136394,-46.88263734909286,SP280,27,L34
-23.50600629136468,-46.89287250827968,SP280,28,L34
-23.50761573012433,-46.90232441754429,SP280,29,L34
-23.51032741476409,-46.91167494205902,SP280,30,L34
-23.51368026473579,-46.92094751309222,SP280,31,L34
-23.51674473334846,-46.93005988517769,SP280,32,L34
-23.51776135518271,-46.94033857489988,SP280,33,L34
-23.51905435254097,-46.94947181390561,SP280,34,L34
-23.51716863881798,-46.95891298856369,SP280,35,L34
-23.51258873537383,-46.96785359284074,SP280,36,L34
-23.50792284887153,-46.97540467446714,SP280,37,L34
-23.50116357888523,-46.98189446435691,SP280,38,L34
-23.49315998420383,-46.98615131305607,SP280,39,L34
-23.48599841811301,-46.99168718003899,SP280,40,L34
-23.47864803237785,-46.99759965129368,SP280,41,L34
-23.47322303502238,-47.00539233404332,SP280,42,L34
-23.46991071014043,-47.01501041476165,SP280,43,L34
-23.4667597679743,-47.0241180373799,SP280,44,L34
-23.46289016444236,-47.03280158031713,SP280,45,L34
-23.4605044381193,-47.04200578371378,SP280,46,L34
-23.45650868300979,-47.05077929527787,SP280,47,L34
-23.44987879147526,-47.05698520614489,SP280,48,L34
-23.44199685846232,-47.06277018763099,SP280,49,L34
-23.43705558031609,-47.07134226402316,SP280,50,L34
-23.43609945086473,-47.08086904251778,SP280,51,L34
-23.43598662085531,-47.09083979192958,SP280,52,L34
-23.43741208571913,-47.10036266897848,SP280,53,L34
-23.4392795436124,-47.1086904769971,SP280,54,L34
-23.53560481039666,-48.43823044100694,SP189,1,L35
-23.54102342931895,-48.44894347539783,SP189,2,L35
-23.54890401679618,-48.4488128435682,SP189,3,L35
-23.55850040634217,-48.45142603230457,SP189,4,L35
-23.56658097262813,-48.45282073878985,SP189,5,L35
-23.57422306210811,-48.45618124533522,SP189,6,L35
-23.58225206505315,-48.45738494998024,SP189,7,L35
-23.59114946890096,-48.45887010911029,SP189,8,L35
-23.59548018890769,-48.46752433390444,SP189,9,L35
-23.59393630543972,-48.47433454425246,SP189,10,L35
-23.5926172412554,-48.48390444978718,SP189,11,L35
-23.59174488374485,-48.49506670826139,SP189,12,L35
-23.59758707417669,-48.50332041510656,SP189,13,L35
-23.60574910864996,-48.50446916795457,SP189,14,L35
-23.61498052761254,-48.50274755194695,SP189,15,L35
-23.62419194142901,-48.50152493596603,SP189,16,L35
-23.6330914003117,-48.50024338168943,SP189,17,L35
-23.64202542,-48.49915,SP189,18,L35
-23.65017107222549,-48.49694892067406,SP189,19,L35
-23.65833000125404,-48.49532083791998,SP189,20,L35
-23.66491650525671,-48.48993537607812,SP189,21,L35
-23.67259411095554,-48.48420876423883,SP189,22,L35
-23.68071291137394,-48.48206994214534,SP189,23,L35
-23.68769131631786,-48.4869522885205,SP189,24,L35
-23.69470154055489,-48.49206811935311,SP189,25,L35
-23.70132070859308,-48.48781776431586,SP189,26,L35
-23.70787805290188,-48.48527825694238,SP189,27,L35
-23.71651100897324,-48.48138481206463,SP189,28,L35
-23.7247832281519,-48.48184479091166,SP189,29,L35
-23.72928979548334,-48.48958511710753,SP189,30,L35
-23.73339723640689,-48.49796721259702,SP189,31,L35
-23.73662134971419,-48.50674157794248,SP189,32,L35
-23.74395217798432,-48.51133171093772,SP189,33,L35
-23.75204299985463,-48.50755763472279,SP189,34,L35
-23.75990934433996,-48.511243966643,SP189,35,L35
-23.76534167120229,-48.5187338196778,SP189,36,L35
-23.76955,-48.52677,SP189,37,L35
-23.77207667,-48.53603999999999,SP189,38,L35
-23.77438452000001,-48.54566,SP189,39,L35
-23.77683906285323,-48.55489006028107,SP189,40,L35
-23.78212737232014,-48.56279785206946,SP189,41,L35
-23.78770071233956,-48.5709000608676,SP189,42,L35
-23.79430718784572,-48.57674798453498,SP189,43,L35
-23.79971542230503,-48.58474386940667,SP189,44,L35
-23.61588774053697,-48.08449596457141,SP270,169,L35
-23.6075557256117,-48.09212,SP270,170,L35
-23.60191702150017,-48.09701922289954,SP270,171,L35
-23.595823,-48.10141,SP270,172,L35
-23.58784691104316,-48.10891611754676,SP270,173,L35
-23.582033,-48.11593000000001,SP270,174,L35
-23.58207741022436,-48.12610598176312,SP270,175,L35
-23.582864,-48.13501,SP270,176,L35
-23.58386694790656,-48.1448309061163,SP270,177,L35
-23.58468459979346,-48.15429632485712,SP270,178,L35
-23.58184441008879,-48.16416642519633,SP270,179,L35
-23.57614813154244,-48.17183478285333,SP270,180,L35
-23.56919244303674,-48.17808875148781,SP270,181,L35
-23.565781,-48.18657,SP270,182,L35
-23.561958,-48.19548,SP270,183,L35
-23.55681679857951,-48.20279727397116,SP270,184,L35
-23.55270691250759,-48.2114698911549,SP270,185,L35
-23.55003513970787,-48.2216110892019,SP270,186,L35
-23.54891167431894,-48.2314461063531,SP270,187,L35
-23.54797299878556,-48.23999062748888,SP270,188,L35
-23.54661770477363,-48.24967824568178,SP270,189,L35
-23.54491230813119,-48.2595590924274,SP270,190,L35
-23.54520907130428,-48.26907325146977,SP270,191,L35
-23.54661303755674,-48.2789208019956,SP270,192,L35
-23.54761296983898,-48.28881670143659,SP270,193,L35
-23.54667922957609,-48.29865815601471,SP270,194,L35
-23.54561763948712,-48.30804315748451,SP270,195,L35
-23.54542084967263,-48.31763430727897,SP270,196,L35
-23.54403305134696,-48.32772902901454,SP270,197,L35
-23.53956955798079,-48.33579966821237,SP270,198,L35
-23.53295485424823,-48.34234054689569,SP270,199,L35
-23.5293043950554,-48.3515300743381,SP270,200,L35
-23.5285121768731,-48.36068009919617,SP270,201,L35
-23.52990505295335,-48.37044333330415,SP270,202,L35
-23.53132243659357,-48.37987154756566,SP270,203,L35
-23.53057327456512,-48.38999368956232,SP270,204,L35
-23.52805137872489,-48.39916577785823,SP270,205,L35
-23.52863288745087,-48.40847089911035,SP270,206,L35
-23.53302175046607,-48.41804224878949,SP270,207,L35
-23.53450615402926,-48.42731448696502,SP270,208,L35
-23.53300194274931,-48.4365395993515,SP270,209,L35
-23.53021713484847,-48.44660031174686,SP270,210,L35
-23.52784590454207,-48.45544917939798,SP270,211,L35
-23.5268780059695,-48.46499626291398,SP270,212,L35
-23.52632486219523,-48.47449056763394,SP270,213,L35
-23.52335599883089,-48.48409830470793,SP270,214,L35
-23.52090653746789,-48.49321571542711,SP270,215,L35
-23.51677781154481,-48.5019847039781,SP270,216,L35
-23.51121383076591,-48.50975640301723,SP270,217,L35
-23.50567148474919,-48.51744712850606,SP270,218,L35
-23.50365496882278,-48.52673455853292,SP270,219,L35
-23.50168070908474,-48.5367221262172,SP270,220,L35
-23.49795337610087,-48.54534350509751,SP270,221,L35
-23.49300098386589,-48.55364722056894,SP270,222,L35
-23.49005977634309,-48.56286768687103,SP270,223,L35
-23.48740033471872,-48.57280539620643,SP270,224,L35
-23.48575231816059,-48.58313179766282,SP270,225,L35
-23.4835616666667,-48.59352,SP270,226,L35
-23.48201831333606,-48.60359402400955,SP270,227,L35
-23.47993641359079,-48.61409242478726,SP270,228,L35
-23.47826746243487,-48.62379629146582,SP270,229,L35
-23.47655,-48.6333,SP270,230,L35
-23.4756183333333,-48.64327,SP270,231,L35
-23.47522203018069,-48.65297910764956,SP270,232,L35
-23.47521980532667,-48.66297358926134,SP270,233,L35
-23.4748729018201,-48.67250026045622,SP270,234,L35
-23.47478648705951,-48.68234260721238,SP270,235,L35
-23.474305,-48.69210999999999,SP270,236,L35
-23.47438753572252,-48.70181305746522,SP270,237,L35
-23.47407910564303,-48.70971852082572,SP270,238,L35
-23.47400211791673,-48.7212745990446,SP270,239,L35
-23.47384123836567,-48.73070112057243,SP270,240,L35
-23.47369233735916,-48.73766562259186,SP270,241,L35
-23.47342517267542,-48.74707640987855,SP270,242,L35
-23.47327887468137,-48.75688598937965,SP270,243,L35
-23.47306685392489,-48.76774382177451,SP270,244,L35
-23.46917851981857,-48.77630405653819,SP270,245,L35
-23.46343820008581,-48.78674543945112,SP270,246,L35
-23.45909811571079,-48.79530741331125,SP270,247,L35
-23.4559366666667,-48.80098,SP270,248,L35
-23.45169232217246,-48.80919197842932,SP270,249,L35
-23.44901565526571,-48.81866487131521,SP270,250,L35
-23.45113060171138,-48.82816380134975,SP270,251,L35
-23.45077021295711,-48.83740916065763,SP270,252,L35
-23.4446200355887,-48.84467,SP270,253,L35
-23.44097164903015,-48.8529965364509,SP270,254,L35
-23.43678084679737,-48.86079533031221,SP270,255,L35
-23.43004630663403,-48.86641251356119,SP270,256,L35
-23.42447534331237,-48.87367259932124,SP270,257,L35
-23.41812958,-48.88132,SP270,258,L35
-23.41215177145468,-48.88867524098808,SP270,259,L35
-23.40630258974259,-48.89532225283078,SP270,260,L35
-23.4001079807058,-48.90270000000001,SP270,261,L35
-23.3934918832076,-48.91020452926065,SP270,262,L35
-23.38997223585612,-48.91914512342179,SP270,263,L35
-23.3834330717102,-48.92567496568158,SP270,264,L35
-23.38109501890439,-48.93481882076313,SP270,265,L35
-23.38215638574394,-48.94806339270601,SP270,266,L35
-23.3827868197113,-48.95847999999999,SP270,267,L35
-23.3830698346719,-48.96863,SP270,268,L35
-23.37992090325942,-48.97781666408758,SP270,269,L35
-23.3778867172077,-48.98262,SP270,270,L35
-23.37453744234616,-48.99172585186928,SP270,271,L35
-23.37107406712101,-49.00018359349941,SP270,272,L35
-23.3666374487802,-49.00928,SP270,273,L35
-23.36097416528816,-49.01683795655094,SP270,274,L35
-23.35543248181065,-49.02461201610258,SP270,275,L35
-23.34974752592528,-49.03217362989487,SP270,276,L35
-23.344271723181,-49.03998,SP270,277,L35
-23.33871915205106,-49.04730490428893,SP270,278,L35
-23.333393605426,-49.05535,SP270,279,L35
-23.32970611213717,-49.06453974527908,SP270,280,L35
-23.3260363060981,-49.07438,SP270,281,L35
-23.32275614813165,-49.08246003881814,SP270,282,L35
-23.3194168918301,-49.0915454591395,SP270,283,L35
-23.31578439851982,-49.10048612735859,SP270,284,L35
-23.31241872608819,-49.1097141284173,SP270,285,L35
-23.30892866311722,-49.11856356470716,SP270,286,L35
-23.30532928460013,-49.12753937473785,SP270,287,L35
-23.3019139850512,-49.13656,SP270,288,L35
-23.2972686314065,-49.14496573502404,SP270,289,L35
-23.29229860259072,-49.1531463962588,SP270,290,L35
-23.28791619126391,-49.16166091732343,SP270,291,L35
-23.2846061093733,-49.17138000000001,SP270,292,L35
-23.2818360161036,-49.18008,SP270,293,L35
-23.27879176395988,-49.18940682221364,SP270,294,L35
-23.27987544889501,-49.19831625071735,SP270,295,L35
-23.28454525572103,-49.20685713156067,SP270,296,L35
-23.28522470285805,-49.21669137672477,SP270,297,L35
-23.2835178,-49.22614,SP270,298,L35
-23.28191270786413,-49.23583111018486,SP270,299,L35
-23.2771309,-49.24408,SP270,300,L35
-23.2714782,-49.25174999999999,SP270,301,L35
-23.27229748832715,-49.26112420334215,SP270,302,L35
-23.27153091389241,-49.27088100312903,SP270,303,L35
-23.26888132979202,-49.28008077984951,SP270,304,L35
-23.2644248,-49.28865,SP270,305,L35
-23.2598741,-49.29731,SP270,306,L35
-23.25395656866134,-49.30473206615402,SP270,307,L35
-23.24754695875044,-49.31151978174785,SP270,308,L35
-23.24131843481359,-49.31818955765038,SP270,309,L35
-23.23661086963737,-49.32673971784403,SP270,310,L35
-23.23480817865958,-49.33634611097247,SP270,311,L35
-23.22928007931012,-49.34403135701033,SP270,312,L35
-23.22235075317151,-49.35019382622641,SP270,313,L35
-23.21347566940878,-49.34968830824521,SP270,314,L35
-23.20448815680662,-49.34857971935628,SP270,315,L35
-23.19561489019899,-49.35044632665264,SP270,316,L35
-23.18656492139428,-49.35155835410685,SP270,317,L35
-23.1811283012156,-49.3588440227756,SP270,318,L35
-23.1768279,-49.36685,SP270,319,L35
-23.16969119014545,-49.3726160072999,SP270,320,L35
-23.1623761,-49.37849,SP270,321,L35
-23.15574326081682,-49.38532139785514,SP270,322,L35
-23.14960736782335,-49.39260395059672,SP270,323,L35
-23.14366085366169,-49.3998008193829,SP270,324,L35
-23.1415966497698,-49.40925894837276,SP270,325,L35
-23.13942167828825,-49.41886797396483,SP270,326,L35
-23.1363993,-49.42786,SP270,327,L35
-23.13287003861386,-49.43678173450077,SP270,328,L35
-23.12722489738687,-49.44454012883805,SP270,329,L35
-23.1211585,-49.45204,SP270,330,L35
-23.115518,-49.45909000000001,SP270,331,L35
-23.11069879014136,-49.46752740578377,SP270,332,L35
-23.1071071441956,-49.47623602224161,SP270,333,L35
-23.10327046365123,-49.48557738346824,SP270,334,L35
-23.09956832231236,-49.49456522630867,SP270,335,L35
-23.09586677996317,-49.50337567220569,SP270,336,L35
-23.09198760083864,-49.51255496149953,SP270,337,L35
-23.0884825,-49.52141,SP270,338,L35
-23.0864456,-49.53059,SP270,339,L35
-23.084037,-49.54032,SP270,340,L35
-23.081867,-49.54999,SP270,341,L35
-23.0796227,-49.56077,SP270,342,L35
-23.07738018720403,-49.57029034841307,SP270,343,L35
-23.0754201,-49.57964999999999,SP270,344,L35
-23.0734267,-49.58871000000001,SP270,345,L35
-23.0713501136363,-49.59863764452926,SP270,346,L35
-23.069277,-49.60735,SP270,347,L35
-23.067062,-49.61677999999999,SP270,348,L35
-23.06513645214087,-49.62609743889422,SP270,349,L35
-23.0627072161943,-49.63589690722688,SP270,350,L35
-23.06079316938465,-49.64557608433461,SP270,351,L35
-23.05865199947106,-49.6552087461305,SP270,352,L35
-23.05635886206405,-49.66460473536565,SP270,353,L35
-23.0544652,-49.67408,SP270,354,L35
-23.05236291261348,-49.68354344726234,SP270,355,L35
-23.05029188295638,-49.69304900332082,SP270,356,L35
-23.0454715,-49.71322,SP270,358,L35
-23.0423547,-49.72184,SP270,359,L35
-23.0379212,-49.73038,SP270,360,L35
-23.0334824,-49.73888,SP270,361,L35
-23.0294811,-49.74654,SP270,362,L35
-23.02469374777272,-49.75563771585128,SP270,363,L35
-23.0202321,-49.76424,SP270,364,L35
-23.01569421522034,-49.7721920696445,SP270,365,L35
-23.01178919821534,-49.78129116214171,SP270,366,L35
-23.01100777722185,-49.79142058428421,SP270,367,L35
-23.010941,-49.80050000000001,SP270,368,L35
-23.01023726503356,-49.81071605285712,SP270,369,L35
-23.00849995862961,-49.81965064991265,SP270,370,L35
-23.003835,-49.828,SP270,371,L35
-22.99383397153077,-49.84559715955491,SP270,373,L35
-22.98913255740153,-49.85392279714625,SP270,374,L35
-22.9810995,-49.85769,SP270,375,L35
-22.97265009430327,-49.8614132252619,SP270,376,L35
-22.96482451085435,-49.865924093314,SP270,377,L35
-22.957521,-49.87177,SP270,378,L35
-22.9504939,-49.87805,SP270,379,L35
-22.94338070094301,-49.88401261287898,SP270,380,L35
-22.935758,-49.88859999999999,SP270,381,L35
-22.99394264199938,-49.84599819421651,SP278,373,L35
-22.99653326508137,-49.85493313792918,SP278,374,L35
-22.99991333017141,-49.86394217493917,SP278,375,L35
-23.00262638319064,-49.87265690055807,SP278,376,L35
-23.0058918903481,-49.8816864928138,SP278,377,L35
-23.0087741777599,-49.89077324260031,SP278,378,L35
-23.01236471162743,-49.90053296260508,SP278,379,L35
-23.21897090771173,-49.35851802561497,SP312/270,1,L35
-23.21187351794099,-49.36700777758445,SP312/270,2,L35
-23.52349657884149,-48.39683884964839,SPA204/270,1,L35
-23.51449606598671,-48.39997760618877,SPA204/270,2,L35
-23.46022731822635,-48.77466607981209,SPA245/270,1,L35
-23.45141967268447,-48.77271139909384,SPA245/270,2,L35
-23.44237429903543,-48.77093755699292,SPA245/270,3,L35
-23.43539275576258,-48.76638945268016,SPA245/270,4,L35
-23.42918369393918,-48.75912679649359,SPA245/270,5,L35
-23.42119297124083,-48.75514819245159,SPA245/270,6,L35
-23.412403059192,-48.75764,SPA245/270,7,L35
-23.40428436769124,-48.75294401830334,SPA245/270,8,L35
-23.3982452284545,-48.74449,SPA245/270,9,L35
-23.39734030366413,-48.73651243260579,SPA245/270,10,L35
-23.3925115456805,-48.72819,SPA245/270,11,L35
-23.20795959093715,-49.37307097703966,SPA312/270,2,L35
-23.1477506149389,-49.41124270862294,SPA326/270,1,L35
-23.155786,-49.40545500000001,SPA326/270,2,L35
-23.16113777321099,-49.39717022867229,SPA326/270,3,L35
-23.16684982677381,-49.3928079962584,SPA326/270,4,L35
-23.17402104854489,-49.38738706945602,SPA326/270,5,L35
